--------------------------------------------------------
--  Datei erstellt -Dienstag-April-16-2019   
--------------------------------------------------------
REM INSERTING into FLIGHT_DEV.ADR_ADDRESS
SET DEFINE OFF;
Insert into FLIGHT_DEV.ADR_ADDRESS (PK_ADR_ADDRESS,FK_MDT_MANDANT,STREET,STREET_NO,ZIP_CODE,FK_ADR_CITY) values ('1','1','Derchinger Straße','9','86444','5');
REM INSERTING into FLIGHT_DEV.ADR_CITY
SET DEFINE OFF;
Insert into FLIGHT_DEV.ADR_CITY (PK_ADR_CITY,CITY,FK_ADR_COUNTRY) values ('1','Augsburg','1');
Insert into FLIGHT_DEV.ADR_CITY (PK_ADR_CITY,CITY,FK_ADR_COUNTRY) values ('2','München','1');
Insert into FLIGHT_DEV.ADR_CITY (PK_ADR_CITY,CITY,FK_ADR_COUNTRY) values ('3','Hamburg','1');
Insert into FLIGHT_DEV.ADR_CITY (PK_ADR_CITY,CITY,FK_ADR_COUNTRY) values ('4','Berlin','1');
Insert into FLIGHT_DEV.ADR_CITY (PK_ADR_CITY,CITY,FK_ADR_COUNTRY) values ('5','Bergen','1');
REM INSERTING into FLIGHT_DEV.ADR_COUNTRY
SET DEFINE OFF;
Insert into FLIGHT_DEV.ADR_COUNTRY (PK_ADR_COUNTRY,COUNTRY,PHONE_CODE) values ('8','Switzerland',null);
Insert into FLIGHT_DEV.ADR_COUNTRY (PK_ADR_COUNTRY,COUNTRY,PHONE_CODE) values ('7','Austria','+43');
Insert into FLIGHT_DEV.ADR_COUNTRY (PK_ADR_COUNTRY,COUNTRY,PHONE_CODE) values ('1','Germany','+49');
Insert into FLIGHT_DEV.ADR_COUNTRY (PK_ADR_COUNTRY,COUNTRY,PHONE_CODE) values ('2','France',null);
Insert into FLIGHT_DEV.ADR_COUNTRY (PK_ADR_COUNTRY,COUNTRY,PHONE_CODE) values ('3','Niger',null);
Insert into FLIGHT_DEV.ADR_COUNTRY (PK_ADR_COUNTRY,COUNTRY,PHONE_CODE) values ('4','Sudan',null);
Insert into FLIGHT_DEV.ADR_COUNTRY (PK_ADR_COUNTRY,COUNTRY,PHONE_CODE) values ('5','Australia',null);
Insert into FLIGHT_DEV.ADR_COUNTRY (PK_ADR_COUNTRY,COUNTRY,PHONE_CODE) values ('6','USA','+1');
REM INSERTING into FLIGHT_DEV.APL_MAINT
SET DEFINE OFF;
REM INSERTING into FLIGHT_DEV.APL_MAINT_PROGR
SET DEFINE OFF;
Insert into FLIGHT_DEV.APL_MAINT_PROGR (PK_APL_MAINT_PROGR,FK_MDT_MANDANT,MAINT_PROGR) values ('1','1','50-100-50-200');
Insert into FLIGHT_DEV.APL_MAINT_PROGR (PK_APL_MAINT_PROGR,FK_MDT_MANDANT,MAINT_PROGR) values ('2','1','50-100-50-200-50-100-50-400');
REM INSERTING into FLIGHT_DEV.APL_PLANE
SET DEFINE OFF;
Insert into FLIGHT_DEV.APL_PLANE (PK_APL_PLANE,FK_MDT_MANDANT,PLANE_NO,DESCRIPTION,FK_APL_ENGINE_TYPE,CABIN_OV_13000_FT,BORD_00,BOARDING_OPPORTUNITY,CRUISING_SPEED_HG_20000_FT,CRUISING_SPEED_UNIT,WEIGHT_KERB_KG,WEIGHT_TAKEOFF_MAX_KG,PERMITTED_LOAD_KG,CNT_PASSENGERS_MAX,FUEL_TANK_SIZE_L,CONSUMPTION_L,RANGE_AVERAGE_FT,DIST_TAKE_OFF_FT,DIST_LANDING_FT,FK_APL_MAINT_PROGR,FK_APL_PLANE_MODELL,IMG_SRC) values ('1','1','D-EFLF',null,null,null,'0,1',null,null,null,null,null,null,null,null,null,null,null,null,'1','1','#WORKSPACE_IMAGES#images/1');
Insert into FLIGHT_DEV.APL_PLANE (PK_APL_PLANE,FK_MDT_MANDANT,PLANE_NO,DESCRIPTION,FK_APL_ENGINE_TYPE,CABIN_OV_13000_FT,BORD_00,BOARDING_OPPORTUNITY,CRUISING_SPEED_HG_20000_FT,CRUISING_SPEED_UNIT,WEIGHT_KERB_KG,WEIGHT_TAKEOFF_MAX_KG,PERMITTED_LOAD_KG,CNT_PASSENGERS_MAX,FUEL_TANK_SIZE_L,CONSUMPTION_L,RANGE_AVERAGE_FT,DIST_TAKE_OFF_FT,DIST_LANDING_FT,FK_APL_MAINT_PROGR,FK_APL_PLANE_MODELL,IMG_SRC) values ('2','1','D-EOYS',null,null,null,'0,3',null,null,null,null,null,null,null,null,null,null,null,null,'1','1','#WORKSPACE_IMAGES#images/2');
Insert into FLIGHT_DEV.APL_PLANE (PK_APL_PLANE,FK_MDT_MANDANT,PLANE_NO,DESCRIPTION,FK_APL_ENGINE_TYPE,CABIN_OV_13000_FT,BORD_00,BOARDING_OPPORTUNITY,CRUISING_SPEED_HG_20000_FT,CRUISING_SPEED_UNIT,WEIGHT_KERB_KG,WEIGHT_TAKEOFF_MAX_KG,PERMITTED_LOAD_KG,CNT_PASSENGERS_MAX,FUEL_TANK_SIZE_L,CONSUMPTION_L,RANGE_AVERAGE_FT,DIST_TAKE_OFF_FT,DIST_LANDING_FT,FK_APL_MAINT_PROGR,FK_APL_PLANE_MODELL,IMG_SRC) values ('3','1','D-ECEW',null,null,null,'0,3',null,null,null,null,null,null,null,null,null,null,null,null,'1','2','#WORKSPACE_IMAGES#images/3');
Insert into FLIGHT_DEV.APL_PLANE (PK_APL_PLANE,FK_MDT_MANDANT,PLANE_NO,DESCRIPTION,FK_APL_ENGINE_TYPE,CABIN_OV_13000_FT,BORD_00,BOARDING_OPPORTUNITY,CRUISING_SPEED_HG_20000_FT,CRUISING_SPEED_UNIT,WEIGHT_KERB_KG,WEIGHT_TAKEOFF_MAX_KG,PERMITTED_LOAD_KG,CNT_PASSENGERS_MAX,FUEL_TANK_SIZE_L,CONSUMPTION_L,RANGE_AVERAGE_FT,DIST_TAKE_OFF_FT,DIST_LANDING_FT,FK_APL_MAINT_PROGR,FK_APL_PLANE_MODELL,IMG_SRC) values ('4','1','D-EWYS',null,null,null,'0,3',null,null,null,null,null,null,null,null,null,null,null,null,'2','3','#WORKSPACE_IMAGES#images/4');
REM INSERTING into FLIGHT_DEV.APL_PLANE_MODELL
SET DEFINE OFF;
Insert into FLIGHT_DEV.APL_PLANE_MODELL (PK_APL_PLANE_MODELL,FK_MDT_MANDANT,MODELL_NO,FK_APL_PLANE_TYPE) values ('1','1','C-172','1');
Insert into FLIGHT_DEV.APL_PLANE_MODELL (PK_APL_PLANE_MODELL,FK_MDT_MANDANT,MODELL_NO,FK_APL_PLANE_TYPE) values ('2','1','C-150','1');
Insert into FLIGHT_DEV.APL_PLANE_MODELL (PK_APL_PLANE_MODELL,FK_MDT_MANDANT,MODELL_NO,FK_APL_PLANE_TYPE) values ('3','1','PA-28','2');
REM INSERTING into FLIGHT_DEV.APL_PLANE_TYPE
SET DEFINE OFF;
Insert into FLIGHT_DEV.APL_PLANE_TYPE (PK_APL_PLANE_TYPE,FK_MDT_MANDANT,PLANE_TYPE) values ('1','1','Piper');
Insert into FLIGHT_DEV.APL_PLANE_TYPE (PK_APL_PLANE_TYPE,FK_MDT_MANDANT,PLANE_TYPE) values ('2','1','Cessna');
REM INSERTING into FLIGHT_DEV.ARP_AIRPORT
SET DEFINE OFF;
Insert into FLIGHT_DEV.ARP_AIRPORT (PK_ARP_AIRPORT,AIRPORT,DESCRIPTION,FK_ADR_COUNTRY) values ('1','EDMA','Augsburg','1');
Insert into FLIGHT_DEV.ARP_AIRPORT (PK_ARP_AIRPORT,AIRPORT,DESCRIPTION,FK_ADR_COUNTRY) values ('2','EDAB',null,null);
Insert into FLIGHT_DEV.ARP_AIRPORT (PK_ARP_AIRPORT,AIRPORT,DESCRIPTION,FK_ADR_COUNTRY) values ('3','EDAZ',null,null);
Insert into FLIGHT_DEV.ARP_AIRPORT (PK_ARP_AIRPORT,AIRPORT,DESCRIPTION,FK_ADR_COUNTRY) values ('4','EDBT',null,null);
Insert into FLIGHT_DEV.ARP_AIRPORT (PK_ARP_AIRPORT,AIRPORT,DESCRIPTION,FK_ADR_COUNTRY) values ('5','EDCJ',null,null);
Insert into FLIGHT_DEV.ARP_AIRPORT (PK_ARP_AIRPORT,AIRPORT,DESCRIPTION,FK_ADR_COUNTRY) values ('6','EDCO',null,null);
Insert into FLIGHT_DEV.ARP_AIRPORT (PK_ARP_AIRPORT,AIRPORT,DESCRIPTION,FK_ADR_COUNTRY) values ('7','EDDR',null,null);
Insert into FLIGHT_DEV.ARP_AIRPORT (PK_ARP_AIRPORT,AIRPORT,DESCRIPTION,FK_ADR_COUNTRY) values ('8','EDDV',null,null);
Insert into FLIGHT_DEV.ARP_AIRPORT (PK_ARP_AIRPORT,AIRPORT,DESCRIPTION,FK_ADR_COUNTRY) values ('9','EDFB',null,null);
Insert into FLIGHT_DEV.ARP_AIRPORT (PK_ARP_AIRPORT,AIRPORT,DESCRIPTION,FK_ADR_COUNTRY) values ('10','EDFN',null,null);
Insert into FLIGHT_DEV.ARP_AIRPORT (PK_ARP_AIRPORT,AIRPORT,DESCRIPTION,FK_ADR_COUNTRY) values ('11','EDGM',null,null);
Insert into FLIGHT_DEV.ARP_AIRPORT (PK_ARP_AIRPORT,AIRPORT,DESCRIPTION,FK_ADR_COUNTRY) values ('12','EDGS',null,null);
Insert into FLIGHT_DEV.ARP_AIRPORT (PK_ARP_AIRPORT,AIRPORT,DESCRIPTION,FK_ADR_COUNTRY) values ('13','EDJA',null,null);
Insert into FLIGHT_DEV.ARP_AIRPORT (PK_ARP_AIRPORT,AIRPORT,DESCRIPTION,FK_ADR_COUNTRY) values ('14','EDKB',null,null);
Insert into FLIGHT_DEV.ARP_AIRPORT (PK_ARP_AIRPORT,AIRPORT,DESCRIPTION,FK_ADR_COUNTRY) values ('15','EDLE',null,null);
Insert into FLIGHT_DEV.ARP_AIRPORT (PK_ARP_AIRPORT,AIRPORT,DESCRIPTION,FK_ADR_COUNTRY) values ('17','EDMB',null,null);
Insert into FLIGHT_DEV.ARP_AIRPORT (PK_ARP_AIRPORT,AIRPORT,DESCRIPTION,FK_ADR_COUNTRY) values ('18','EDME',null,null);
Insert into FLIGHT_DEV.ARP_AIRPORT (PK_ARP_AIRPORT,AIRPORT,DESCRIPTION,FK_ADR_COUNTRY) values ('19','EDMK',null,null);
Insert into FLIGHT_DEV.ARP_AIRPORT (PK_ARP_AIRPORT,AIRPORT,DESCRIPTION,FK_ADR_COUNTRY) values ('20','EDML',null,null);
Insert into FLIGHT_DEV.ARP_AIRPORT (PK_ARP_AIRPORT,AIRPORT,DESCRIPTION,FK_ADR_COUNTRY) values ('21','EDMO',null,null);
Insert into FLIGHT_DEV.ARP_AIRPORT (PK_ARP_AIRPORT,AIRPORT,DESCRIPTION,FK_ADR_COUNTRY) values ('22','EDMQ',null,null);
Insert into FLIGHT_DEV.ARP_AIRPORT (PK_ARP_AIRPORT,AIRPORT,DESCRIPTION,FK_ADR_COUNTRY) values ('23','EDMS',null,null);
Insert into FLIGHT_DEV.ARP_AIRPORT (PK_ARP_AIRPORT,AIRPORT,DESCRIPTION,FK_ADR_COUNTRY) values ('24','EDMT',null,null);
Insert into FLIGHT_DEV.ARP_AIRPORT (PK_ARP_AIRPORT,AIRPORT,DESCRIPTION,FK_ADR_COUNTRY) values ('25','EDMV',null,null);
Insert into FLIGHT_DEV.ARP_AIRPORT (PK_ARP_AIRPORT,AIRPORT,DESCRIPTION,FK_ADR_COUNTRY) values ('26','EDMY',null,null);
Insert into FLIGHT_DEV.ARP_AIRPORT (PK_ARP_AIRPORT,AIRPORT,DESCRIPTION,FK_ADR_COUNTRY) values ('27','EDNB',null,null);
Insert into FLIGHT_DEV.ARP_AIRPORT (PK_ARP_AIRPORT,AIRPORT,DESCRIPTION,FK_ADR_COUNTRY) values ('28','EDNH',null,null);
Insert into FLIGHT_DEV.ARP_AIRPORT (PK_ARP_AIRPORT,AIRPORT,DESCRIPTION,FK_ADR_COUNTRY) values ('29','EDNK',null,null);
Insert into FLIGHT_DEV.ARP_AIRPORT (PK_ARP_AIRPORT,AIRPORT,DESCRIPTION,FK_ADR_COUNTRY) values ('30','EDNL',null,null);
Insert into FLIGHT_DEV.ARP_AIRPORT (PK_ARP_AIRPORT,AIRPORT,DESCRIPTION,FK_ADR_COUNTRY) values ('31','EDNO',null,null);
Insert into FLIGHT_DEV.ARP_AIRPORT (PK_ARP_AIRPORT,AIRPORT,DESCRIPTION,FK_ADR_COUNTRY) values ('32','EDNQ',null,null);
Insert into FLIGHT_DEV.ARP_AIRPORT (PK_ARP_AIRPORT,AIRPORT,DESCRIPTION,FK_ADR_COUNTRY) values ('33','EDNY',null,null);
Insert into FLIGHT_DEV.ARP_AIRPORT (PK_ARP_AIRPORT,AIRPORT,DESCRIPTION,FK_ADR_COUNTRY) values ('34','EDPA',null,null);
Insert into FLIGHT_DEV.ARP_AIRPORT (PK_ARP_AIRPORT,AIRPORT,DESCRIPTION,FK_ADR_COUNTRY) values ('35','EDPA 1',null,null);
Insert into FLIGHT_DEV.ARP_AIRPORT (PK_ARP_AIRPORT,AIRPORT,DESCRIPTION,FK_ADR_COUNTRY) values ('36','EDQC',null,null);
Insert into FLIGHT_DEV.ARP_AIRPORT (PK_ARP_AIRPORT,AIRPORT,DESCRIPTION,FK_ADR_COUNTRY) values ('37','EDRK',null,null);
Insert into FLIGHT_DEV.ARP_AIRPORT (PK_ARP_AIRPORT,AIRPORT,DESCRIPTION,FK_ADR_COUNTRY) values ('38','EDRY',null,null);
Insert into FLIGHT_DEV.ARP_AIRPORT (PK_ARP_AIRPORT,AIRPORT,DESCRIPTION,FK_ADR_COUNTRY) values ('39','EDRZ',null,null);
Insert into FLIGHT_DEV.ARP_AIRPORT (PK_ARP_AIRPORT,AIRPORT,DESCRIPTION,FK_ADR_COUNTRY) values ('40','EDSB',null,null);
Insert into FLIGHT_DEV.ARP_AIRPORT (PK_ARP_AIRPORT,AIRPORT,DESCRIPTION,FK_ADR_COUNTRY) values ('41','EDSZ',null,null);
Insert into FLIGHT_DEV.ARP_AIRPORT (PK_ARP_AIRPORT,AIRPORT,DESCRIPTION,FK_ADR_COUNTRY) values ('42','EDTD',null,null);
Insert into FLIGHT_DEV.ARP_AIRPORT (PK_ARP_AIRPORT,AIRPORT,DESCRIPTION,FK_ADR_COUNTRY) values ('43','EDTF',null,null);
Insert into FLIGHT_DEV.ARP_AIRPORT (PK_ARP_AIRPORT,AIRPORT,DESCRIPTION,FK_ADR_COUNTRY) values ('44','EDTH',null,null);
Insert into FLIGHT_DEV.ARP_AIRPORT (PK_ARP_AIRPORT,AIRPORT,DESCRIPTION,FK_ADR_COUNTRY) values ('45','EDTM',null,null);
Insert into FLIGHT_DEV.ARP_AIRPORT (PK_ARP_AIRPORT,AIRPORT,DESCRIPTION,FK_ADR_COUNTRY) values ('46','EDTY',null,null);
Insert into FLIGHT_DEV.ARP_AIRPORT (PK_ARP_AIRPORT,AIRPORT,DESCRIPTION,FK_ADR_COUNTRY) values ('47','EDTZ',null,null);
Insert into FLIGHT_DEV.ARP_AIRPORT (PK_ARP_AIRPORT,AIRPORT,DESCRIPTION,FK_ADR_COUNTRY) values ('48','EDVK',null,null);
Insert into FLIGHT_DEV.ARP_AIRPORT (PK_ARP_AIRPORT,AIRPORT,DESCRIPTION,FK_ADR_COUNTRY) values ('49','EDWG',null,null);
Insert into FLIGHT_DEV.ARP_AIRPORT (PK_ARP_AIRPORT,AIRPORT,DESCRIPTION,FK_ADR_COUNTRY) values ('50','EDXN',null,null);
Insert into FLIGHT_DEV.ARP_AIRPORT (PK_ARP_AIRPORT,AIRPORT,DESCRIPTION,FK_ADR_COUNTRY) values ('51','EDXW',null,null);
Insert into FLIGHT_DEV.ARP_AIRPORT (PK_ARP_AIRPORT,AIRPORT,DESCRIPTION,FK_ADR_COUNTRY) values ('52','EDXZ',null,null);
Insert into FLIGHT_DEV.ARP_AIRPORT (PK_ARP_AIRPORT,AIRPORT,DESCRIPTION,FK_ADR_COUNTRY) values ('53','EPKE',null,null);
Insert into FLIGHT_DEV.ARP_AIRPORT (PK_ARP_AIRPORT,AIRPORT,DESCRIPTION,FK_ADR_COUNTRY) values ('54','EPWR',null,null);
Insert into FLIGHT_DEV.ARP_AIRPORT (PK_ARP_AIRPORT,AIRPORT,DESCRIPTION,FK_ADR_COUNTRY) values ('55','ETMN',null,null);
Insert into FLIGHT_DEV.ARP_AIRPORT (PK_ARP_AIRPORT,AIRPORT,DESCRIPTION,FK_ADR_COUNTRY) values ('56','ETPA',null,null);
Insert into FLIGHT_DEV.ARP_AIRPORT (PK_ARP_AIRPORT,AIRPORT,DESCRIPTION,FK_ADR_COUNTRY) values ('57','ETSN',null,null);
Insert into FLIGHT_DEV.ARP_AIRPORT (PK_ARP_AIRPORT,AIRPORT,DESCRIPTION,FK_ADR_COUNTRY) values ('58','LDDU',null,null);
Insert into FLIGHT_DEV.ARP_AIRPORT (PK_ARP_AIRPORT,AIRPORT,DESCRIPTION,FK_ADR_COUNTRY) values ('59','LDLO',null,null);
Insert into FLIGHT_DEV.ARP_AIRPORT (PK_ARP_AIRPORT,AIRPORT,DESCRIPTION,FK_ADR_COUNTRY) values ('60','LESO',null,null);
Insert into FLIGHT_DEV.ARP_AIRPORT (PK_ARP_AIRPORT,AIRPORT,DESCRIPTION,FK_ADR_COUNTRY) values ('61','LESU',null,null);
Insert into FLIGHT_DEV.ARP_AIRPORT (PK_ARP_AIRPORT,AIRPORT,DESCRIPTION,FK_ADR_COUNTRY) values ('62','LFGZ',null,null);
Insert into FLIGHT_DEV.ARP_AIRPORT (PK_ARP_AIRPORT,AIRPORT,DESCRIPTION,FK_ADR_COUNTRY) values ('63','LFLP',null,null);
Insert into FLIGHT_DEV.ARP_AIRPORT (PK_ARP_AIRPORT,AIRPORT,DESCRIPTION,FK_ADR_COUNTRY) values ('64','LFMD',null,null);
Insert into FLIGHT_DEV.ARP_AIRPORT (PK_ARP_AIRPORT,AIRPORT,DESCRIPTION,FK_ADR_COUNTRY) values ('65','LFML',null,null);
Insert into FLIGHT_DEV.ARP_AIRPORT (PK_ARP_AIRPORT,AIRPORT,DESCRIPTION,FK_ADR_COUNTRY) values ('66','LFSD',null,null);
Insert into FLIGHT_DEV.ARP_AIRPORT (PK_ARP_AIRPORT,AIRPORT,DESCRIPTION,FK_ADR_COUNTRY) values ('67','LIDB',null,null);
Insert into FLIGHT_DEV.ARP_AIRPORT (PK_ARP_AIRPORT,AIRPORT,DESCRIPTION,FK_ADR_COUNTRY) values ('68','LIDF',null,null);
Insert into FLIGHT_DEV.ARP_AIRPORT (PK_ARP_AIRPORT,AIRPORT,DESCRIPTION,FK_ADR_COUNTRY) values ('69','LIDT',null,null);
Insert into FLIGHT_DEV.ARP_AIRPORT (PK_ARP_AIRPORT,AIRPORT,DESCRIPTION,FK_ADR_COUNTRY) values ('70','LIDU',null,null);
Insert into FLIGHT_DEV.ARP_AIRPORT (PK_ARP_AIRPORT,AIRPORT,DESCRIPTION,FK_ADR_COUNTRY) values ('71','LIPB',null,null);
Insert into FLIGHT_DEV.ARP_AIRPORT (PK_ARP_AIRPORT,AIRPORT,DESCRIPTION,FK_ADR_COUNTRY) values ('72','LIPN',null,null);
Insert into FLIGHT_DEV.ARP_AIRPORT (PK_ARP_AIRPORT,AIRPORT,DESCRIPTION,FK_ADR_COUNTRY) values ('73','LIPV',null,null);
Insert into FLIGHT_DEV.ARP_AIRPORT (PK_ARP_AIRPORT,AIRPORT,DESCRIPTION,FK_ADR_COUNTRY) values ('74','LKCS',null,null);
Insert into FLIGHT_DEV.ARP_AIRPORT (PK_ARP_AIRPORT,AIRPORT,DESCRIPTION,FK_ADR_COUNTRY) values ('75','LKJH',null,null);
Insert into FLIGHT_DEV.ARP_AIRPORT (PK_ARP_AIRPORT,AIRPORT,DESCRIPTION,FK_ADR_COUNTRY) values ('76','LKPS',null,null);
Insert into FLIGHT_DEV.ARP_AIRPORT (PK_ARP_AIRPORT,AIRPORT,DESCRIPTION,FK_ADR_COUNTRY) values ('77','LOAU',null,null);
Insert into FLIGHT_DEV.ARP_AIRPORT (PK_ARP_AIRPORT,AIRPORT,DESCRIPTION,FK_ADR_COUNTRY) values ('78','LOIJ',null,null);
Insert into FLIGHT_DEV.ARP_AIRPORT (PK_ARP_AIRPORT,AIRPORT,DESCRIPTION,FK_ADR_COUNTRY) values ('79','LOLK',null,null);
Insert into FLIGHT_DEV.ARP_AIRPORT (PK_ARP_AIRPORT,AIRPORT,DESCRIPTION,FK_ADR_COUNTRY) values ('80','LOWS',null,null);
Insert into FLIGHT_DEV.ARP_AIRPORT (PK_ARP_AIRPORT,AIRPORT,DESCRIPTION,FK_ADR_COUNTRY) values ('81','LOWZ',null,null);
Insert into FLIGHT_DEV.ARP_AIRPORT (PK_ARP_AIRPORT,AIRPORT,DESCRIPTION,FK_ADR_COUNTRY) values ('82','LSZR',null,null);
REM INSERTING into FLIGHT_DEV.BAK_BANKACCOUNT
SET DEFINE OFF;
REM INSERTING into FLIGHT_DEV.BAK_BANKACCOUNT_TYPE
SET DEFINE OFF;
REM INSERTING into FLIGHT_DEV.BAS_BASIC
SET DEFINE OFF;
Insert into FLIGHT_DEV.BAS_BASIC (PK_BAS_BASIC,FK_MDT_MANDANT,FK_BAS_BASIC_GRP,BASIC_NAME_DE,BASIC_VALUE,BASIC_NAME_EN,XML) values ('8','1','30','{Text:Keine Angabe;Bedingung:keine;Einheit:keine;Farbe;Farbcode}','0',null,null);
Insert into FLIGHT_DEV.BAS_BASIC (PK_BAS_BASIC,FK_MDT_MANDANT,FK_BAS_BASIC_GRP,BASIC_NAME_DE,BASIC_VALUE,BASIC_NAME_EN,XML) values ('13','1','30','<Aktuell><Text>1</Text></Aktuell>','1',null,'<departments>
   <department>
      <department_number>10</department_number>
      <department_name>ACCOUNTING</department_name>
   </department>
</departments>');
Insert into FLIGHT_DEV.BAS_BASIC (PK_BAS_BASIC,FK_MDT_MANDANT,FK_BAS_BASIC_GRP,BASIC_NAME_DE,BASIC_VALUE,BASIC_NAME_EN,XML) values ('14','1','30','{Text:ab Morgen;Bedingung:>=1;Einheit:Tage;Farbe:gelb;Farbcode:yellow}','2',null,'<Aktuell>
   <text>1</text>
</Aktuell>');
Insert into FLIGHT_DEV.BAS_BASIC (PK_BAS_BASIC,FK_MDT_MANDANT,FK_BAS_BASIC_GRP,BASIC_NAME_DE,BASIC_VALUE,BASIC_NAME_EN,XML) values ('15','1','30','{Text:in den nächsten 45 Tagen;Bedingung:<=45;Einheit:Tage;Farbe:gelb;Farbcode:yellow}','3',null,null);
Insert into FLIGHT_DEV.BAS_BASIC (PK_BAS_BASIC,FK_MDT_MANDANT,FK_BAS_BASIC_GRP,BASIC_NAME_DE,BASIC_VALUE,BASIC_NAME_EN,XML) values ('1','1','2','{keine Angabe}','0',null,null);
Insert into FLIGHT_DEV.BAS_BASIC (PK_BAS_BASIC,FK_MDT_MANDANT,FK_BAS_BASIC_GRP,BASIC_NAME_DE,BASIC_VALUE,BASIC_NAME_EN,XML) values ('2','1','2','{d}','1',null,null);
Insert into FLIGHT_DEV.BAS_BASIC (PK_BAS_BASIC,FK_MDT_MANDANT,FK_BAS_BASIC_GRP,BASIC_NAME_DE,BASIC_VALUE,BASIC_NAME_EN,XML) values ('3','1','2','{e}','2',null,null);
Insert into FLIGHT_DEV.BAS_BASIC (PK_BAS_BASIC,FK_MDT_MANDANT,FK_BAS_BASIC_GRP,BASIC_NAME_DE,BASIC_VALUE,BASIC_NAME_EN,XML) values ('4','1','4','{Keine Angabe}','0',null,null);
Insert into FLIGHT_DEV.BAS_BASIC (PK_BAS_BASIC,FK_MDT_MANDANT,FK_BAS_BASIC_GRP,BASIC_NAME_DE,BASIC_VALUE,BASIC_NAME_EN,XML) values ('5','1','4','{FI}','1',null,null);
Insert into FLIGHT_DEV.BAS_BASIC (PK_BAS_BASIC,FK_MDT_MANDANT,FK_BAS_BASIC_GRP,BASIC_NAME_DE,BASIC_VALUE,BASIC_NAME_EN,XML) values ('6','1','4','{CRI}','2',null,null);
Insert into FLIGHT_DEV.BAS_BASIC (PK_BAS_BASIC,FK_MDT_MANDANT,FK_BAS_BASIC_GRP,BASIC_NAME_DE,BASIC_VALUE,BASIC_NAME_EN,XML) values ('7','1','4','{E}','3',null,null);
Insert into FLIGHT_DEV.BAS_BASIC (PK_BAS_BASIC,FK_MDT_MANDANT,FK_BAS_BASIC_GRP,BASIC_NAME_DE,BASIC_VALUE,BASIC_NAME_EN,XML) values ('10','1','24','{Keine Angabe}','0',null,null);
Insert into FLIGHT_DEV.BAS_BASIC (PK_BAS_BASIC,FK_MDT_MANDANT,FK_BAS_BASIC_GRP,BASIC_NAME_DE,BASIC_VALUE,BASIC_NAME_EN,XML) values ('11','1','24','{Anflug}','1',null,null);
Insert into FLIGHT_DEV.BAS_BASIC (PK_BAS_BASIC,FK_MDT_MANDANT,FK_BAS_BASIC_GRP,BASIC_NAME_DE,BASIC_VALUE,BASIC_NAME_EN,XML) values ('12','1','24','{Landung}','2',null,null);
Insert into FLIGHT_DEV.BAS_BASIC (PK_BAS_BASIC,FK_MDT_MANDANT,FK_BAS_BASIC_GRP,BASIC_NAME_DE,BASIC_VALUE,BASIC_NAME_EN,XML) values ('21','1','30','{Text:ab in 46 Tagen;Bedingung:>=46;Einheit:Tage;Farbe:keine Farbe;Farbcode:}','4',null,null);
Insert into FLIGHT_DEV.BAS_BASIC (PK_BAS_BASIC,FK_MDT_MANDANT,FK_BAS_BASIC_GRP,BASIC_NAME_DE,BASIC_VALUE,BASIC_NAME_EN,XML) values ('22','1','25','{Stufe:keine Angabe;Wert:0]','0',null,null);
Insert into FLIGHT_DEV.BAS_BASIC (PK_BAS_BASIC,FK_MDT_MANDANT,FK_BAS_BASIC_GRP,BASIC_NAME_DE,BASIC_VALUE,BASIC_NAME_EN,XML) values ('23','1','25','{Stufe:1;Wert:1]','1',null,null);
Insert into FLIGHT_DEV.BAS_BASIC (PK_BAS_BASIC,FK_MDT_MANDANT,FK_BAS_BASIC_GRP,BASIC_NAME_DE,BASIC_VALUE,BASIC_NAME_EN,XML) values ('24','1','25','{Stufe:2;Wert:2]','2',null,null);
Insert into FLIGHT_DEV.BAS_BASIC (PK_BAS_BASIC,FK_MDT_MANDANT,FK_BAS_BASIC_GRP,BASIC_NAME_DE,BASIC_VALUE,BASIC_NAME_EN,XML) values ('25','1','25','{Stufe:3;Wert:3]','3',null,null);
Insert into FLIGHT_DEV.BAS_BASIC (PK_BAS_BASIC,FK_MDT_MANDANT,FK_BAS_BASIC_GRP,BASIC_NAME_DE,BASIC_VALUE,BASIC_NAME_EN,XML) values ('26','1','25','{Stufe:4;Wert:4]','4',null,null);
Insert into FLIGHT_DEV.BAS_BASIC (PK_BAS_BASIC,FK_MDT_MANDANT,FK_BAS_BASIC_GRP,BASIC_NAME_DE,BASIC_VALUE,BASIC_NAME_EN,XML) values ('27','1','26','{Stufe:keine Angabe;Wert:0]','0',null,null);
Insert into FLIGHT_DEV.BAS_BASIC (PK_BAS_BASIC,FK_MDT_MANDANT,FK_BAS_BASIC_GRP,BASIC_NAME_DE,BASIC_VALUE,BASIC_NAME_EN,XML) values ('28','1','26','{Stufe:1;Wert:1]','1',null,null);
Insert into FLIGHT_DEV.BAS_BASIC (PK_BAS_BASIC,FK_MDT_MANDANT,FK_BAS_BASIC_GRP,BASIC_NAME_DE,BASIC_VALUE,BASIC_NAME_EN,XML) values ('29','1','26','{Stufe:2;Wert:2]','2',null,null);
Insert into FLIGHT_DEV.BAS_BASIC (PK_BAS_BASIC,FK_MDT_MANDANT,FK_BAS_BASIC_GRP,BASIC_NAME_DE,BASIC_VALUE,BASIC_NAME_EN,XML) values ('30','1','26','{Stufe:3;Wert:3]','3',null,null);
Insert into FLIGHT_DEV.BAS_BASIC (PK_BAS_BASIC,FK_MDT_MANDANT,FK_BAS_BASIC_GRP,BASIC_NAME_DE,BASIC_VALUE,BASIC_NAME_EN,XML) values ('31','1','26','{Stufe:4;Wert:4]','4',null,null);
Insert into FLIGHT_DEV.BAS_BASIC (PK_BAS_BASIC,FK_MDT_MANDANT,FK_BAS_BASIC_GRP,BASIC_NAME_DE,BASIC_VALUE,BASIC_NAME_EN,XML) values ('32','1','27','{Stufe:keine Angabe;Wert:0]','0',null,null);
Insert into FLIGHT_DEV.BAS_BASIC (PK_BAS_BASIC,FK_MDT_MANDANT,FK_BAS_BASIC_GRP,BASIC_NAME_DE,BASIC_VALUE,BASIC_NAME_EN,XML) values ('33','1','27','{Stufe:1;Wert:1]','1',null,null);
Insert into FLIGHT_DEV.BAS_BASIC (PK_BAS_BASIC,FK_MDT_MANDANT,FK_BAS_BASIC_GRP,BASIC_NAME_DE,BASIC_VALUE,BASIC_NAME_EN,XML) values ('34','1','27','{Stufe:2;Wert:2]','2',null,null);
Insert into FLIGHT_DEV.BAS_BASIC (PK_BAS_BASIC,FK_MDT_MANDANT,FK_BAS_BASIC_GRP,BASIC_NAME_DE,BASIC_VALUE,BASIC_NAME_EN,XML) values ('35','1','27','{Stufe:3;Wert:3]','3',null,null);
Insert into FLIGHT_DEV.BAS_BASIC (PK_BAS_BASIC,FK_MDT_MANDANT,FK_BAS_BASIC_GRP,BASIC_NAME_DE,BASIC_VALUE,BASIC_NAME_EN,XML) values ('36','1','27','{Stufe:4;Wert:4]','4',null,null);
Insert into FLIGHT_DEV.BAS_BASIC (PK_BAS_BASIC,FK_MDT_MANDANT,FK_BAS_BASIC_GRP,BASIC_NAME_DE,BASIC_VALUE,BASIC_NAME_EN,XML) values ('37','1','28','{Text:Keine Angabe;Farbe:;Farbcode:}','0',null,null);
Insert into FLIGHT_DEV.BAS_BASIC (PK_BAS_BASIC,FK_MDT_MANDANT,FK_BAS_BASIC_GRP,BASIC_NAME_DE,BASIC_VALUE,BASIC_NAME_EN,XML) values ('38','1','28','{Text:e;Farbe:orange;Farbcode:orange}','1',null,null);
Insert into FLIGHT_DEV.BAS_BASIC (PK_BAS_BASIC,FK_MDT_MANDANT,FK_BAS_BASIC_GRP,BASIC_NAME_DE,BASIC_VALUE,BASIC_NAME_EN,XML) values ('39','1','28','{Text:d;Farbe:weiß;Farbcode:white}','2',null,null);
Insert into FLIGHT_DEV.BAS_BASIC (PK_BAS_BASIC,FK_MDT_MANDANT,FK_BAS_BASIC_GRP,BASIC_NAME_DE,BASIC_VALUE,BASIC_NAME_EN,XML) values ('40','1','29','{Stufe:Keine Angabe;Bedingung:;Farbe:;Farbcode:}','0',null,null);
Insert into FLIGHT_DEV.BAS_BASIC (PK_BAS_BASIC,FK_MDT_MANDANT,FK_BAS_BASIC_GRP,BASIC_NAME_DE,BASIC_VALUE,BASIC_NAME_EN,XML) values ('41','1','29','{Stufe:1;Bedingung:between 1 and 3;Farbe:gelb;Farbcode:yellow}','1',null,null);
Insert into FLIGHT_DEV.BAS_BASIC (PK_BAS_BASIC,FK_MDT_MANDANT,FK_BAS_BASIC_GRP,BASIC_NAME_DE,BASIC_VALUE,BASIC_NAME_EN,XML) values ('42','1','29','{Stufe:2;Bedingung:=4;Farbe:weiß;Farbcode:white}','2',null,null);
Insert into FLIGHT_DEV.BAS_BASIC (PK_BAS_BASIC,FK_MDT_MANDANT,FK_BAS_BASIC_GRP,BASIC_NAME_DE,BASIC_VALUE,BASIC_NAME_EN,XML) values ('43','1','29','{Stufe:3;Bedingung:=5;Farbe:hellgrün;Farbcode:light green}','3',null,null);
Insert into FLIGHT_DEV.BAS_BASIC (PK_BAS_BASIC,FK_MDT_MANDANT,FK_BAS_BASIC_GRP,BASIC_NAME_DE,BASIC_VALUE,BASIC_NAME_EN,XML) values ('44','1','29','{Stufe:4;Bedingung:=6;Farbe:grün;Farbcode:green}','4',null,null);
REM INSERTING into FLIGHT_DEV.BAS_BASIC_GRP
SET DEFINE OFF;
Insert into FLIGHT_DEV.BAS_BASIC_GRP (PK_BAS_BASIC_GRP,BASIS_GRP_NAME,FK_MDT_MANDANT) values ('2','FK_LAN_PROF_LEVEL','1');
Insert into FLIGHT_DEV.BAS_BASIC_GRP (PK_BAS_BASIC_GRP,BASIS_GRP_NAME,FK_MDT_MANDANT) values ('4','FK_FI_CRI_E','1');
Insert into FLIGHT_DEV.BAS_BASIC_GRP (PK_BAS_BASIC_GRP,BASIS_GRP_NAME,FK_MDT_MANDANT) values ('24','FK_FLIGHT_PHASE','1');
Insert into FLIGHT_DEV.BAS_BASIC_GRP (PK_BAS_BASIC_GRP,BASIS_GRP_NAME,FK_MDT_MANDANT) values ('1','FK_ADDITIONAL_TIMESLOTTYPE','1');
Insert into FLIGHT_DEV.BAS_BASIC_GRP (PK_BAS_BASIC_GRP,BASIS_GRP_NAME,FK_MDT_MANDANT) values ('25','alert_style_licence','1');
Insert into FLIGHT_DEV.BAS_BASIC_GRP (PK_BAS_BASIC_GRP,BASIS_GRP_NAME,FK_MDT_MANDANT) values ('26','alert_style_medical','1');
Insert into FLIGHT_DEV.BAS_BASIC_GRP (PK_BAS_BASIC_GRP,BASIS_GRP_NAME,FK_MDT_MANDANT) values ('27','alert_style_züp','1');
Insert into FLIGHT_DEV.BAS_BASIC_GRP (PK_BAS_BASIC_GRP,BASIS_GRP_NAME,FK_MDT_MANDANT) values ('28','style_language_class','1');
Insert into FLIGHT_DEV.BAS_BASIC_GRP (PK_BAS_BASIC_GRP,BASIS_GRP_NAME,FK_MDT_MANDANT) values ('29','style_language_level','1');
Insert into FLIGHT_DEV.BAS_BASIC_GRP (PK_BAS_BASIC_GRP,BASIS_GRP_NAME,FK_MDT_MANDANT) values ('30','alert_style_days','1');
REM INSERTING into FLIGHT_DEV.BOR_BORD_LOG
SET DEFINE OFF;
Insert into FLIGHT_DEV.BOR_BORD_LOG (PK_BOR_BORD_LOG,BORD_LOG,BORD_LOG_DATE,FK_MDT_MANDANT,FK_APL_PLANE,CNT_LANDINGS_BEGIN,CNT_FLIGHT_HOURS_BEGIN,CNT_LANDINGS_END,CNT_FLIGHT_HOURS_END,BEGIN_DATE,END_DATE) values ('1','D-EFLF',to_date('25.07.16','DD.MM.RR'),'1','1','12736','8525',null,null,null,null);
Insert into FLIGHT_DEV.BOR_BORD_LOG (PK_BOR_BORD_LOG,BORD_LOG,BORD_LOG_DATE,FK_MDT_MANDANT,FK_APL_PLANE,CNT_LANDINGS_BEGIN,CNT_FLIGHT_HOURS_BEGIN,CNT_LANDINGS_END,CNT_FLIGHT_HOURS_END,BEGIN_DATE,END_DATE) values ('2','D-EOYS',to_date('18.12.18','DD.MM.RR'),'1','2','20062','14647',null,null,null,null);
REM INSERTING into FLIGHT_DEV.BOR_BORD_LOG_ENTRY
SET DEFINE OFF;
Insert into FLIGHT_DEV.BOR_BORD_LOG_ENTRY (PK_BOR_BORD_LOG_ENTRY,FK_MDT_MANDANT,FK_FLI_FLIGHT,ENTRY_DATE,PIC,T_O_TIME,LDG_TIME,CHARGES,EDMA,ARRIVAL,FK_BOR_BORD_LOG_ENTRY_GRP,COMM,COST_ADD,CHARTER_NO,FK_BOR_BORD_LOG) values ('1','1','1',to_date('15.04.19','DD.MM.RR'),null,to_date('16.04.19','DD.MM.RR'),to_date('08.04.19','DD.MM.RR'),null,null,null,'1',null,null,null,null);
Insert into FLIGHT_DEV.BOR_BORD_LOG_ENTRY (PK_BOR_BORD_LOG_ENTRY,FK_MDT_MANDANT,FK_FLI_FLIGHT,ENTRY_DATE,PIC,T_O_TIME,LDG_TIME,CHARGES,EDMA,ARRIVAL,FK_BOR_BORD_LOG_ENTRY_GRP,COMM,COST_ADD,CHARTER_NO,FK_BOR_BORD_LOG) values ('2','1','1',to_date('22.04.19','DD.MM.RR'),null,null,null,null,null,null,'1',null,null,null,null);
REM INSERTING into FLIGHT_DEV.BOR_BORD_LOG_ENTRY_ADD
SET DEFINE OFF;
REM INSERTING into FLIGHT_DEV.BOR_BORD_LOG_ENTRY_GRP
SET DEFINE OFF;
Insert into FLIGHT_DEV.BOR_BORD_LOG_ENTRY_GRP (PK_BOR_BORD_LOG_ENTRY_GRP,GROUP_NAME,FK_MDT_MANDANT,FK_BOR_BORD_LOG) values ('1',null,'1','1');
REM INSERTING into FLIGHT_DEV.BOR_BORD_LOG_ENTRY_HOB_RPM
SET DEFINE OFF;
REM INSERTING into FLIGHT_DEV.CON_CONTACT
SET DEFINE OFF;
Insert into FLIGHT_DEV.CON_CONTACT (PK_CON_CONTACT,FK_MDT_MANDANT,FK_CON_CONTACT_TYPE,FK_ADR_ADDRESS,TITLE,LAST_NAME,FIRST_NAME,EMAIL,COUNTRY_PREFIX,PHONE_NO,BIRTH_DAY,ACTIVE,ACTIVE_FROM,ACTIVE_TO,CREATED_AT,CREATED_BY,MODIFIED_AT,MODIFIED_BY,CONTACT_MAIN) values ('1','1',null,'1',null,'Gaudl','Manfred H','manfredgaudl@vodafone.de','+49','151 1850-9005',to_date('15.03.19','DD.MM.RR'),'1',to_date('14.03.19','DD.MM.RR'),to_date('31.12.99','DD.MM.RR'),to_date('14.03.19','DD.MM.RR'),'ARICHTER',to_date('14.03.19','DD.MM.RR'),'ARICHTER','1');
Insert into FLIGHT_DEV.CON_CONTACT (PK_CON_CONTACT,FK_MDT_MANDANT,FK_CON_CONTACT_TYPE,FK_ADR_ADDRESS,TITLE,LAST_NAME,FIRST_NAME,EMAIL,COUNTRY_PREFIX,PHONE_NO,BIRTH_DAY,ACTIVE,ACTIVE_FROM,ACTIVE_TO,CREATED_AT,CREATED_BY,MODIFIED_AT,MODIFIED_BY,CONTACT_MAIN) values ('2','1',null,'1',null,'Gaudl','Manfred M','manfredgaudl@vodafone.de','+49','151 1850-9005',to_date('14.03.19','DD.MM.RR'),'1',to_date('14.03.19','DD.MM.RR'),to_date('31.12.99','DD.MM.RR'),to_date('14.03.19','DD.MM.RR'),'ARICHTER',to_date('14.03.19','DD.MM.RR'),'ARICHTER','0');
REM INSERTING into FLIGHT_DEV.CON_CONTACT_TYPE
SET DEFINE OFF;
Insert into FLIGHT_DEV.CON_CONTACT_TYPE (PK_CON_CONTACT_TYPE,CONTACT_TYPE_EN,CONTACT_TYPE_DE) values ('1',null,null);
Insert into FLIGHT_DEV.CON_CONTACT_TYPE (PK_CON_CONTACT_TYPE,CONTACT_TYPE_EN,CONTACT_TYPE_DE) values ('2',null,null);
REM INSERTING into FLIGHT_DEV.COST_COST_GRP
SET DEFINE OFF;
Insert into FLIGHT_DEV.COST_COST_GRP (PK_COST_COST_GRP,COST_GRP_NAME,FK_MDT_MANDANT) values ('1','Stellplatz','1');
Insert into FLIGHT_DEV.COST_COST_GRP (PK_COST_COST_GRP,COST_GRP_NAME,FK_MDT_MANDANT) values ('2','Sprit','1');
Insert into FLIGHT_DEV.COST_COST_GRP (PK_COST_COST_GRP,COST_GRP_NAME,FK_MDT_MANDANT) values ('3','Landungen','1');
Insert into FLIGHT_DEV.COST_COST_GRP (PK_COST_COST_GRP,COST_GRP_NAME,FK_MDT_MANDANT) values ('4','Öl','1');
Insert into FLIGHT_DEV.COST_COST_GRP (PK_COST_COST_GRP,COST_GRP_NAME,FK_MDT_MANDANT) values ('5','Inspektion','1');
Insert into FLIGHT_DEV.COST_COST_GRP (PK_COST_COST_GRP,COST_GRP_NAME,FK_MDT_MANDANT) values ('6','Reparatur','1');
Insert into FLIGHT_DEV.COST_COST_GRP (PK_COST_COST_GRP,COST_GRP_NAME,FK_MDT_MANDANT) values ('7','Invest','1');
Insert into FLIGHT_DEV.COST_COST_GRP (PK_COST_COST_GRP,COST_GRP_NAME,FK_MDT_MANDANT) values ('8','Sonst','1');
REM INSERTING into FLIGHT_DEV.DEPT
SET DEFINE OFF;
Insert into FLIGHT_DEV.DEPT (DEPTNO,DNAME,LOC) values ('10','ACCOUNTING','NEW YORK');
Insert into FLIGHT_DEV.DEPT (DEPTNO,DNAME,LOC) values ('20','RESEARCH','DALLAS');
Insert into FLIGHT_DEV.DEPT (DEPTNO,DNAME,LOC) values ('30','SALES','CHICAGO');
Insert into FLIGHT_DEV.DEPT (DEPTNO,DNAME,LOC) values ('40','OPERATIONS','BOSTON');
REM INSERTING into FLIGHT_DEV.DOC_DOCUMENT
SET DEFINE OFF;
Insert into FLIGHT_DEV.DOC_DOCUMENT (PK_DOC_DOCUMENT,FK_MDT_MANDANT,FK_DOC_DOCUMENT_TYPE,FK_DOC_USAGE_TYPE,DOCUMENT_TITLE,VALID,VALID_UNTIL,DOCUMENT_NR,FK_CERT_TYPE,FK_LAN_PROF_LEVEL,LAN_PROF_LEVEL_VAL,DOC_EXISTS,FK_FI_CRI_E) values ('49','1','14','2',null,'1',to_date('31.12.99','DD.MM.RR'),null,null,null,null,'1',null);
Insert into FLIGHT_DEV.DOC_DOCUMENT (PK_DOC_DOCUMENT,FK_MDT_MANDANT,FK_DOC_DOCUMENT_TYPE,FK_DOC_USAGE_TYPE,DOCUMENT_TITLE,VALID,VALID_UNTIL,DOCUMENT_NR,FK_CERT_TYPE,FK_LAN_PROF_LEVEL,LAN_PROF_LEVEL_VAL,DOC_EXISTS,FK_FI_CRI_E) values ('21','1','13','2',null,'1',to_date('15.04.19','DD.MM.RR'),null,null,null,null,'1',null);
Insert into FLIGHT_DEV.DOC_DOCUMENT (PK_DOC_DOCUMENT,FK_MDT_MANDANT,FK_DOC_DOCUMENT_TYPE,FK_DOC_USAGE_TYPE,DOCUMENT_TITLE,VALID,VALID_UNTIL,DOCUMENT_NR,FK_CERT_TYPE,FK_LAN_PROF_LEVEL,LAN_PROF_LEVEL_VAL,DOC_EXISTS,FK_FI_CRI_E) values ('22','1','14','2',null,'1',to_date('17.04.19','DD.MM.RR'),null,null,null,null,'1',null);
Insert into FLIGHT_DEV.DOC_DOCUMENT (PK_DOC_DOCUMENT,FK_MDT_MANDANT,FK_DOC_DOCUMENT_TYPE,FK_DOC_USAGE_TYPE,DOCUMENT_TITLE,VALID,VALID_UNTIL,DOCUMENT_NR,FK_CERT_TYPE,FK_LAN_PROF_LEVEL,LAN_PROF_LEVEL_VAL,DOC_EXISTS,FK_FI_CRI_E) values ('23','1','15','2',null,'1',to_date('31.05.19','DD.MM.RR'),null,null,null,null,'1',null);
Insert into FLIGHT_DEV.DOC_DOCUMENT (PK_DOC_DOCUMENT,FK_MDT_MANDANT,FK_DOC_DOCUMENT_TYPE,FK_DOC_USAGE_TYPE,DOCUMENT_TITLE,VALID,VALID_UNTIL,DOCUMENT_NR,FK_CERT_TYPE,FK_LAN_PROF_LEVEL,LAN_PROF_LEVEL_VAL,DOC_EXISTS,FK_FI_CRI_E) values ('2','1','11','2','A 406455','1',to_date('18.12.19','DD.MM.RR'),null,null,null,null,'1',null);
Insert into FLIGHT_DEV.DOC_DOCUMENT (PK_DOC_DOCUMENT,FK_MDT_MANDANT,FK_DOC_DOCUMENT_TYPE,FK_DOC_USAGE_TYPE,DOCUMENT_TITLE,VALID,VALID_UNTIL,DOCUMENT_NR,FK_CERT_TYPE,FK_LAN_PROF_LEVEL,LAN_PROF_LEVEL_VAL,DOC_EXISTS,FK_FI_CRI_E) values ('1','1','12','2','DE.FCL.8031 009524','1',to_date('29.02.20','DD.MM.RR'),null,null,null,null,'1',null);
Insert into FLIGHT_DEV.DOC_DOCUMENT (PK_DOC_DOCUMENT,FK_MDT_MANDANT,FK_DOC_DOCUMENT_TYPE,FK_DOC_USAGE_TYPE,DOCUMENT_TITLE,VALID,VALID_UNTIL,DOCUMENT_NR,FK_CERT_TYPE,FK_LAN_PROF_LEVEL,LAN_PROF_LEVEL_VAL,DOC_EXISTS,FK_FI_CRI_E) values ('41','1','10','2',null,'1',to_date('11.01.60','DD.MM.RR'),null,null,'1','6','1',null);
Insert into FLIGHT_DEV.DOC_DOCUMENT (PK_DOC_DOCUMENT,FK_MDT_MANDANT,FK_DOC_DOCUMENT_TYPE,FK_DOC_USAGE_TYPE,DOCUMENT_TITLE,VALID,VALID_UNTIL,DOCUMENT_NR,FK_CERT_TYPE,FK_LAN_PROF_LEVEL,LAN_PROF_LEVEL_VAL,DOC_EXISTS,FK_FI_CRI_E) values ('42','1','10','2',null,'1',to_date('11.01.60','DD.MM.RR'),null,null,'2','6','1',null);
Insert into FLIGHT_DEV.DOC_DOCUMENT (PK_DOC_DOCUMENT,FK_MDT_MANDANT,FK_DOC_DOCUMENT_TYPE,FK_DOC_USAGE_TYPE,DOCUMENT_TITLE,VALID,VALID_UNTIL,DOCUMENT_NR,FK_CERT_TYPE,FK_LAN_PROF_LEVEL,LAN_PROF_LEVEL_VAL,DOC_EXISTS,FK_FI_CRI_E) values ('43','1','10','2',null,'0',to_date('05.03.19','DD.MM.RR'),null,null,'2','3','1',null);
Insert into FLIGHT_DEV.DOC_DOCUMENT (PK_DOC_DOCUMENT,FK_MDT_MANDANT,FK_DOC_DOCUMENT_TYPE,FK_DOC_USAGE_TYPE,DOCUMENT_TITLE,VALID,VALID_UNTIL,DOCUMENT_NR,FK_CERT_TYPE,FK_LAN_PROF_LEVEL,LAN_PROF_LEVEL_VAL,DOC_EXISTS,FK_FI_CRI_E) values ('44','1','10','2',null,'1',to_date('30.04.23','DD.MM.RR'),null,null,'2','5','1',null);
Insert into FLIGHT_DEV.DOC_DOCUMENT (PK_DOC_DOCUMENT,FK_MDT_MANDANT,FK_DOC_DOCUMENT_TYPE,FK_DOC_USAGE_TYPE,DOCUMENT_TITLE,VALID,VALID_UNTIL,DOCUMENT_NR,FK_CERT_TYPE,FK_LAN_PROF_LEVEL,LAN_PROF_LEVEL_VAL,DOC_EXISTS,FK_FI_CRI_E) values ('45','1','14','2',null,'1',to_date('08.12.19','DD.MM.RR'),null,null,null,null,'1',null);
Insert into FLIGHT_DEV.DOC_DOCUMENT (PK_DOC_DOCUMENT,FK_MDT_MANDANT,FK_DOC_DOCUMENT_TYPE,FK_DOC_USAGE_TYPE,DOCUMENT_TITLE,VALID,VALID_UNTIL,DOCUMENT_NR,FK_CERT_TYPE,FK_LAN_PROF_LEVEL,LAN_PROF_LEVEL_VAL,DOC_EXISTS,FK_FI_CRI_E) values ('46','1','15','2',null,'1',to_date('31.12.99','DD.MM.RR'),null,null,null,null,'1',null);
Insert into FLIGHT_DEV.DOC_DOCUMENT (PK_DOC_DOCUMENT,FK_MDT_MANDANT,FK_DOC_DOCUMENT_TYPE,FK_DOC_USAGE_TYPE,DOCUMENT_TITLE,VALID,VALID_UNTIL,DOCUMENT_NR,FK_CERT_TYPE,FK_LAN_PROF_LEVEL,LAN_PROF_LEVEL_VAL,DOC_EXISTS,FK_FI_CRI_E) values ('47','1','16','2',null,'0',to_date('01.01.13','DD.MM.RR'),null,null,null,null,'1',null);
Insert into FLIGHT_DEV.DOC_DOCUMENT (PK_DOC_DOCUMENT,FK_MDT_MANDANT,FK_DOC_DOCUMENT_TYPE,FK_DOC_USAGE_TYPE,DOCUMENT_TITLE,VALID,VALID_UNTIL,DOCUMENT_NR,FK_CERT_TYPE,FK_LAN_PROF_LEVEL,LAN_PROF_LEVEL_VAL,DOC_EXISTS,FK_FI_CRI_E) values ('48','1','17','2',null,'1',to_date('31.12.99','DD.MM.RR'),null,null,null,null,'1',null);
Insert into FLIGHT_DEV.DOC_DOCUMENT (PK_DOC_DOCUMENT,FK_MDT_MANDANT,FK_DOC_DOCUMENT_TYPE,FK_DOC_USAGE_TYPE,DOCUMENT_TITLE,VALID,VALID_UNTIL,DOCUMENT_NR,FK_CERT_TYPE,FK_LAN_PROF_LEVEL,LAN_PROF_LEVEL_VAL,DOC_EXISTS,FK_FI_CRI_E) values ('3','1','13','2',null,'1',to_date('31.12.99','DD.MM.RR'),null,null,null,null,'1','5');
REM INSERTING into FLIGHT_DEV.DOC_DOCUMENT_TYPE
SET DEFINE OFF;
Insert into FLIGHT_DEV.DOC_DOCUMENT_TYPE (PK_DOC_DOCUMENT_TYPE,FK_MDT_MANDANT,DOC_DOCUMENT_TYPE) values ('10','1','Language Certificate');
Insert into FLIGHT_DEV.DOC_DOCUMENT_TYPE (PK_DOC_DOCUMENT_TYPE,FK_MDT_MANDANT,DOC_DOCUMENT_TYPE) values ('11','1','Medical pass');
Insert into FLIGHT_DEV.DOC_DOCUMENT_TYPE (PK_DOC_DOCUMENT_TYPE,FK_MDT_MANDANT,DOC_DOCUMENT_TYPE) values ('12','1','Pilot License');
Insert into FLIGHT_DEV.DOC_DOCUMENT_TYPE (PK_DOC_DOCUMENT_TYPE,FK_MDT_MANDANT,DOC_DOCUMENT_TYPE) values ('13','1','FI (A) / CRI / E');
Insert into FLIGHT_DEV.DOC_DOCUMENT_TYPE (PK_DOC_DOCUMENT_TYPE,FK_MDT_MANDANT,DOC_DOCUMENT_TYPE) values ('14','1','ZÜP');
Insert into FLIGHT_DEV.DOC_DOCUMENT_TYPE (PK_DOC_DOCUMENT_TYPE,FK_MDT_MANDANT,DOC_DOCUMENT_TYPE) values ('15','1','DSGVO');
Insert into FLIGHT_DEV.DOC_DOCUMENT_TYPE (PK_DOC_DOCUMENT_TYPE,FK_MDT_MANDANT,DOC_DOCUMENT_TYPE) values ('16','1','Nutzungsvereinbarung');
Insert into FLIGHT_DEV.DOC_DOCUMENT_TYPE (PK_DOC_DOCUMENT_TYPE,FK_MDT_MANDANT,DOC_DOCUMENT_TYPE) values ('1','1','MAINTENANCE PLAN');
Insert into FLIGHT_DEV.DOC_DOCUMENT_TYPE (PK_DOC_DOCUMENT_TYPE,FK_MDT_MANDANT,DOC_DOCUMENT_TYPE) values ('2','1','navigation manual');
Insert into FLIGHT_DEV.DOC_DOCUMENT_TYPE (PK_DOC_DOCUMENT_TYPE,FK_MDT_MANDANT,DOC_DOCUMENT_TYPE) values ('3','1','devices manual');
Insert into FLIGHT_DEV.DOC_DOCUMENT_TYPE (PK_DOC_DOCUMENT_TYPE,FK_MDT_MANDANT,DOC_DOCUMENT_TYPE) values ('4','1','LOG BOOK');
Insert into FLIGHT_DEV.DOC_DOCUMENT_TYPE (PK_DOC_DOCUMENT_TYPE,FK_MDT_MANDANT,DOC_DOCUMENT_TYPE) values ('5','1','mass and balance statement');
Insert into FLIGHT_DEV.DOC_DOCUMENT_TYPE (PK_DOC_DOCUMENT_TYPE,FK_MDT_MANDANT,DOC_DOCUMENT_TYPE) values ('6','1','aircraft manuals');
Insert into FLIGHT_DEV.DOC_DOCUMENT_TYPE (PK_DOC_DOCUMENT_TYPE,FK_MDT_MANDANT,DOC_DOCUMENT_TYPE) values ('7','1','flight planning tools');
Insert into FLIGHT_DEV.DOC_DOCUMENT_TYPE (PK_DOC_DOCUMENT_TYPE,FK_MDT_MANDANT,DOC_DOCUMENT_TYPE) values ('8','1','radio log');
Insert into FLIGHT_DEV.DOC_DOCUMENT_TYPE (PK_DOC_DOCUMENT_TYPE,FK_MDT_MANDANT,DOC_DOCUMENT_TYPE) values ('9','1','policies for usage');
Insert into FLIGHT_DEV.DOC_DOCUMENT_TYPE (PK_DOC_DOCUMENT_TYPE,FK_MDT_MANDANT,DOC_DOCUMENT_TYPE) values ('17','1','IR');
REM INSERTING into FLIGHT_DEV.DOC_USAGE_TYPE
SET DEFINE OFF;
Insert into FLIGHT_DEV.DOC_USAGE_TYPE (PK_DOC_USAGE_TYPE,FK_MDT_MANDANT,USAGE_TYPE_EN,USAGE_TYPE_DE) values ('1','1','PLANE',null);
Insert into FLIGHT_DEV.DOC_USAGE_TYPE (PK_DOC_USAGE_TYPE,FK_MDT_MANDANT,USAGE_TYPE_EN,USAGE_TYPE_DE) values ('2','1','PILOT',null);
Insert into FLIGHT_DEV.DOC_USAGE_TYPE (PK_DOC_USAGE_TYPE,FK_MDT_MANDANT,USAGE_TYPE_EN,USAGE_TYPE_DE) values ('3','1','AIRPORT',null);
REM INSERTING into FLIGHT_DEV.EMP
SET DEFINE OFF;
Insert into FLIGHT_DEV.EMP (EMPNO,ENAME,JOB,MGR,HIREDATE,SAL,COMM,DEPTNO) values ('7839','KING','PRESIDENT',null,to_date('17.11.81','DD.MM.RR'),'5000',null,'10');
Insert into FLIGHT_DEV.EMP (EMPNO,ENAME,JOB,MGR,HIREDATE,SAL,COMM,DEPTNO) values ('7698','BLAKE','MANAGER','7839',to_date('01.05.81','DD.MM.RR'),'2850',null,'30');
Insert into FLIGHT_DEV.EMP (EMPNO,ENAME,JOB,MGR,HIREDATE,SAL,COMM,DEPTNO) values ('7782','CLARK','MANAGER','7839',to_date('09.06.81','DD.MM.RR'),'2450',null,'10');
Insert into FLIGHT_DEV.EMP (EMPNO,ENAME,JOB,MGR,HIREDATE,SAL,COMM,DEPTNO) values ('7566','JONES','MANAGER','7839',to_date('02.04.81','DD.MM.RR'),'2975',null,'20');
Insert into FLIGHT_DEV.EMP (EMPNO,ENAME,JOB,MGR,HIREDATE,SAL,COMM,DEPTNO) values ('7788','SCOTT','ANALYST','7566',to_date('09.12.82','DD.MM.RR'),'3000',null,'20');
Insert into FLIGHT_DEV.EMP (EMPNO,ENAME,JOB,MGR,HIREDATE,SAL,COMM,DEPTNO) values ('7902','FORD','ANALYST','7566',to_date('03.12.81','DD.MM.RR'),'3000',null,'20');
Insert into FLIGHT_DEV.EMP (EMPNO,ENAME,JOB,MGR,HIREDATE,SAL,COMM,DEPTNO) values ('7369','SMITH','CLERK','7902',to_date('17.12.80','DD.MM.RR'),'800',null,'20');
Insert into FLIGHT_DEV.EMP (EMPNO,ENAME,JOB,MGR,HIREDATE,SAL,COMM,DEPTNO) values ('7499','ALLEN','SALESMAN','7698',to_date('20.02.81','DD.MM.RR'),'1600','300','30');
Insert into FLIGHT_DEV.EMP (EMPNO,ENAME,JOB,MGR,HIREDATE,SAL,COMM,DEPTNO) values ('7521','WARD','SALESMAN','7698',to_date('22.02.81','DD.MM.RR'),'1250','500','30');
Insert into FLIGHT_DEV.EMP (EMPNO,ENAME,JOB,MGR,HIREDATE,SAL,COMM,DEPTNO) values ('7654','MARTIN','SALESMAN','7698',to_date('28.09.81','DD.MM.RR'),'1250','1400','30');
Insert into FLIGHT_DEV.EMP (EMPNO,ENAME,JOB,MGR,HIREDATE,SAL,COMM,DEPTNO) values ('7844','TURNER','SALESMAN','7698',to_date('08.09.81','DD.MM.RR'),'1500','0','30');
Insert into FLIGHT_DEV.EMP (EMPNO,ENAME,JOB,MGR,HIREDATE,SAL,COMM,DEPTNO) values ('7876','ADAMS','CLERK','7788',to_date('12.01.83','DD.MM.RR'),'1100',null,'20');
Insert into FLIGHT_DEV.EMP (EMPNO,ENAME,JOB,MGR,HIREDATE,SAL,COMM,DEPTNO) values ('7900','JAMES','CLERK','7698',to_date('03.12.81','DD.MM.RR'),'950',null,'30');
Insert into FLIGHT_DEV.EMP (EMPNO,ENAME,JOB,MGR,HIREDATE,SAL,COMM,DEPTNO) values ('7934','MILLER','CLERK','7782',to_date('23.01.82','DD.MM.RR'),'1300',null,'10');
REM INSERTING into FLIGHT_DEV.FLI_FLIGHT
SET DEFINE OFF;
Insert into FLIGHT_DEV.FLI_FLIGHT (PK_FLI_FLIGHT,FK_MDT_MANDANT,DEPARTURE,ARRIVAL,DEPARTURE_TIME,ARRIVAL_TIME,DURATION,ADDITIONAL_TIMESLOTS,FK_ADDITIONAL_TIMESLOTTYPE,FK_APL_PLANE) values ('21','1',to_date('02.04.19','DD.MM.RR'),to_date('17.04.19','DD.MM.RR'),null,null,null,null,null,'1');
Insert into FLIGHT_DEV.FLI_FLIGHT (PK_FLI_FLIGHT,FK_MDT_MANDANT,DEPARTURE,ARRIVAL,DEPARTURE_TIME,ARRIVAL_TIME,DURATION,ADDITIONAL_TIMESLOTS,FK_ADDITIONAL_TIMESLOTTYPE,FK_APL_PLANE) values ('22','1',to_date('02.04.19','DD.MM.RR'),to_date('30.04.19','DD.MM.RR'),null,null,null,null,null,'2');
Insert into FLIGHT_DEV.FLI_FLIGHT (PK_FLI_FLIGHT,FK_MDT_MANDANT,DEPARTURE,ARRIVAL,DEPARTURE_TIME,ARRIVAL_TIME,DURATION,ADDITIONAL_TIMESLOTS,FK_ADDITIONAL_TIMESLOTTYPE,FK_APL_PLANE) values ('1','1',to_date('03.04.19','DD.MM.RR'),to_date('15.04.19','DD.MM.RR'),null,null,null,null,null,'1');
REM INSERTING into FLIGHT_DEV.FLI_FLIGHT_COMMENTS
SET DEFINE OFF;
REM INSERTING into FLIGHT_DEV.FLI_FLIGHT_DISCOUNT_REASONS
SET DEFINE OFF;
REM INSERTING into FLIGHT_DEV.FLI_FLIGHT_DISCOUNTS
SET DEFINE OFF;
REM INSERTING into FLIGHT_DEV.GAL_GAIN_AND_LOSS
SET DEFINE OFF;
REM INSERTING into FLIGHT_DEV.HAN_HANGAR
SET DEFINE OFF;
REM INSERTING into FLIGHT_DEV.INV_INVOICE
SET DEFINE OFF;
REM INSERTING into FLIGHT_DEV.INV_INVOICE_TYPE
SET DEFINE OFF;
REM INSERTING into FLIGHT_DEV.LAN_LANDING
SET DEFINE OFF;
REM INSERTING into FLIGHT_DEV.MDT_MANDANT
SET DEFINE OFF;
Insert into FLIGHT_DEV.MDT_MANDANT (PK_MDT_MANDANT,MANDANT,FK_ORG_ORG_UNIT) values ('1','Gaudl_Flugzeugvermietung','1');
REM INSERTING into FLIGHT_DEV.ORG_UNIT
SET DEFINE OFF;
Insert into FLIGHT_DEV.ORG_UNIT (PK_ORG_UNIT,FK_MDT_MANDANT,COMPANY_NAME,ORG_UNIT_NAME,ACTIVE,ACTIVE_FROM,ACTIVE_TO,CREATED_AT,CREATED_BY,MODIFIED_AT,MODIFIED_BY,FK_ORG_UNIT_TYPE,COMM) values ('1','1','Gaudl Flugzeugvermietung','Gaudl Flugzeugvermietung','1',null,null,null,null,null,null,'1',null);
Insert into FLIGHT_DEV.ORG_UNIT (PK_ORG_UNIT,FK_MDT_MANDANT,COMPANY_NAME,ORG_UNIT_NAME,ACTIVE,ACTIVE_FROM,ACTIVE_TO,CREATED_AT,CREATED_BY,MODIFIED_AT,MODIFIED_BY,FK_ORG_UNIT_TYPE,COMM) values ('2','1',null,'Gaudl Manfred H','1',null,null,null,null,null,null,'2',null);
Insert into FLIGHT_DEV.ORG_UNIT (PK_ORG_UNIT,FK_MDT_MANDANT,COMPANY_NAME,ORG_UNIT_NAME,ACTIVE,ACTIVE_FROM,ACTIVE_TO,CREATED_AT,CREATED_BY,MODIFIED_AT,MODIFIED_BY,FK_ORG_UNIT_TYPE,COMM) values ('3','1',null,'Gaudl Manfred M','1',null,null,null,null,null,null,'2',null);
REM INSERTING into FLIGHT_DEV.ORG_UNIT_CHECK_OUT
SET DEFINE OFF;
Insert into FLIGHT_DEV.ORG_UNIT_CHECK_OUT (PK_ORG_UNIT_CHECK_OUT,FK_MDT_MANDANT,FK_ORG_UNIT,CHECK_OUT_DATE) values ('1','1','2',to_date('03.04.19','DD.MM.RR'));
Insert into FLIGHT_DEV.ORG_UNIT_CHECK_OUT (PK_ORG_UNIT_CHECK_OUT,FK_MDT_MANDANT,FK_ORG_UNIT,CHECK_OUT_DATE) values ('2','1','3',to_date('03.04.19','DD.MM.RR'));
REM INSERTING into FLIGHT_DEV.ORG_UNIT_REL_TYPE
SET DEFINE OFF;
Insert into FLIGHT_DEV.ORG_UNIT_REL_TYPE (PK_ORG_UNIT_REL_TYPE,ORG_UNIT_TYPE_REL_NAME_DE,ORG_UNIT_TYPE_REL_NAME_EN) values ('1',null,'Vermieter');
Insert into FLIGHT_DEV.ORG_UNIT_REL_TYPE (PK_ORG_UNIT_REL_TYPE,ORG_UNIT_TYPE_REL_NAME_DE,ORG_UNIT_TYPE_REL_NAME_EN) values ('2','Charterer','Charterer');
Insert into FLIGHT_DEV.ORG_UNIT_REL_TYPE (PK_ORG_UNIT_REL_TYPE,ORG_UNIT_TYPE_REL_NAME_DE,ORG_UNIT_TYPE_REL_NAME_EN) values ('3','Technician','Dienstleister');
REM INSERTING into FLIGHT_DEV.ORG_UNIT_TYPE
SET DEFINE OFF;
Insert into FLIGHT_DEV.ORG_UNIT_TYPE (PK_ORG_UNIT_TYPE,ORG_UNIT_TYPE_NAME_DE,ORG_UNIT_TYPE_NAME_EN) values ('1','Company','Firma');
Insert into FLIGHT_DEV.ORG_UNIT_TYPE (PK_ORG_UNIT_TYPE,ORG_UNIT_TYPE_NAME_DE,ORG_UNIT_TYPE_NAME_EN) values ('2','Person','Person');
REM INSERTING into FLIGHT_DEV.PAY_PAYMENT
SET DEFINE OFF;
REM INSERTING into FLIGHT_DEV.PAY_PAYMENT_TYPE
SET DEFINE OFF;
REM INSERTING into FLIGHT_DEV.PLA_ENGINE_TYPE
SET DEFINE OFF;
REM INSERTING into FLIGHT_DEV.REL_AIRPORT_LOCATION
SET DEFINE OFF;
REM INSERTING into FLIGHT_DEV.REL_BORD_LOG_ENTRY_PAY
SET DEFINE OFF;
REM INSERTING into FLIGHT_DEV.REL_CONTACT_ADDRESS
SET DEFINE OFF;
REM INSERTING into FLIGHT_DEV.REL_CONTACT_BANKACCOUNT
SET DEFINE OFF;
REM INSERTING into FLIGHT_DEV.REL_DOC_CONTACT
SET DEFINE OFF;
Insert into FLIGHT_DEV.REL_DOC_CONTACT (PK_REL_DOC_CONTACT,FK_MDT_MANDANT,FK_DOC_DOCUMENT,FK_CON_CONTACT) values ('41','1','49','2');
Insert into FLIGHT_DEV.REL_DOC_CONTACT (PK_REL_DOC_CONTACT,FK_MDT_MANDANT,FK_DOC_DOCUMENT,FK_CON_CONTACT) values ('21','1','21','1');
Insert into FLIGHT_DEV.REL_DOC_CONTACT (PK_REL_DOC_CONTACT,FK_MDT_MANDANT,FK_DOC_DOCUMENT,FK_CON_CONTACT) values ('22','1','22','1');
Insert into FLIGHT_DEV.REL_DOC_CONTACT (PK_REL_DOC_CONTACT,FK_MDT_MANDANT,FK_DOC_DOCUMENT,FK_CON_CONTACT) values ('23','1','23','1');
Insert into FLIGHT_DEV.REL_DOC_CONTACT (PK_REL_DOC_CONTACT,FK_MDT_MANDANT,FK_DOC_DOCUMENT,FK_CON_CONTACT) values ('2','1','1','1');
Insert into FLIGHT_DEV.REL_DOC_CONTACT (PK_REL_DOC_CONTACT,FK_MDT_MANDANT,FK_DOC_DOCUMENT,FK_CON_CONTACT) values ('3','1','41','1');
Insert into FLIGHT_DEV.REL_DOC_CONTACT (PK_REL_DOC_CONTACT,FK_MDT_MANDANT,FK_DOC_DOCUMENT,FK_CON_CONTACT) values ('5','1','43','1');
Insert into FLIGHT_DEV.REL_DOC_CONTACT (PK_REL_DOC_CONTACT,FK_MDT_MANDANT,FK_DOC_DOCUMENT,FK_CON_CONTACT) values ('6','1','44','1');
Insert into FLIGHT_DEV.REL_DOC_CONTACT (PK_REL_DOC_CONTACT,FK_MDT_MANDANT,FK_DOC_DOCUMENT,FK_CON_CONTACT) values ('7','1','45','1');
Insert into FLIGHT_DEV.REL_DOC_CONTACT (PK_REL_DOC_CONTACT,FK_MDT_MANDANT,FK_DOC_DOCUMENT,FK_CON_CONTACT) values ('8','1','46','1');
Insert into FLIGHT_DEV.REL_DOC_CONTACT (PK_REL_DOC_CONTACT,FK_MDT_MANDANT,FK_DOC_DOCUMENT,FK_CON_CONTACT) values ('9','1','47','1');
Insert into FLIGHT_DEV.REL_DOC_CONTACT (PK_REL_DOC_CONTACT,FK_MDT_MANDANT,FK_DOC_DOCUMENT,FK_CON_CONTACT) values ('10','1','48','1');
Insert into FLIGHT_DEV.REL_DOC_CONTACT (PK_REL_DOC_CONTACT,FK_MDT_MANDANT,FK_DOC_DOCUMENT,FK_CON_CONTACT) values ('11','1','2','2');
REM INSERTING into FLIGHT_DEV.REL_DOC_FLIGHT
SET DEFINE OFF;
REM INSERTING into FLIGHT_DEV.REL_DOC_HANGAR
SET DEFINE OFF;
REM INSERTING into FLIGHT_DEV.REL_DOC_PLANE
SET DEFINE OFF;
REM INSERTING into FLIGHT_DEV.REL_DOC_TYPE_USAGE_TYPE
SET DEFINE OFF;
Insert into FLIGHT_DEV.REL_DOC_TYPE_USAGE_TYPE (PK_REL_DOC_TYPE_USAGE_TYPE,FK_DOC_DOCUMENT_TYPE,FK_DOC_USAGE_TYPE,VALID,VALID_FROM,VALID_TO,REQUIRED) values ('6','14','2','1',null,null,'1');
Insert into FLIGHT_DEV.REL_DOC_TYPE_USAGE_TYPE (PK_REL_DOC_TYPE_USAGE_TYPE,FK_DOC_DOCUMENT_TYPE,FK_DOC_USAGE_TYPE,VALID,VALID_FROM,VALID_TO,REQUIRED) values ('7','16','2','1',null,null,'1');
Insert into FLIGHT_DEV.REL_DOC_TYPE_USAGE_TYPE (PK_REL_DOC_TYPE_USAGE_TYPE,FK_DOC_DOCUMENT_TYPE,FK_DOC_USAGE_TYPE,VALID,VALID_FROM,VALID_TO,REQUIRED) values ('8','15','2','1',null,null,'1');
Insert into FLIGHT_DEV.REL_DOC_TYPE_USAGE_TYPE (PK_REL_DOC_TYPE_USAGE_TYPE,FK_DOC_DOCUMENT_TYPE,FK_DOC_USAGE_TYPE,VALID,VALID_FROM,VALID_TO,REQUIRED) values ('9','2','1','1',null,null,null);
Insert into FLIGHT_DEV.REL_DOC_TYPE_USAGE_TYPE (PK_REL_DOC_TYPE_USAGE_TYPE,FK_DOC_DOCUMENT_TYPE,FK_DOC_USAGE_TYPE,VALID,VALID_FROM,VALID_TO,REQUIRED) values ('10','3','1','1',null,null,null);
Insert into FLIGHT_DEV.REL_DOC_TYPE_USAGE_TYPE (PK_REL_DOC_TYPE_USAGE_TYPE,FK_DOC_DOCUMENT_TYPE,FK_DOC_USAGE_TYPE,VALID,VALID_FROM,VALID_TO,REQUIRED) values ('11','4','1','1',null,null,'1');
Insert into FLIGHT_DEV.REL_DOC_TYPE_USAGE_TYPE (PK_REL_DOC_TYPE_USAGE_TYPE,FK_DOC_DOCUMENT_TYPE,FK_DOC_USAGE_TYPE,VALID,VALID_FROM,VALID_TO,REQUIRED) values ('12','5','1','1',null,null,'1');
Insert into FLIGHT_DEV.REL_DOC_TYPE_USAGE_TYPE (PK_REL_DOC_TYPE_USAGE_TYPE,FK_DOC_DOCUMENT_TYPE,FK_DOC_USAGE_TYPE,VALID,VALID_FROM,VALID_TO,REQUIRED) values ('13','6','1','1',null,null,'1');
Insert into FLIGHT_DEV.REL_DOC_TYPE_USAGE_TYPE (PK_REL_DOC_TYPE_USAGE_TYPE,FK_DOC_DOCUMENT_TYPE,FK_DOC_USAGE_TYPE,VALID,VALID_FROM,VALID_TO,REQUIRED) values ('1','10','2','1',to_date('08.04.19','DD.MM.RR'),to_date('02.04.19','DD.MM.RR'),'1');
Insert into FLIGHT_DEV.REL_DOC_TYPE_USAGE_TYPE (PK_REL_DOC_TYPE_USAGE_TYPE,FK_DOC_DOCUMENT_TYPE,FK_DOC_USAGE_TYPE,VALID,VALID_FROM,VALID_TO,REQUIRED) values ('2','11','2','1',to_date('13.04.19','DD.MM.RR'),to_date('18.04.19','DD.MM.RR'),'1');
Insert into FLIGHT_DEV.REL_DOC_TYPE_USAGE_TYPE (PK_REL_DOC_TYPE_USAGE_TYPE,FK_DOC_DOCUMENT_TYPE,FK_DOC_USAGE_TYPE,VALID,VALID_FROM,VALID_TO,REQUIRED) values ('3','12','2','1',to_date('13.04.19','DD.MM.RR'),to_date('19.04.19','DD.MM.RR'),'1');
Insert into FLIGHT_DEV.REL_DOC_TYPE_USAGE_TYPE (PK_REL_DOC_TYPE_USAGE_TYPE,FK_DOC_DOCUMENT_TYPE,FK_DOC_USAGE_TYPE,VALID,VALID_FROM,VALID_TO,REQUIRED) values ('4','13','2','1',to_date('13.04.19','DD.MM.RR'),to_date('13.04.19','DD.MM.RR'),'1');
Insert into FLIGHT_DEV.REL_DOC_TYPE_USAGE_TYPE (PK_REL_DOC_TYPE_USAGE_TYPE,FK_DOC_DOCUMENT_TYPE,FK_DOC_USAGE_TYPE,VALID,VALID_FROM,VALID_TO,REQUIRED) values ('25','8','1','1',null,null,'1');
Insert into FLIGHT_DEV.REL_DOC_TYPE_USAGE_TYPE (PK_REL_DOC_TYPE_USAGE_TYPE,FK_DOC_DOCUMENT_TYPE,FK_DOC_USAGE_TYPE,VALID,VALID_FROM,VALID_TO,REQUIRED) values ('45','7','1','1',null,null,'0');
Insert into FLIGHT_DEV.REL_DOC_TYPE_USAGE_TYPE (PK_REL_DOC_TYPE_USAGE_TYPE,FK_DOC_DOCUMENT_TYPE,FK_DOC_USAGE_TYPE,VALID,VALID_FROM,VALID_TO,REQUIRED) values ('46','17','2','1',null,null,'1');
Insert into FLIGHT_DEV.REL_DOC_TYPE_USAGE_TYPE (PK_REL_DOC_TYPE_USAGE_TYPE,FK_DOC_DOCUMENT_TYPE,FK_DOC_USAGE_TYPE,VALID,VALID_FROM,VALID_TO,REQUIRED) values ('47','1','1','1',null,null,'1');
Insert into FLIGHT_DEV.REL_DOC_TYPE_USAGE_TYPE (PK_REL_DOC_TYPE_USAGE_TYPE,FK_DOC_DOCUMENT_TYPE,FK_DOC_USAGE_TYPE,VALID,VALID_FROM,VALID_TO,REQUIRED) values ('48','9','1','1',null,null,'1');
REM INSERTING into FLIGHT_DEV.REL_INV_PL_FLI_CH
SET DEFINE OFF;
REM INSERTING into FLIGHT_DEV.REL_ORG_UNIT_CON
SET DEFINE OFF;
Insert into FLIGHT_DEV.REL_ORG_UNIT_CON (PK_ORG_UNIT_CON,FK_MDT_MANDANT,FK_ORG_UNIT,FK_CON_CONTACT) values ('4','1','1','2');
Insert into FLIGHT_DEV.REL_ORG_UNIT_CON (PK_ORG_UNIT_CON,FK_MDT_MANDANT,FK_ORG_UNIT,FK_CON_CONTACT) values ('1','1','1','1');
Insert into FLIGHT_DEV.REL_ORG_UNIT_CON (PK_ORG_UNIT_CON,FK_MDT_MANDANT,FK_ORG_UNIT,FK_CON_CONTACT) values ('2','1','2','1');
Insert into FLIGHT_DEV.REL_ORG_UNIT_CON (PK_ORG_UNIT_CON,FK_MDT_MANDANT,FK_ORG_UNIT,FK_CON_CONTACT) values ('3','1','3','2');
REM INSERTING into FLIGHT_DEV.REL_ORG_UNIT_CON_ORG_REL_TYPE
SET DEFINE OFF;
Insert into FLIGHT_DEV.REL_ORG_UNIT_CON_ORG_REL_TYPE (PK_ORG_UNIT_CON_ORG_REL_TYPE,FK_MDT_MANDANT,FK_ORG_UNIT_CONTACT,FK_ORG_UNIT_REL_TYPE) values ('1','1','1','1');
Insert into FLIGHT_DEV.REL_ORG_UNIT_CON_ORG_REL_TYPE (PK_ORG_UNIT_CON_ORG_REL_TYPE,FK_MDT_MANDANT,FK_ORG_UNIT_CONTACT,FK_ORG_UNIT_REL_TYPE) values ('2','1','2','1');
Insert into FLIGHT_DEV.REL_ORG_UNIT_CON_ORG_REL_TYPE (PK_ORG_UNIT_CON_ORG_REL_TYPE,FK_MDT_MANDANT,FK_ORG_UNIT_CONTACT,FK_ORG_UNIT_REL_TYPE) values ('3','1','3','1');
Insert into FLIGHT_DEV.REL_ORG_UNIT_CON_ORG_REL_TYPE (PK_ORG_UNIT_CON_ORG_REL_TYPE,FK_MDT_MANDANT,FK_ORG_UNIT_CONTACT,FK_ORG_UNIT_REL_TYPE) values ('4','1','4','1');
Insert into FLIGHT_DEV.REL_ORG_UNIT_CON_ORG_REL_TYPE (PK_ORG_UNIT_CON_ORG_REL_TYPE,FK_MDT_MANDANT,FK_ORG_UNIT_CONTACT,FK_ORG_UNIT_REL_TYPE) values ('5','1','1','2');
Insert into FLIGHT_DEV.REL_ORG_UNIT_CON_ORG_REL_TYPE (PK_ORG_UNIT_CON_ORG_REL_TYPE,FK_MDT_MANDANT,FK_ORG_UNIT_CONTACT,FK_ORG_UNIT_REL_TYPE) values ('6','1','2','2');
Insert into FLIGHT_DEV.REL_ORG_UNIT_CON_ORG_REL_TYPE (PK_ORG_UNIT_CON_ORG_REL_TYPE,FK_MDT_MANDANT,FK_ORG_UNIT_CONTACT,FK_ORG_UNIT_REL_TYPE) values ('7','1','3','2');
REM INSERTING into FLIGHT_DEV.REL_PAY_PLANE_FLI_CH
SET DEFINE OFF;
REM INSERTING into FLIGHT_DEV.REL_PLANE_FLIGHT
SET DEFINE OFF;
REM INSERTING into FLIGHT_DEV.REL_PLANE_FLIGHT_CHARTERER
SET DEFINE OFF;
REM INSERTING into FLIGHT_DEV.RES_RESERVATION
SET DEFINE OFF;
