--------------------------------------------------------
--  Datei erstellt -Sonntag-April-21-2019   
--------------------------------------------------------
DROP SEQUENCE "FLIGHT_DEV"."ADR_ADDRESS_SEQ";
DROP SEQUENCE "FLIGHT_DEV"."ADR_ADDRESS_SEQ1";
DROP SEQUENCE "FLIGHT_DEV"."ADR_CITY_SEQ";
DROP SEQUENCE "FLIGHT_DEV"."ADR_CITY_SEQ1";
DROP SEQUENCE "FLIGHT_DEV"."ADR_COUNTRY_SEQ";
DROP SEQUENCE "FLIGHT_DEV"."ADR_COUNTRY_SEQ1";
DROP SEQUENCE "FLIGHT_DEV"."APL_ENGINE_TYPE_SEQ";
DROP SEQUENCE "FLIGHT_DEV"."APL_MAINT_PROGR_SEQ";
DROP SEQUENCE "FLIGHT_DEV"."APL_MAINT_SEQ";
DROP SEQUENCE "FLIGHT_DEV"."APL_PLANE_MODELL_SEQ";
DROP SEQUENCE "FLIGHT_DEV"."APL_PLANE_MODELL_SEQ1";
DROP SEQUENCE "FLIGHT_DEV"."APL_PLANE_MODELL_SEQ2";
DROP SEQUENCE "FLIGHT_DEV"."APL_PLANE_SEQ";
DROP SEQUENCE "FLIGHT_DEV"."APL_PLANE_SEQ1";
DROP SEQUENCE "FLIGHT_DEV"."APL_PLANE_SEQ2";
DROP SEQUENCE "FLIGHT_DEV"."APL_PLANE_TYPE_SEQ";
DROP SEQUENCE "FLIGHT_DEV"."APL_PLANE_TYPE_SEQ1";
DROP SEQUENCE "FLIGHT_DEV"."APL_PLANE_TYPE_SEQ2";
DROP SEQUENCE "FLIGHT_DEV"."ARP_AIRPORT_SEQ";
DROP SEQUENCE "FLIGHT_DEV"."ARP_AIRPORT_SEQ1";
DROP SEQUENCE "FLIGHT_DEV"."BAK_BANKACCOUNT_SEQ";
DROP SEQUENCE "FLIGHT_DEV"."BAK_BANKACCOUNT_TYPE_SEQ";
DROP SEQUENCE "FLIGHT_DEV"."BAS_BASIC_GRP_SEQ";
DROP SEQUENCE "FLIGHT_DEV"."BAS_BASIC_SEQ";
DROP SEQUENCE "FLIGHT_DEV"."BAS_BASIC_SEQ1";
DROP SEQUENCE "FLIGHT_DEV"."BAS_BASIC_SEQ2";
DROP SEQUENCE "FLIGHT_DEV"."BOR_BORD_LOG_ENTRY_ADD_SEQ";
DROP SEQUENCE "FLIGHT_DEV"."BOR_BORD_LOG_ENTRY_ADD_SEQ1";
DROP SEQUENCE "FLIGHT_DEV"."BOR_BORD_LOG_ENTRY_GRP_SEQ";
DROP SEQUENCE "FLIGHT_DEV"."BOR_BORD_LOG_ENTRY_SEQ";
DROP SEQUENCE "FLIGHT_DEV"."BOR_BORD_LOG_ENTRY_SEQ1";
DROP SEQUENCE "FLIGHT_DEV"."BOR_BORD_LOG_SEQ";
DROP SEQUENCE "FLIGHT_DEV"."BOR_BORD_LOG_SEQ1";
DROP SEQUENCE "FLIGHT_DEV"."BOR_BORD_LOG_SEQ2";
DROP SEQUENCE "FLIGHT_DEV"."BOR_BORD_LOG_SEQ3";
DROP SEQUENCE "FLIGHT_DEV"."COM_COMPANY_SEQ";
DROP SEQUENCE "FLIGHT_DEV"."CON_CONTACT_SEQ";
DROP SEQUENCE "FLIGHT_DEV"."CON_CONTACT_SEQ1";
DROP SEQUENCE "FLIGHT_DEV"."CON_CONTACT_TYPE_SEQ";
DROP SEQUENCE "FLIGHT_DEV"."COST_COST_GRP_SEQ";
DROP SEQUENCE "FLIGHT_DEV"."DEPT_SEQ";
DROP SEQUENCE "FLIGHT_DEV"."DOC_DOCUMENT_SEQ";
DROP SEQUENCE "FLIGHT_DEV"."DOC_DOCUMENT_SEQ1";
DROP SEQUENCE "FLIGHT_DEV"."DOC_DOCUMENT_TYPE_SEQ";
DROP SEQUENCE "FLIGHT_DEV"."DOC_DOCUMENT_TYPE_SEQ1";
DROP SEQUENCE "FLIGHT_DEV"."DOC_USAGE_TYPE_SEQ";
DROP SEQUENCE "FLIGHT_DEV"."DOC_USAGE_TYPE_SEQ1";
DROP SEQUENCE "FLIGHT_DEV"."EMP_SEQ";
DROP SEQUENCE "FLIGHT_DEV"."FLI_FLIGHT_SEQ";
DROP SEQUENCE "FLIGHT_DEV"."FLI_FLIGHT_SEQ1";
DROP SEQUENCE "FLIGHT_DEV"."FLI_FLIGHT_SEQ2";
DROP SEQUENCE "FLIGHT_DEV"."MDT_MANDANT_SEQ";
DROP SEQUENCE "FLIGHT_DEV"."MDT_MANDANT_SEQ1";
DROP SEQUENCE "FLIGHT_DEV"."MDT_MANDANT_SEQ2";
DROP SEQUENCE "FLIGHT_DEV"."ORG_ORG_UNIT_REL_TYPE_SEQ";
DROP SEQUENCE "FLIGHT_DEV"."ORG_ORG_UNIT_SEQ";
DROP SEQUENCE "FLIGHT_DEV"."ORG_ORG_UNIT_SEQ1";
DROP SEQUENCE "FLIGHT_DEV"."ORG_ORG_UNIT_TYPE_SEQ";
DROP SEQUENCE "FLIGHT_DEV"."ORG_UNIT_CHECK_OUT_SEQ";
DROP SEQUENCE "FLIGHT_DEV"."ORG_UNIT_REL_TYPE_SEQ";
DROP SEQUENCE "FLIGHT_DEV"."ORG_UNIT_REL_TYPE_SEQ1";
DROP SEQUENCE "FLIGHT_DEV"."ORG_UNIT_SEQ";
DROP SEQUENCE "FLIGHT_DEV"."ORG_UNIT_SEQ1";
DROP SEQUENCE "FLIGHT_DEV"."ORG_UNIT_SEQ2";
DROP SEQUENCE "FLIGHT_DEV"."ORG_UNIT_TYPE_SEQ";
DROP SEQUENCE "FLIGHT_DEV"."REL_BORD_LOG_ENTRY_PAY_SEQ";
DROP SEQUENCE "FLIGHT_DEV"."REL_CONTACT_ADDRESS_SEQ";
DROP SEQUENCE "FLIGHT_DEV"."REL_CONTACT_BANKACCOUNT_SEQ";
DROP SEQUENCE "FLIGHT_DEV"."REL_DOC_CONTACT_SEQ";
DROP SEQUENCE "FLIGHT_DEV"."REL_DOC_TYPE_USAGE_TYPE_SEQ";
DROP SEQUENCE "FLIGHT_DEV"."REL_ORG_UNIT_CON_CON_TYPE_SEQ";
DROP SEQUENCE "FLIGHT_DEV"."REL_ORG_UNIT_CON_ORG_REL_TYPE1";
DROP SEQUENCE "FLIGHT_DEV"."REL_ORG_UNIT_CON_ORG_TYPE_SEQ";
DROP SEQUENCE "FLIGHT_DEV"."REL_ORG_UNIT_CON_ORG_TYPE_SEQ1";
DROP SEQUENCE "FLIGHT_DEV"."REL_ORG_UNIT_CON_SEQ";
DROP SEQUENCE "FLIGHT_DEV"."REL_ORG_UNIT_CONTACT_SEQ";
DROP SEQUENCE "FLIGHT_DEV"."REL_ORG_UNIT_CONTACT_SEQ1";
DROP SEQUENCE "FLIGHT_DEV"."REL_ORG_UNIT_CONTACT_SEQ2";
DROP SEQUENCE "FLIGHT_DEV"."REL_ORG_UNIT_ORG_REL_TYPE_SEQ";
DROP SEQUENCE "FLIGHT_DEV"."REL_PLANE_FLIGHT_CHARTERER_SE";
DROP SEQUENCE "FLIGHT_DEV"."REL_PLANE_FLIGHT_CHARTERER_SEQ";
DROP SEQUENCE "FLIGHT_DEV"."REL_PLANE_FLIGHT_SEQ";
DROP SEQUENCE "FLIGHT_DEV"."RES_RESERVATION_SEQ";
DROP TABLE "FLIGHT_DEV"."ADR_ADDRESS" cascade constraints;
DROP TABLE "FLIGHT_DEV"."ADR_CITY" cascade constraints;
DROP TABLE "FLIGHT_DEV"."ADR_COUNTRY" cascade constraints;
DROP TABLE "FLIGHT_DEV"."APL_ENGINE_TYPE" cascade constraints;
DROP TABLE "FLIGHT_DEV"."APL_MAINT" cascade constraints;
DROP TABLE "FLIGHT_DEV"."APL_MAINT_PROGR" cascade constraints;
DROP TABLE "FLIGHT_DEV"."APL_PLANE" cascade constraints;
DROP TABLE "FLIGHT_DEV"."APL_PLANE_MODELL" cascade constraints;
DROP TABLE "FLIGHT_DEV"."APL_PLANE_TYPE" cascade constraints;
DROP TABLE "FLIGHT_DEV"."ARP_AIRPORT" cascade constraints;
DROP TABLE "FLIGHT_DEV"."BAK_BANKACCOUNT" cascade constraints;
DROP TABLE "FLIGHT_DEV"."BAK_BANKACCOUNT_TYPE" cascade constraints;
DROP TABLE "FLIGHT_DEV"."BAS_BASIC" cascade constraints;
DROP TABLE "FLIGHT_DEV"."BAS_BASIC_GRP" cascade constraints;
DROP TABLE "FLIGHT_DEV"."BOR_BORD_LOG" cascade constraints;
DROP TABLE "FLIGHT_DEV"."BOR_BORD_LOG_ENTRY" cascade constraints;
DROP TABLE "FLIGHT_DEV"."BOR_BORD_LOG_ENTRY_ADD" cascade constraints;
DROP TABLE "FLIGHT_DEV"."BOR_BORD_LOG_ENTRY_GRP" cascade constraints;
DROP TABLE "FLIGHT_DEV"."BOR_BORD_LOG_ENTRY_HOB_RPM" cascade constraints;
DROP TABLE "FLIGHT_DEV"."CON_CONTACT" cascade constraints;
DROP TABLE "FLIGHT_DEV"."CON_CONTACT_TYPE" cascade constraints;
DROP TABLE "FLIGHT_DEV"."COST_COST_GRP" cascade constraints;
DROP TABLE "FLIGHT_DEV"."DEPT" cascade constraints;
DROP TABLE "FLIGHT_DEV"."DOC_DOCUMENT" cascade constraints;
DROP TABLE "FLIGHT_DEV"."DOC_DOCUMENT_TYPE" cascade constraints;
DROP TABLE "FLIGHT_DEV"."DOC_USAGE_TYPE" cascade constraints;
DROP TABLE "FLIGHT_DEV"."EMP" cascade constraints;
DROP TABLE "FLIGHT_DEV"."FLI_FLIGHT" cascade constraints;
DROP TABLE "FLIGHT_DEV"."FLI_FLIGHT_COMMENTS" cascade constraints;
DROP TABLE "FLIGHT_DEV"."FLI_FLIGHT_DISCOUNT_REASONS" cascade constraints;
DROP TABLE "FLIGHT_DEV"."FLI_FLIGHT_DISCOUNTS" cascade constraints;
DROP TABLE "FLIGHT_DEV"."GAL_GAIN_AND_LOSS" cascade constraints;
DROP TABLE "FLIGHT_DEV"."HAN_HANGAR" cascade constraints;
DROP TABLE "FLIGHT_DEV"."INV_INVOICE" cascade constraints;
DROP TABLE "FLIGHT_DEV"."INV_INVOICE_TYPE" cascade constraints;
DROP TABLE "FLIGHT_DEV"."LAN_LANDING" cascade constraints;
DROP TABLE "FLIGHT_DEV"."MDT_MANDANT" cascade constraints;
DROP TABLE "FLIGHT_DEV"."ORG_UNIT" cascade constraints;
DROP TABLE "FLIGHT_DEV"."ORG_UNIT_CHECK_OUT" cascade constraints;
DROP TABLE "FLIGHT_DEV"."ORG_UNIT_REL_TYPE" cascade constraints;
DROP TABLE "FLIGHT_DEV"."ORG_UNIT_TYPE" cascade constraints;
DROP TABLE "FLIGHT_DEV"."PAY_PAYMENT" cascade constraints;
DROP TABLE "FLIGHT_DEV"."PAY_PAYMENT_TYPE" cascade constraints;
DROP TABLE "FLIGHT_DEV"."PLA_ENGINE_TYPE" cascade constraints;
DROP TABLE "FLIGHT_DEV"."REL_AIRPORT_LOCATION" cascade constraints;
DROP TABLE "FLIGHT_DEV"."REL_BORD_LOG_ENTRY_PAY" cascade constraints;
DROP TABLE "FLIGHT_DEV"."REL_CONTACT_ADDRESS" cascade constraints;
DROP TABLE "FLIGHT_DEV"."REL_CONTACT_BANKACCOUNT" cascade constraints;
DROP TABLE "FLIGHT_DEV"."REL_DOC_CONTACT" cascade constraints;
DROP TABLE "FLIGHT_DEV"."REL_DOC_FLIGHT" cascade constraints;
DROP TABLE "FLIGHT_DEV"."REL_DOC_HANGAR" cascade constraints;
DROP TABLE "FLIGHT_DEV"."REL_DOC_PLANE" cascade constraints;
DROP TABLE "FLIGHT_DEV"."REL_DOC_TYPE_USAGE_TYPE" cascade constraints;
DROP TABLE "FLIGHT_DEV"."REL_INV_PL_FLI_CH" cascade constraints;
DROP TABLE "FLIGHT_DEV"."REL_ORG_UNIT_CON" cascade constraints;
DROP TABLE "FLIGHT_DEV"."REL_ORG_UNIT_CON_ORG_REL_TYPE" cascade constraints;
DROP TABLE "FLIGHT_DEV"."REL_PAY_PLANE_FLI_CH" cascade constraints;
DROP TABLE "FLIGHT_DEV"."REL_PLANE_FLIGHT" cascade constraints;
DROP TABLE "FLIGHT_DEV"."REL_PLANE_FLIGHT_CHARTERER" cascade constraints;
DROP TABLE "FLIGHT_DEV"."RES_RESERVATION" cascade constraints;
DROP VIEW "FLIGHT_DEV"."V_ADR";
DROP VIEW "FLIGHT_DEV"."V_BOR_BORD_LOG";
DROP VIEW "FLIGHT_DEV"."V_CON_DOC_EXISTS";
DROP VIEW "FLIGHT_DEV"."V_DOC_MISS_INVAL";
DROP VIEW "FLIGHT_DEV"."V_FLI_FLIGHT";
--------------------------------------------------------
--  DDL for Sequence ADR_ADDRESS_SEQ
--------------------------------------------------------

   CREATE SEQUENCE  "FLIGHT_DEV"."ADR_ADDRESS_SEQ"  MINVALUE 1 MAXVALUE 9999999999999999999999999999 INCREMENT BY 1 START WITH 21 CACHE 20 NOORDER  NOCYCLE ;
--------------------------------------------------------
--  DDL for Sequence ADR_ADDRESS_SEQ1
--------------------------------------------------------

   CREATE SEQUENCE  "FLIGHT_DEV"."ADR_ADDRESS_SEQ1"  MINVALUE 1 MAXVALUE 9999999999999999999999999999 INCREMENT BY 1 START WITH 1 CACHE 20 NOORDER  NOCYCLE ;
--------------------------------------------------------
--  DDL for Sequence ADR_CITY_SEQ
--------------------------------------------------------

   CREATE SEQUENCE  "FLIGHT_DEV"."ADR_CITY_SEQ"  MINVALUE 1 MAXVALUE 9999999999999999999999999999 INCREMENT BY 1 START WITH 21 CACHE 20 NOORDER  NOCYCLE ;
--------------------------------------------------------
--  DDL for Sequence ADR_CITY_SEQ1
--------------------------------------------------------

   CREATE SEQUENCE  "FLIGHT_DEV"."ADR_CITY_SEQ1"  MINVALUE 1 MAXVALUE 9999999999999999999999999999 INCREMENT BY 1 START WITH 1 CACHE 20 NOORDER  NOCYCLE ;
--------------------------------------------------------
--  DDL for Sequence ADR_COUNTRY_SEQ
--------------------------------------------------------

   CREATE SEQUENCE  "FLIGHT_DEV"."ADR_COUNTRY_SEQ"  MINVALUE 1 MAXVALUE 9999999999999999999999999999 INCREMENT BY 1 START WITH 21 CACHE 20 NOORDER  NOCYCLE ;
--------------------------------------------------------
--  DDL for Sequence ADR_COUNTRY_SEQ1
--------------------------------------------------------

   CREATE SEQUENCE  "FLIGHT_DEV"."ADR_COUNTRY_SEQ1"  MINVALUE 1 MAXVALUE 9999999999999999999999999999 INCREMENT BY 1 START WITH 1 CACHE 20 NOORDER  NOCYCLE ;
--------------------------------------------------------
--  DDL for Sequence APL_ENGINE_TYPE_SEQ
--------------------------------------------------------

   CREATE SEQUENCE  "FLIGHT_DEV"."APL_ENGINE_TYPE_SEQ"  MINVALUE 1 MAXVALUE 9999999999999999999999999999 INCREMENT BY 1 START WITH 1 CACHE 20 NOORDER  NOCYCLE ;
--------------------------------------------------------
--  DDL for Sequence APL_MAINT_PROGR_SEQ
--------------------------------------------------------

   CREATE SEQUENCE  "FLIGHT_DEV"."APL_MAINT_PROGR_SEQ"  MINVALUE 1 MAXVALUE 9999999999999999999999999999 INCREMENT BY 1 START WITH 21 CACHE 20 NOORDER  NOCYCLE ;
--------------------------------------------------------
--  DDL for Sequence APL_MAINT_SEQ
--------------------------------------------------------

   CREATE SEQUENCE  "FLIGHT_DEV"."APL_MAINT_SEQ"  MINVALUE 1 MAXVALUE 9999999999999999999999999999 INCREMENT BY 1 START WITH 1 CACHE 20 NOORDER  NOCYCLE ;
--------------------------------------------------------
--  DDL for Sequence APL_PLANE_MODELL_SEQ
--------------------------------------------------------

   CREATE SEQUENCE  "FLIGHT_DEV"."APL_PLANE_MODELL_SEQ"  MINVALUE 1 MAXVALUE 9999999999999999999999999999 INCREMENT BY 1 START WITH 21 CACHE 20 NOORDER  NOCYCLE ;
--------------------------------------------------------
--  DDL for Sequence APL_PLANE_MODELL_SEQ1
--------------------------------------------------------

   CREATE SEQUENCE  "FLIGHT_DEV"."APL_PLANE_MODELL_SEQ1"  MINVALUE 1 MAXVALUE 9999999999999999999999999999 INCREMENT BY 1 START WITH 1 CACHE 20 NOORDER  NOCYCLE ;
--------------------------------------------------------
--  DDL for Sequence APL_PLANE_MODELL_SEQ2
--------------------------------------------------------

   CREATE SEQUENCE  "FLIGHT_DEV"."APL_PLANE_MODELL_SEQ2"  MINVALUE 1 MAXVALUE 9999999999999999999999999999 INCREMENT BY 1 START WITH 1 CACHE 20 NOORDER  NOCYCLE ;
--------------------------------------------------------
--  DDL for Sequence APL_PLANE_SEQ
--------------------------------------------------------

   CREATE SEQUENCE  "FLIGHT_DEV"."APL_PLANE_SEQ"  MINVALUE 1 MAXVALUE 9999999999999999999999999999 INCREMENT BY 1 START WITH 21 CACHE 20 NOORDER  NOCYCLE ;
--------------------------------------------------------
--  DDL for Sequence APL_PLANE_SEQ1
--------------------------------------------------------

   CREATE SEQUENCE  "FLIGHT_DEV"."APL_PLANE_SEQ1"  MINVALUE 1 MAXVALUE 9999999999999999999999999999 INCREMENT BY 1 START WITH 1 CACHE 20 NOORDER  NOCYCLE ;
--------------------------------------------------------
--  DDL for Sequence APL_PLANE_SEQ2
--------------------------------------------------------

   CREATE SEQUENCE  "FLIGHT_DEV"."APL_PLANE_SEQ2"  MINVALUE 1 MAXVALUE 9999999999999999999999999999 INCREMENT BY 1 START WITH 1 CACHE 20 NOORDER  NOCYCLE ;
--------------------------------------------------------
--  DDL for Sequence APL_PLANE_TYPE_SEQ
--------------------------------------------------------

   CREATE SEQUENCE  "FLIGHT_DEV"."APL_PLANE_TYPE_SEQ"  MINVALUE 1 MAXVALUE 9999999999999999999999999999 INCREMENT BY 1 START WITH 21 CACHE 20 NOORDER  NOCYCLE ;
--------------------------------------------------------
--  DDL for Sequence APL_PLANE_TYPE_SEQ1
--------------------------------------------------------

   CREATE SEQUENCE  "FLIGHT_DEV"."APL_PLANE_TYPE_SEQ1"  MINVALUE 1 MAXVALUE 9999999999999999999999999999 INCREMENT BY 1 START WITH 1 CACHE 20 NOORDER  NOCYCLE ;
--------------------------------------------------------
--  DDL for Sequence APL_PLANE_TYPE_SEQ2
--------------------------------------------------------

   CREATE SEQUENCE  "FLIGHT_DEV"."APL_PLANE_TYPE_SEQ2"  MINVALUE 1 MAXVALUE 9999999999999999999999999999 INCREMENT BY 1 START WITH 1 CACHE 20 NOORDER  NOCYCLE ;
--------------------------------------------------------
--  DDL for Sequence ARP_AIRPORT_SEQ
--------------------------------------------------------

   CREATE SEQUENCE  "FLIGHT_DEV"."ARP_AIRPORT_SEQ"  MINVALUE 1 MAXVALUE 9999999999999999999999999999 INCREMENT BY 1 START WITH 21 CACHE 20 NOORDER  NOCYCLE ;
--------------------------------------------------------
--  DDL for Sequence ARP_AIRPORT_SEQ1
--------------------------------------------------------

   CREATE SEQUENCE  "FLIGHT_DEV"."ARP_AIRPORT_SEQ1"  MINVALUE 1 MAXVALUE 9999999999999999999999999999 INCREMENT BY 1 START WITH 101 CACHE 20 NOORDER  NOCYCLE ;
--------------------------------------------------------
--  DDL for Sequence BAK_BANKACCOUNT_SEQ
--------------------------------------------------------

   CREATE SEQUENCE  "FLIGHT_DEV"."BAK_BANKACCOUNT_SEQ"  MINVALUE 1 MAXVALUE 9999999999999999999999999999 INCREMENT BY 1 START WITH 1 CACHE 20 NOORDER  NOCYCLE ;
--------------------------------------------------------
--  DDL for Sequence BAK_BANKACCOUNT_TYPE_SEQ
--------------------------------------------------------

   CREATE SEQUENCE  "FLIGHT_DEV"."BAK_BANKACCOUNT_TYPE_SEQ"  MINVALUE 1 MAXVALUE 9999999999999999999999999999 INCREMENT BY 1 START WITH 1 CACHE 20 NOORDER  NOCYCLE ;
--------------------------------------------------------
--  DDL for Sequence BAS_BASIC_GRP_SEQ
--------------------------------------------------------

   CREATE SEQUENCE  "FLIGHT_DEV"."BAS_BASIC_GRP_SEQ"  MINVALUE 1 MAXVALUE 9999999999999999999999999999 INCREMENT BY 1 START WITH 45 CACHE 20 NOORDER  NOCYCLE ;
--------------------------------------------------------
--  DDL for Sequence BAS_BASIC_SEQ
--------------------------------------------------------

   CREATE SEQUENCE  "FLIGHT_DEV"."BAS_BASIC_SEQ"  MINVALUE 1 MAXVALUE 9999999999999999999999999999 INCREMENT BY 1 START WITH 1 CACHE 20 NOORDER  NOCYCLE ;
--------------------------------------------------------
--  DDL for Sequence BAS_BASIC_SEQ1
--------------------------------------------------------

   CREATE SEQUENCE  "FLIGHT_DEV"."BAS_BASIC_SEQ1"  MINVALUE 1 MAXVALUE 9999999999999999999999999999 INCREMENT BY 1 START WITH 4 CACHE 20 NOORDER  NOCYCLE ;
--------------------------------------------------------
--  DDL for Sequence BAS_BASIC_SEQ2
--------------------------------------------------------

   CREATE SEQUENCE  "FLIGHT_DEV"."BAS_BASIC_SEQ2"  MINVALUE 1 MAXVALUE 9999999999999999999999999999 INCREMENT BY 1 START WITH 61 CACHE 20 NOORDER  NOCYCLE ;
--------------------------------------------------------
--  DDL for Sequence BOR_BORD_LOG_ENTRY_ADD_SEQ
--------------------------------------------------------

   CREATE SEQUENCE  "FLIGHT_DEV"."BOR_BORD_LOG_ENTRY_ADD_SEQ"  MINVALUE 1 MAXVALUE 9999999999999999999999999999 INCREMENT BY 1 START WITH 1 CACHE 20 NOORDER  NOCYCLE ;
--------------------------------------------------------
--  DDL for Sequence BOR_BORD_LOG_ENTRY_ADD_SEQ1
--------------------------------------------------------

   CREATE SEQUENCE  "FLIGHT_DEV"."BOR_BORD_LOG_ENTRY_ADD_SEQ1"  MINVALUE 1 MAXVALUE 9999999999999999999999999999 INCREMENT BY 1 START WITH 1 CACHE 20 NOORDER  NOCYCLE ;
--------------------------------------------------------
--  DDL for Sequence BOR_BORD_LOG_ENTRY_GRP_SEQ
--------------------------------------------------------

   CREATE SEQUENCE  "FLIGHT_DEV"."BOR_BORD_LOG_ENTRY_GRP_SEQ"  MINVALUE 1 MAXVALUE 9999999999999999999999999999 INCREMENT BY 1 START WITH 21 CACHE 20 NOORDER  NOCYCLE ;
--------------------------------------------------------
--  DDL for Sequence BOR_BORD_LOG_ENTRY_SEQ
--------------------------------------------------------

   CREATE SEQUENCE  "FLIGHT_DEV"."BOR_BORD_LOG_ENTRY_SEQ"  MINVALUE 1 MAXVALUE 9999999999999999999999999999 INCREMENT BY 1 START WITH 1 CACHE 20 NOORDER  NOCYCLE ;
--------------------------------------------------------
--  DDL for Sequence BOR_BORD_LOG_ENTRY_SEQ1
--------------------------------------------------------

   CREATE SEQUENCE  "FLIGHT_DEV"."BOR_BORD_LOG_ENTRY_SEQ1"  MINVALUE 1 MAXVALUE 9999999999999999999999999999 INCREMENT BY 1 START WITH 1 CACHE 20 NOORDER  NOCYCLE ;
--------------------------------------------------------
--  DDL for Sequence BOR_BORD_LOG_SEQ
--------------------------------------------------------

   CREATE SEQUENCE  "FLIGHT_DEV"."BOR_BORD_LOG_SEQ"  MINVALUE 1 MAXVALUE 9999999999999999999999999999 INCREMENT BY 1 START WITH 1 CACHE 20 NOORDER  NOCYCLE ;
--------------------------------------------------------
--  DDL for Sequence BOR_BORD_LOG_SEQ1
--------------------------------------------------------

   CREATE SEQUENCE  "FLIGHT_DEV"."BOR_BORD_LOG_SEQ1"  MINVALUE 1 MAXVALUE 9999999999999999999999999999 INCREMENT BY 1 START WITH 1 CACHE 20 NOORDER  NOCYCLE ;
--------------------------------------------------------
--  DDL for Sequence BOR_BORD_LOG_SEQ2
--------------------------------------------------------

   CREATE SEQUENCE  "FLIGHT_DEV"."BOR_BORD_LOG_SEQ2"  MINVALUE 1 MAXVALUE 9999999999999999999999999999 INCREMENT BY 1 START WITH 67 CACHE 20 NOORDER  NOCYCLE ;
--------------------------------------------------------
--  DDL for Sequence BOR_BORD_LOG_SEQ3
--------------------------------------------------------

   CREATE SEQUENCE  "FLIGHT_DEV"."BOR_BORD_LOG_SEQ3"  MINVALUE 1 MAXVALUE 9999999999999999999999999999 INCREMENT BY 1 START WITH 1 CACHE 20 NOORDER  NOCYCLE ;
--------------------------------------------------------
--  DDL for Sequence COM_COMPANY_SEQ
--------------------------------------------------------

   CREATE SEQUENCE  "FLIGHT_DEV"."COM_COMPANY_SEQ"  MINVALUE 1 MAXVALUE 9999999999999999999999999999 INCREMENT BY 1 START WITH 21 CACHE 20 NOORDER  NOCYCLE ;
--------------------------------------------------------
--  DDL for Sequence CON_CONTACT_SEQ
--------------------------------------------------------

   CREATE SEQUENCE  "FLIGHT_DEV"."CON_CONTACT_SEQ"  MINVALUE 1 MAXVALUE 9999999999999999999999999999 INCREMENT BY 1 START WITH 21 CACHE 20 NOORDER  NOCYCLE ;
--------------------------------------------------------
--  DDL for Sequence CON_CONTACT_SEQ1
--------------------------------------------------------

   CREATE SEQUENCE  "FLIGHT_DEV"."CON_CONTACT_SEQ1"  MINVALUE 1 MAXVALUE 9999999999999999999999999999 INCREMENT BY 1 START WITH 1 CACHE 20 NOORDER  NOCYCLE ;
--------------------------------------------------------
--  DDL for Sequence CON_CONTACT_TYPE_SEQ
--------------------------------------------------------

   CREATE SEQUENCE  "FLIGHT_DEV"."CON_CONTACT_TYPE_SEQ"  MINVALUE 1 MAXVALUE 9999999999999999999999999999 INCREMENT BY 1 START WITH 21 CACHE 20 NOORDER  NOCYCLE ;
--------------------------------------------------------
--  DDL for Sequence COST_COST_GRP_SEQ
--------------------------------------------------------

   CREATE SEQUENCE  "FLIGHT_DEV"."COST_COST_GRP_SEQ"  MINVALUE 1 MAXVALUE 9999999999999999999999999999 INCREMENT BY 1 START WITH 9 CACHE 20 NOORDER  NOCYCLE ;
--------------------------------------------------------
--  DDL for Sequence DEPT_SEQ
--------------------------------------------------------

   CREATE SEQUENCE  "FLIGHT_DEV"."DEPT_SEQ"  MINVALUE 1 MAXVALUE 9999999999999999999999999999 INCREMENT BY 1 START WITH 50 CACHE 20 NOORDER  NOCYCLE ;
--------------------------------------------------------
--  DDL for Sequence DOC_DOCUMENT_SEQ
--------------------------------------------------------

   CREATE SEQUENCE  "FLIGHT_DEV"."DOC_DOCUMENT_SEQ"  MINVALUE 1 MAXVALUE 9999999999999999999999999999 INCREMENT BY 1 START WITH 61 CACHE 20 NOORDER  NOCYCLE ;
--------------------------------------------------------
--  DDL for Sequence DOC_DOCUMENT_SEQ1
--------------------------------------------------------

   CREATE SEQUENCE  "FLIGHT_DEV"."DOC_DOCUMENT_SEQ1"  MINVALUE 1 MAXVALUE 9999999999999999999999999999 INCREMENT BY 1 START WITH 61 CACHE 20 NOORDER  NOCYCLE ;
--------------------------------------------------------
--  DDL for Sequence DOC_DOCUMENT_TYPE_SEQ
--------------------------------------------------------

   CREATE SEQUENCE  "FLIGHT_DEV"."DOC_DOCUMENT_TYPE_SEQ"  MINVALUE 1 MAXVALUE 9999999999999999999999999999 INCREMENT BY 1 START WITH 41 CACHE 20 NOORDER  NOCYCLE ;
--------------------------------------------------------
--  DDL for Sequence DOC_DOCUMENT_TYPE_SEQ1
--------------------------------------------------------

   CREATE SEQUENCE  "FLIGHT_DEV"."DOC_DOCUMENT_TYPE_SEQ1"  MINVALUE 1 MAXVALUE 9999999999999999999999999999 INCREMENT BY 1 START WITH 41 CACHE 20 NOORDER  NOCYCLE ;
--------------------------------------------------------
--  DDL for Sequence DOC_USAGE_TYPE_SEQ
--------------------------------------------------------

   CREATE SEQUENCE  "FLIGHT_DEV"."DOC_USAGE_TYPE_SEQ"  MINVALUE 1 MAXVALUE 9999999999999999999999999999 INCREMENT BY 1 START WITH 21 CACHE 20 NOORDER  NOCYCLE ;
--------------------------------------------------------
--  DDL for Sequence DOC_USAGE_TYPE_SEQ1
--------------------------------------------------------

   CREATE SEQUENCE  "FLIGHT_DEV"."DOC_USAGE_TYPE_SEQ1"  MINVALUE 1 MAXVALUE 9999999999999999999999999999 INCREMENT BY 1 START WITH 1 CACHE 20 NOORDER  NOCYCLE ;
--------------------------------------------------------
--  DDL for Sequence EMP_SEQ
--------------------------------------------------------

   CREATE SEQUENCE  "FLIGHT_DEV"."EMP_SEQ"  MINVALUE 1 MAXVALUE 9999999999999999999999999999 INCREMENT BY 1 START WITH 8000 CACHE 20 NOORDER  NOCYCLE ;
--------------------------------------------------------
--  DDL for Sequence FLI_FLIGHT_SEQ
--------------------------------------------------------

   CREATE SEQUENCE  "FLIGHT_DEV"."FLI_FLIGHT_SEQ"  MINVALUE 1 MAXVALUE 9999999999999999999999999999 INCREMENT BY 1 START WITH 1 CACHE 20 NOORDER  NOCYCLE ;
--------------------------------------------------------
--  DDL for Sequence FLI_FLIGHT_SEQ1
--------------------------------------------------------

   CREATE SEQUENCE  "FLIGHT_DEV"."FLI_FLIGHT_SEQ1"  MINVALUE 1 MAXVALUE 9999999999999999999999999999 INCREMENT BY 1 START WITH 1 CACHE 20 NOORDER  NOCYCLE ;
--------------------------------------------------------
--  DDL for Sequence FLI_FLIGHT_SEQ2
--------------------------------------------------------

   CREATE SEQUENCE  "FLIGHT_DEV"."FLI_FLIGHT_SEQ2"  MINVALUE 1 MAXVALUE 9999999999999999999999999999 INCREMENT BY 1 START WITH 81 CACHE 20 NOORDER  NOCYCLE ;
--------------------------------------------------------
--  DDL for Sequence MDT_MANDANT_SEQ
--------------------------------------------------------

   CREATE SEQUENCE  "FLIGHT_DEV"."MDT_MANDANT_SEQ"  MINVALUE 1 MAXVALUE 9999999999999999999999999999 INCREMENT BY 1 START WITH 21 CACHE 20 NOORDER  NOCYCLE ;
--------------------------------------------------------
--  DDL for Sequence MDT_MANDANT_SEQ1
--------------------------------------------------------

   CREATE SEQUENCE  "FLIGHT_DEV"."MDT_MANDANT_SEQ1"  MINVALUE 1 MAXVALUE 9999999999999999999999999999 INCREMENT BY 1 START WITH 21 CACHE 20 NOORDER  NOCYCLE ;
--------------------------------------------------------
--  DDL for Sequence MDT_MANDANT_SEQ2
--------------------------------------------------------

   CREATE SEQUENCE  "FLIGHT_DEV"."MDT_MANDANT_SEQ2"  MINVALUE 1 MAXVALUE 9999999999999999999999999999 INCREMENT BY 1 START WITH 21 CACHE 20 NOORDER  NOCYCLE ;
--------------------------------------------------------
--  DDL for Sequence ORG_ORG_UNIT_REL_TYPE_SEQ
--------------------------------------------------------

   CREATE SEQUENCE  "FLIGHT_DEV"."ORG_ORG_UNIT_REL_TYPE_SEQ"  MINVALUE 1 MAXVALUE 9999999999999999999999999999 INCREMENT BY 1 START WITH 1 CACHE 20 NOORDER  NOCYCLE ;
--------------------------------------------------------
--  DDL for Sequence ORG_ORG_UNIT_SEQ
--------------------------------------------------------

   CREATE SEQUENCE  "FLIGHT_DEV"."ORG_ORG_UNIT_SEQ"  MINVALUE 1 MAXVALUE 9999999999999999999999999999 INCREMENT BY 1 START WITH 21 CACHE 20 NOORDER  NOCYCLE ;
--------------------------------------------------------
--  DDL for Sequence ORG_ORG_UNIT_SEQ1
--------------------------------------------------------

   CREATE SEQUENCE  "FLIGHT_DEV"."ORG_ORG_UNIT_SEQ1"  MINVALUE 1 MAXVALUE 9999999999999999999999999999 INCREMENT BY 1 START WITH 1 CACHE 20 NOORDER  NOCYCLE ;
--------------------------------------------------------
--  DDL for Sequence ORG_ORG_UNIT_TYPE_SEQ
--------------------------------------------------------

   CREATE SEQUENCE  "FLIGHT_DEV"."ORG_ORG_UNIT_TYPE_SEQ"  MINVALUE 1 MAXVALUE 9999999999999999999999999999 INCREMENT BY 1 START WITH 1 CACHE 20 NOORDER  NOCYCLE ;
--------------------------------------------------------
--  DDL for Sequence ORG_UNIT_CHECK_OUT_SEQ
--------------------------------------------------------

   CREATE SEQUENCE  "FLIGHT_DEV"."ORG_UNIT_CHECK_OUT_SEQ"  MINVALUE 1 MAXVALUE 9999999999999999999999999999 INCREMENT BY 1 START WITH 21 CACHE 20 NOORDER  NOCYCLE ;
--------------------------------------------------------
--  DDL for Sequence ORG_UNIT_REL_TYPE_SEQ
--------------------------------------------------------

   CREATE SEQUENCE  "FLIGHT_DEV"."ORG_UNIT_REL_TYPE_SEQ"  MINVALUE 1 MAXVALUE 9999999999999999999999999999 INCREMENT BY 1 START WITH 21 CACHE 20 NOORDER  NOCYCLE ;
--------------------------------------------------------
--  DDL for Sequence ORG_UNIT_REL_TYPE_SEQ1
--------------------------------------------------------

   CREATE SEQUENCE  "FLIGHT_DEV"."ORG_UNIT_REL_TYPE_SEQ1"  MINVALUE 1 MAXVALUE 9999999999999999999999999999 INCREMENT BY 1 START WITH 1 CACHE 20 NOORDER  NOCYCLE ;
--------------------------------------------------------
--  DDL for Sequence ORG_UNIT_SEQ
--------------------------------------------------------

   CREATE SEQUENCE  "FLIGHT_DEV"."ORG_UNIT_SEQ"  MINVALUE 1 MAXVALUE 9999999999999999999999999999 INCREMENT BY 1 START WITH 1 CACHE 20 NOORDER  NOCYCLE ;
--------------------------------------------------------
--  DDL for Sequence ORG_UNIT_SEQ1
--------------------------------------------------------

   CREATE SEQUENCE  "FLIGHT_DEV"."ORG_UNIT_SEQ1"  MINVALUE 1 MAXVALUE 9999999999999999999999999999 INCREMENT BY 1 START WITH 1 CACHE 20 NOORDER  NOCYCLE ;
--------------------------------------------------------
--  DDL for Sequence ORG_UNIT_SEQ2
--------------------------------------------------------

   CREATE SEQUENCE  "FLIGHT_DEV"."ORG_UNIT_SEQ2"  MINVALUE 1 MAXVALUE 9999999999999999999999999999 INCREMENT BY 1 START WITH 1 CACHE 20 NOORDER  NOCYCLE ;
--------------------------------------------------------
--  DDL for Sequence ORG_UNIT_TYPE_SEQ
--------------------------------------------------------

   CREATE SEQUENCE  "FLIGHT_DEV"."ORG_UNIT_TYPE_SEQ"  MINVALUE 1 MAXVALUE 9999999999999999999999999999 INCREMENT BY 1 START WITH 21 CACHE 20 NOORDER  NOCYCLE ;
--------------------------------------------------------
--  DDL for Sequence REL_BORD_LOG_ENTRY_PAY_SEQ
--------------------------------------------------------

   CREATE SEQUENCE  "FLIGHT_DEV"."REL_BORD_LOG_ENTRY_PAY_SEQ"  MINVALUE 1 MAXVALUE 9999999999999999999999999999 INCREMENT BY 1 START WITH 1 CACHE 20 NOORDER  NOCYCLE ;
--------------------------------------------------------
--  DDL for Sequence REL_CONTACT_ADDRESS_SEQ
--------------------------------------------------------

   CREATE SEQUENCE  "FLIGHT_DEV"."REL_CONTACT_ADDRESS_SEQ"  MINVALUE 1 MAXVALUE 9999999999999999999999999999 INCREMENT BY 1 START WITH 1 CACHE 20 NOORDER  NOCYCLE ;
--------------------------------------------------------
--  DDL for Sequence REL_CONTACT_BANKACCOUNT_SEQ
--------------------------------------------------------

   CREATE SEQUENCE  "FLIGHT_DEV"."REL_CONTACT_BANKACCOUNT_SEQ"  MINVALUE 1 MAXVALUE 9999999999999999999999999999 INCREMENT BY 1 START WITH 1 CACHE 20 NOORDER  NOCYCLE ;
--------------------------------------------------------
--  DDL for Sequence REL_DOC_CONTACT_SEQ
--------------------------------------------------------

   CREATE SEQUENCE  "FLIGHT_DEV"."REL_DOC_CONTACT_SEQ"  MINVALUE 1 MAXVALUE 9999999999999999999999999999 INCREMENT BY 1 START WITH 61 CACHE 20 NOORDER  NOCYCLE ;
--------------------------------------------------------
--  DDL for Sequence REL_DOC_TYPE_USAGE_TYPE_SEQ
--------------------------------------------------------

   CREATE SEQUENCE  "FLIGHT_DEV"."REL_DOC_TYPE_USAGE_TYPE_SEQ"  MINVALUE 1 MAXVALUE 9999999999999999999999999999 INCREMENT BY 1 START WITH 65 CACHE 20 NOORDER  NOCYCLE ;
--------------------------------------------------------
--  DDL for Sequence REL_ORG_UNIT_CON_CON_TYPE_SEQ
--------------------------------------------------------

   CREATE SEQUENCE  "FLIGHT_DEV"."REL_ORG_UNIT_CON_CON_TYPE_SEQ"  MINVALUE 1 MAXVALUE 9999999999999999999999999999 INCREMENT BY 1 START WITH 21 CACHE 20 NOORDER  NOCYCLE ;
--------------------------------------------------------
--  DDL for Sequence REL_ORG_UNIT_CON_ORG_REL_TYPE1
--------------------------------------------------------

   CREATE SEQUENCE  "FLIGHT_DEV"."REL_ORG_UNIT_CON_ORG_REL_TYPE1"  MINVALUE 1 MAXVALUE 9999999999999999999999999999 INCREMENT BY 1 START WITH 1 CACHE 20 NOORDER  NOCYCLE ;
--------------------------------------------------------
--  DDL for Sequence REL_ORG_UNIT_CON_ORG_TYPE_SEQ
--------------------------------------------------------

   CREATE SEQUENCE  "FLIGHT_DEV"."REL_ORG_UNIT_CON_ORG_TYPE_SEQ"  MINVALUE 1 MAXVALUE 9999999999999999999999999999 INCREMENT BY 1 START WITH 1 CACHE 20 NOORDER  NOCYCLE ;
--------------------------------------------------------
--  DDL for Sequence REL_ORG_UNIT_CON_ORG_TYPE_SEQ1
--------------------------------------------------------

   CREATE SEQUENCE  "FLIGHT_DEV"."REL_ORG_UNIT_CON_ORG_TYPE_SEQ1"  MINVALUE 1 MAXVALUE 9999999999999999999999999999 INCREMENT BY 1 START WITH 1 CACHE 20 NOORDER  NOCYCLE ;
--------------------------------------------------------
--  DDL for Sequence REL_ORG_UNIT_CON_SEQ
--------------------------------------------------------

   CREATE SEQUENCE  "FLIGHT_DEV"."REL_ORG_UNIT_CON_SEQ"  MINVALUE 1 MAXVALUE 9999999999999999999999999999 INCREMENT BY 1 START WITH 1 CACHE 20 NOORDER  NOCYCLE ;
--------------------------------------------------------
--  DDL for Sequence REL_ORG_UNIT_CONTACT_SEQ
--------------------------------------------------------

   CREATE SEQUENCE  "FLIGHT_DEV"."REL_ORG_UNIT_CONTACT_SEQ"  MINVALUE 1 MAXVALUE 9999999999999999999999999999 INCREMENT BY 1 START WITH 1 CACHE 20 NOORDER  NOCYCLE ;
--------------------------------------------------------
--  DDL for Sequence REL_ORG_UNIT_CONTACT_SEQ1
--------------------------------------------------------

   CREATE SEQUENCE  "FLIGHT_DEV"."REL_ORG_UNIT_CONTACT_SEQ1"  MINVALUE 1 MAXVALUE 9999999999999999999999999999 INCREMENT BY 1 START WITH 1 CACHE 20 NOORDER  NOCYCLE ;
--------------------------------------------------------
--  DDL for Sequence REL_ORG_UNIT_CONTACT_SEQ2
--------------------------------------------------------

   CREATE SEQUENCE  "FLIGHT_DEV"."REL_ORG_UNIT_CONTACT_SEQ2"  MINVALUE 1 MAXVALUE 9999999999999999999999999999 INCREMENT BY 1 START WITH 1 CACHE 20 NOORDER  NOCYCLE ;
--------------------------------------------------------
--  DDL for Sequence REL_ORG_UNIT_ORG_REL_TYPE_SEQ
--------------------------------------------------------

   CREATE SEQUENCE  "FLIGHT_DEV"."REL_ORG_UNIT_ORG_REL_TYPE_SEQ"  MINVALUE 1 MAXVALUE 9999999999999999999999999999 INCREMENT BY 1 START WITH 5 CACHE 20 NOORDER  NOCYCLE ;
--------------------------------------------------------
--  DDL for Sequence REL_PLANE_FLIGHT_CHARTERER_SE
--------------------------------------------------------

   CREATE SEQUENCE  "FLIGHT_DEV"."REL_PLANE_FLIGHT_CHARTERER_SE"  MINVALUE 1 MAXVALUE 9999999999999999999999999999 INCREMENT BY 1 START WITH 1 CACHE 20 NOORDER  NOCYCLE ;
--------------------------------------------------------
--  DDL for Sequence REL_PLANE_FLIGHT_CHARTERER_SEQ
--------------------------------------------------------

   CREATE SEQUENCE  "FLIGHT_DEV"."REL_PLANE_FLIGHT_CHARTERER_SEQ"  MINVALUE 1 MAXVALUE 9999999999999999999999999999 INCREMENT BY 1 START WITH 1 CACHE 20 NOORDER  NOCYCLE ;
--------------------------------------------------------
--  DDL for Sequence REL_PLANE_FLIGHT_SEQ
--------------------------------------------------------

   CREATE SEQUENCE  "FLIGHT_DEV"."REL_PLANE_FLIGHT_SEQ"  MINVALUE 1 MAXVALUE 9999999999999999999999999999 INCREMENT BY 1 START WITH 1 CACHE 20 NOORDER  NOCYCLE ;
--------------------------------------------------------
--  DDL for Sequence RES_RESERVATION_SEQ
--------------------------------------------------------

   CREATE SEQUENCE  "FLIGHT_DEV"."RES_RESERVATION_SEQ"  MINVALUE 1 MAXVALUE 9999999999999999999999999999 INCREMENT BY 1 START WITH 1 CACHE 20 NOORDER  NOCYCLE ;
--------------------------------------------------------
--  DDL for Table ADR_ADDRESS
--------------------------------------------------------

  CREATE TABLE "FLIGHT_DEV"."ADR_ADDRESS" 
   (	"PK_ADR_ADDRESS" NUMBER, 
	"FK_MDT_MANDANT" NUMBER, 
	"STREET" VARCHAR2(4000 BYTE), 
	"STREET_NO" VARCHAR2(20 BYTE), 
	"ZIP_CODE" VARCHAR2(20 BYTE), 
	"FK_ADR_CITY" NUMBER
   ) SEGMENT CREATION IMMEDIATE 
  PCTFREE 10 PCTUSED 40 INITRANS 1 MAXTRANS 255 NOCOMPRESS LOGGING
  STORAGE(INITIAL 65536 NEXT 1048576 MINEXTENTS 1 MAXEXTENTS 2147483645
  PCTINCREASE 0 FREELISTS 1 FREELIST GROUPS 1 BUFFER_POOL DEFAULT FLASH_CACHE DEFAULT CELL_FLASH_CACHE DEFAULT)
  TABLESPACE "USERS" ;
--------------------------------------------------------
--  DDL for Table ADR_CITY
--------------------------------------------------------

  CREATE TABLE "FLIGHT_DEV"."ADR_CITY" 
   (	"PK_ADR_CITY" NUMBER, 
	"CITY" VARCHAR2(4000 BYTE), 
	"FK_ADR_COUNTRY" NUMBER
   ) SEGMENT CREATION IMMEDIATE 
  PCTFREE 10 PCTUSED 40 INITRANS 1 MAXTRANS 255 NOCOMPRESS LOGGING
  STORAGE(INITIAL 65536 NEXT 1048576 MINEXTENTS 1 MAXEXTENTS 2147483645
  PCTINCREASE 0 FREELISTS 1 FREELIST GROUPS 1 BUFFER_POOL DEFAULT FLASH_CACHE DEFAULT CELL_FLASH_CACHE DEFAULT)
  TABLESPACE "USERS" ;
--------------------------------------------------------
--  DDL for Table ADR_COUNTRY
--------------------------------------------------------

  CREATE TABLE "FLIGHT_DEV"."ADR_COUNTRY" 
   (	"PK_ADR_COUNTRY" NUMBER, 
	"COUNTRY" VARCHAR2(4000 BYTE), 
	"PHONE_CODE" VARCHAR2(20 BYTE)
   ) SEGMENT CREATION IMMEDIATE 
  PCTFREE 10 PCTUSED 40 INITRANS 1 MAXTRANS 255 NOCOMPRESS LOGGING
  STORAGE(INITIAL 65536 NEXT 1048576 MINEXTENTS 1 MAXEXTENTS 2147483645
  PCTINCREASE 0 FREELISTS 1 FREELIST GROUPS 1 BUFFER_POOL DEFAULT FLASH_CACHE DEFAULT CELL_FLASH_CACHE DEFAULT)
  TABLESPACE "USERS" ;
--------------------------------------------------------
--  DDL for Table APL_ENGINE_TYPE
--------------------------------------------------------

  CREATE TABLE "FLIGHT_DEV"."APL_ENGINE_TYPE" 
   (	"PK_APL_ENGINE_TYPE" NUMBER, 
	"FK_MDT_MANDANT" NUMBER, 
	"ENGINE_TYPE" VARCHAR2(400 BYTE)
   ) SEGMENT CREATION IMMEDIATE 
  PCTFREE 10 PCTUSED 40 INITRANS 1 MAXTRANS 255 NOCOMPRESS LOGGING
  STORAGE(INITIAL 65536 NEXT 1048576 MINEXTENTS 1 MAXEXTENTS 2147483645
  PCTINCREASE 0 FREELISTS 1 FREELIST GROUPS 1 BUFFER_POOL DEFAULT FLASH_CACHE DEFAULT CELL_FLASH_CACHE DEFAULT)
  TABLESPACE "USERS" ;
--------------------------------------------------------
--  DDL for Table APL_MAINT
--------------------------------------------------------

  CREATE TABLE "FLIGHT_DEV"."APL_MAINT" 
   (	"PK_APL_MAINT" NUMBER, 
	"INSP" VARCHAR2(4000 BYTE), 
	"DATE_CALC" DATE, 
	"DATE_PLANNED" DATE, 
	"DATE_DONE" DATE, 
	"FK_APL_PLANE" NUMBER, 
	"CREATED_AT" DATE, 
	"CREATED_BY" VARCHAR2(20 BYTE), 
	"MODIFIED_AT" DATE, 
	"PRICE_NET_PLANNED" NUMBER, 
	"PRICE_NET_FINAL" NUMBER, 
	"PRICE_BR_PLANNED" NUMBER, 
	"PRICE_TAX_PLANNED" NUMBER, 
	"PRICE_TAX_FINAL" NUMBER, 
	"PRICE_CURR" NUMBER, 
	"PRICED_BR_FINAL" NUMBER, 
	"MODIFIED_BY" VARCHAR2(20 BYTE), 
	"FK_APL_MAINT_PROGR" NUMBER, 
	"FK_MDT_MANDANT" NUMBER
   ) SEGMENT CREATION IMMEDIATE 
  PCTFREE 10 PCTUSED 40 INITRANS 1 MAXTRANS 255 NOCOMPRESS LOGGING
  STORAGE(INITIAL 65536 NEXT 1048576 MINEXTENTS 1 MAXEXTENTS 2147483645
  PCTINCREASE 0 FREELISTS 1 FREELIST GROUPS 1 BUFFER_POOL DEFAULT FLASH_CACHE DEFAULT CELL_FLASH_CACHE DEFAULT)
  TABLESPACE "USERS" ;
--------------------------------------------------------
--  DDL for Table APL_MAINT_PROGR
--------------------------------------------------------

  CREATE TABLE "FLIGHT_DEV"."APL_MAINT_PROGR" 
   (	"PK_APL_MAINT_PROGR" NUMBER, 
	"FK_MDT_MANDANT" NUMBER, 
	"MAINT_PROGR" VARCHAR2(400 BYTE)
   ) SEGMENT CREATION IMMEDIATE 
  PCTFREE 10 PCTUSED 40 INITRANS 1 MAXTRANS 255 NOCOMPRESS LOGGING
  STORAGE(INITIAL 65536 NEXT 1048576 MINEXTENTS 1 MAXEXTENTS 2147483645
  PCTINCREASE 0 FREELISTS 1 FREELIST GROUPS 1 BUFFER_POOL DEFAULT FLASH_CACHE DEFAULT CELL_FLASH_CACHE DEFAULT)
  TABLESPACE "USERS" ;
--------------------------------------------------------
--  DDL for Table ORG_UNIT_TYPE
--------------------------------------------------------

  CREATE TABLE "FLIGHT_DEV"."ORG_UNIT_TYPE" 
   (	"PK_ORG_UNIT_TYPE" NUMBER, 
	"ORG_UNIT_TYPE_NAME_DE" VARCHAR2(4000 BYTE), 
	"ORG_UNIT_TYPE_NAME_EN" VARCHAR2(4000 BYTE)
   ) SEGMENT CREATION IMMEDIATE 
  PCTFREE 10 PCTUSED 40 INITRANS 1 MAXTRANS 255 NOCOMPRESS LOGGING
  STORAGE(INITIAL 65536 NEXT 1048576 MINEXTENTS 1 MAXEXTENTS 2147483645
  PCTINCREASE 0 FREELISTS 1 FREELIST GROUPS 1 BUFFER_POOL DEFAULT FLASH_CACHE DEFAULT CELL_FLASH_CACHE DEFAULT)
  TABLESPACE "USERS" ;
--------------------------------------------------------
--  DDL for Table PAY_PAYMENT
--------------------------------------------------------

  CREATE TABLE "FLIGHT_DEV"."PAY_PAYMENT" 
   (	"PK_PAY_PAYMENT" NUMBER, 
	"FK_MDT_MANDANT" NUMBER, 
	"VALUE" VARCHAR2(20 BYTE), 
	"FK_PAY_PAYMENT_TYPE" NUMBER, 
	"PAY_DATE" NUMBER, 
	"BOOKING_DATE" NUMBER, 
	"CREATED_BY" VARCHAR2(20 BYTE), 
	"CREATED_AT" DATE, 
	"MODIFIED_BY" VARCHAR2(20 BYTE), 
	"MODIFY_AT" DATE, 
	"FK_APL_PLANE" NUMBER
   ) SEGMENT CREATION IMMEDIATE 
  PCTFREE 10 PCTUSED 40 INITRANS 1 MAXTRANS 255 NOCOMPRESS LOGGING
  STORAGE(INITIAL 65536 NEXT 1048576 MINEXTENTS 1 MAXEXTENTS 2147483645
  PCTINCREASE 0 FREELISTS 1 FREELIST GROUPS 1 BUFFER_POOL DEFAULT FLASH_CACHE DEFAULT CELL_FLASH_CACHE DEFAULT)
  TABLESPACE "USERS" ;
--------------------------------------------------------
--  DDL for Table PAY_PAYMENT_TYPE
--------------------------------------------------------

  CREATE TABLE "FLIGHT_DEV"."PAY_PAYMENT_TYPE" 
   (	"PK_PAY_PAYMENT_TYPE" NUMBER, 
	"PAYMENT_TYPE" VARCHAR2(4000 BYTE), 
	"FK_MDT_MANDANT" NUMBER
   ) SEGMENT CREATION IMMEDIATE 
  PCTFREE 10 PCTUSED 40 INITRANS 1 MAXTRANS 255 NOCOMPRESS LOGGING
  STORAGE(INITIAL 65536 NEXT 1048576 MINEXTENTS 1 MAXEXTENTS 2147483645
  PCTINCREASE 0 FREELISTS 1 FREELIST GROUPS 1 BUFFER_POOL DEFAULT FLASH_CACHE DEFAULT CELL_FLASH_CACHE DEFAULT)
  TABLESPACE "USERS" ;
--------------------------------------------------------
--  DDL for Table PLA_ENGINE_TYPE
--------------------------------------------------------

  CREATE TABLE "FLIGHT_DEV"."PLA_ENGINE_TYPE" 
   (	"PK_PLA_ENGINE_TYPE" NUMBER, 
	"FK_MDT_MANDANT" NUMBER, 
	"ENGINE_TYPE" VARCHAR2(400 BYTE)
   ) SEGMENT CREATION IMMEDIATE 
  PCTFREE 10 PCTUSED 40 INITRANS 1 MAXTRANS 255 NOCOMPRESS LOGGING
  STORAGE(INITIAL 65536 NEXT 1048576 MINEXTENTS 1 MAXEXTENTS 2147483645
  PCTINCREASE 0 FREELISTS 1 FREELIST GROUPS 1 BUFFER_POOL DEFAULT FLASH_CACHE DEFAULT CELL_FLASH_CACHE DEFAULT)
  TABLESPACE "USERS" ;
--------------------------------------------------------
--  DDL for Table REL_AIRPORT_LOCATION
--------------------------------------------------------

  CREATE TABLE "FLIGHT_DEV"."REL_AIRPORT_LOCATION" 
   (	"PK_REL_AIRPORT_LOCATION" NUMBER, 
	"FK_ARP_AIRPORT" NUMBER, 
	"FK_LOC_LOCATION" NUMBER
   ) SEGMENT CREATION IMMEDIATE 
  PCTFREE 10 PCTUSED 40 INITRANS 1 MAXTRANS 255 NOCOMPRESS LOGGING
  STORAGE(INITIAL 65536 NEXT 1048576 MINEXTENTS 1 MAXEXTENTS 2147483645
  PCTINCREASE 0 FREELISTS 1 FREELIST GROUPS 1 BUFFER_POOL DEFAULT FLASH_CACHE DEFAULT CELL_FLASH_CACHE DEFAULT)
  TABLESPACE "USERS" ;
--------------------------------------------------------
--  DDL for Table REL_BORD_LOG_ENTRY_PAY
--------------------------------------------------------

  CREATE TABLE "FLIGHT_DEV"."REL_BORD_LOG_ENTRY_PAY" 
   (	"PK_BORD_LOG_ENTRY_PAY" NUMBER, 
	"FK_MDT_MANDANT" NUMBER, 
	"FK_BORD_LOG_ENTRY" NUMBER, 
	"FK_PAY_PAYMENT" NUMBER, 
	"ADDITIONAL_COSTS" NUMBER, 
	"CREDIT_NOTE" NUMBER, 
	"CREDIT_NOTE_CURRENCY" VARCHAR2(20 BYTE)
   ) SEGMENT CREATION IMMEDIATE 
  PCTFREE 10 PCTUSED 40 INITRANS 1 MAXTRANS 255 NOCOMPRESS LOGGING
  STORAGE(INITIAL 65536 NEXT 1048576 MINEXTENTS 1 MAXEXTENTS 2147483645
  PCTINCREASE 0 FREELISTS 1 FREELIST GROUPS 1 BUFFER_POOL DEFAULT FLASH_CACHE DEFAULT CELL_FLASH_CACHE DEFAULT)
  TABLESPACE "USERS" ;
--------------------------------------------------------
--  DDL for Table REL_CONTACT_ADDRESS
--------------------------------------------------------

  CREATE TABLE "FLIGHT_DEV"."REL_CONTACT_ADDRESS" 
   (	"PK_REL_CONTACT_ADDRESS" NUMBER, 
	"FK_MDT_MANDANT" NUMBER, 
	"FK_CON_CONTACT" NUMBER, 
	"FK_ADR_ADDRESS" NUMBER, 
	"FK_ADR_COUNTRY" NUMBER, 
	"PHONE_NO" VARCHAR2(4000 BYTE), 
	"EMAIL" VARCHAR2(4000 BYTE)
   ) SEGMENT CREATION IMMEDIATE 
  PCTFREE 10 PCTUSED 40 INITRANS 1 MAXTRANS 255 NOCOMPRESS LOGGING
  STORAGE(INITIAL 65536 NEXT 1048576 MINEXTENTS 1 MAXEXTENTS 2147483645
  PCTINCREASE 0 FREELISTS 1 FREELIST GROUPS 1 BUFFER_POOL DEFAULT FLASH_CACHE DEFAULT CELL_FLASH_CACHE DEFAULT)
  TABLESPACE "USERS" ;

   COMMENT ON COLUMN "FLIGHT_DEV"."REL_CONTACT_ADDRESS"."FK_ADR_COUNTRY" IS 'PHONE PREFIX';
--------------------------------------------------------
--  DDL for Table REL_CONTACT_BANKACCOUNT
--------------------------------------------------------

  CREATE TABLE "FLIGHT_DEV"."REL_CONTACT_BANKACCOUNT" 
   (	"PK_CONTACT_BANKACCOUNT" NUMBER, 
	"FK_MDT_MANDANT" NUMBER, 
	"FK_BAK_BANKACCOUNT" NUMBER, 
	"VALID" NUMBER, 
	"VALID_FROM" DATE, 
	"VALID_TO" DATE, 
	"FK_CON_CONTACT" NUMBER
   ) SEGMENT CREATION IMMEDIATE 
  PCTFREE 10 PCTUSED 40 INITRANS 1 MAXTRANS 255 NOCOMPRESS LOGGING
  STORAGE(INITIAL 65536 NEXT 1048576 MINEXTENTS 1 MAXEXTENTS 2147483645
  PCTINCREASE 0 FREELISTS 1 FREELIST GROUPS 1 BUFFER_POOL DEFAULT FLASH_CACHE DEFAULT CELL_FLASH_CACHE DEFAULT)
  TABLESPACE "USERS" ;
--------------------------------------------------------
--  DDL for Table REL_DOC_CONTACT
--------------------------------------------------------

  CREATE TABLE "FLIGHT_DEV"."REL_DOC_CONTACT" 
   (	"PK_REL_DOC_CONTACT" NUMBER, 
	"FK_MDT_MANDANT" NUMBER, 
	"FK_DOC_DOCUMENT" NUMBER, 
	"FK_CON_CONTACT" NUMBER
   ) SEGMENT CREATION IMMEDIATE 
  PCTFREE 10 PCTUSED 40 INITRANS 1 MAXTRANS 255 NOCOMPRESS LOGGING
  STORAGE(INITIAL 65536 NEXT 1048576 MINEXTENTS 1 MAXEXTENTS 2147483645
  PCTINCREASE 0 FREELISTS 1 FREELIST GROUPS 1 BUFFER_POOL DEFAULT FLASH_CACHE DEFAULT CELL_FLASH_CACHE DEFAULT)
  TABLESPACE "USERS" ;
--------------------------------------------------------
--  DDL for Table REL_DOC_FLIGHT
--------------------------------------------------------

  CREATE TABLE "FLIGHT_DEV"."REL_DOC_FLIGHT" 
   (	"PK_REL_DOC_FLIGHT" NUMBER, 
	"FK_MDT_MANDANT" NUMBER, 
	"FK_DOC_DOCUMENT" NUMBER, 
	"FK_FLI_FLIGHT" NUMBER
   ) SEGMENT CREATION IMMEDIATE 
  PCTFREE 10 PCTUSED 40 INITRANS 1 MAXTRANS 255 NOCOMPRESS LOGGING
  STORAGE(INITIAL 65536 NEXT 1048576 MINEXTENTS 1 MAXEXTENTS 2147483645
  PCTINCREASE 0 FREELISTS 1 FREELIST GROUPS 1 BUFFER_POOL DEFAULT FLASH_CACHE DEFAULT CELL_FLASH_CACHE DEFAULT)
  TABLESPACE "USERS" ;
--------------------------------------------------------
--  DDL for Table REL_DOC_HANGAR
--------------------------------------------------------

  CREATE TABLE "FLIGHT_DEV"."REL_DOC_HANGAR" 
   (	"PK_REL_DOC_HANGAR" NUMBER, 
	"FK_MDT_MANDANT" NUMBER, 
	"FK_DOC_DOCUMENT" NUMBER, 
	"FK_HAN_HANGAR" NUMBER
   ) SEGMENT CREATION IMMEDIATE 
  PCTFREE 10 PCTUSED 40 INITRANS 1 MAXTRANS 255 NOCOMPRESS LOGGING
  STORAGE(INITIAL 65536 NEXT 1048576 MINEXTENTS 1 MAXEXTENTS 2147483645
  PCTINCREASE 0 FREELISTS 1 FREELIST GROUPS 1 BUFFER_POOL DEFAULT FLASH_CACHE DEFAULT CELL_FLASH_CACHE DEFAULT)
  TABLESPACE "USERS" ;
--------------------------------------------------------
--  DDL for Table REL_DOC_PLANE
--------------------------------------------------------

  CREATE TABLE "FLIGHT_DEV"."REL_DOC_PLANE" 
   (	"PK_REL_DOC_PLANE" NUMBER, 
	"FK_MDT_MANDANT" NUMBER, 
	"FK_DOC_DOCUMENT" NUMBER, 
	"FK_APL_PLANE" NUMBER
   ) SEGMENT CREATION IMMEDIATE 
  PCTFREE 10 PCTUSED 40 INITRANS 1 MAXTRANS 255 NOCOMPRESS LOGGING
  STORAGE(INITIAL 65536 NEXT 1048576 MINEXTENTS 1 MAXEXTENTS 2147483645
  PCTINCREASE 0 FREELISTS 1 FREELIST GROUPS 1 BUFFER_POOL DEFAULT FLASH_CACHE DEFAULT CELL_FLASH_CACHE DEFAULT)
  TABLESPACE "USERS" ;
--------------------------------------------------------
--  DDL for Table REL_DOC_TYPE_USAGE_TYPE
--------------------------------------------------------

  CREATE TABLE "FLIGHT_DEV"."REL_DOC_TYPE_USAGE_TYPE" 
   (	"PK_REL_DOC_TYPE_USAGE_TYPE" NUMBER, 
	"FK_DOC_DOCUMENT_TYPE" NUMBER, 
	"FK_DOC_USAGE_TYPE" NUMBER, 
	"VALID" NUMBER, 
	"VALID_FROM" DATE, 
	"VALID_TO" DATE, 
	"REQUIRED" NUMBER
   ) SEGMENT CREATION IMMEDIATE 
  PCTFREE 10 PCTUSED 40 INITRANS 1 MAXTRANS 255 NOCOMPRESS LOGGING
  STORAGE(INITIAL 65536 NEXT 1048576 MINEXTENTS 1 MAXEXTENTS 2147483645
  PCTINCREASE 0 FREELISTS 1 FREELIST GROUPS 1 BUFFER_POOL DEFAULT FLASH_CACHE DEFAULT CELL_FLASH_CACHE DEFAULT)
  TABLESPACE "USERS" ;
--------------------------------------------------------
--  DDL for Table REL_INV_PL_FLI_CH
--------------------------------------------------------

  CREATE TABLE "FLIGHT_DEV"."REL_INV_PL_FLI_CH" 
   (	"PK_INV_PL_FLI_CH" NUMBER, 
	"FK_MDT_MANDANT" NUMBER, 
	"FK_INV_INVOICE" NUMBER, 
	"FK_APL_PLANE" NUMBER, 
	"FK_FLI_FLIGHT" NUMBER, 
	"FK_CST_CUSTOMER" NUMBER, 
	"FK_REL_PLANE_FLIGHT" NUMBER, 
	"FK_REL_PLANE_FLIGHT_CHARTERER" NUMBER
   ) SEGMENT CREATION IMMEDIATE 
  PCTFREE 10 PCTUSED 40 INITRANS 1 MAXTRANS 255 NOCOMPRESS LOGGING
  STORAGE(INITIAL 65536 NEXT 1048576 MINEXTENTS 1 MAXEXTENTS 2147483645
  PCTINCREASE 0 FREELISTS 1 FREELIST GROUPS 1 BUFFER_POOL DEFAULT FLASH_CACHE DEFAULT CELL_FLASH_CACHE DEFAULT)
  TABLESPACE "USERS" ;

   COMMENT ON COLUMN "FLIGHT_DEV"."REL_INV_PL_FLI_CH"."FK_CST_CUSTOMER" IS 'Charterer';
--------------------------------------------------------
--  DDL for Table REL_ORG_UNIT_CON
--------------------------------------------------------

  CREATE TABLE "FLIGHT_DEV"."REL_ORG_UNIT_CON" 
   (	"PK_ORG_UNIT_CON" NUMBER, 
	"FK_MDT_MANDANT" NUMBER, 
	"FK_ORG_UNIT" NUMBER, 
	"FK_CON_CONTACT" NUMBER
   ) SEGMENT CREATION IMMEDIATE 
  PCTFREE 10 PCTUSED 40 INITRANS 1 MAXTRANS 255 NOCOMPRESS LOGGING
  STORAGE(INITIAL 65536 NEXT 1048576 MINEXTENTS 1 MAXEXTENTS 2147483645
  PCTINCREASE 0 FREELISTS 1 FREELIST GROUPS 1 BUFFER_POOL DEFAULT FLASH_CACHE DEFAULT CELL_FLASH_CACHE DEFAULT)
  TABLESPACE "USERS" ;
--------------------------------------------------------
--  DDL for Table REL_ORG_UNIT_CON_ORG_REL_TYPE
--------------------------------------------------------

  CREATE TABLE "FLIGHT_DEV"."REL_ORG_UNIT_CON_ORG_REL_TYPE" 
   (	"PK_ORG_UNIT_CON_ORG_REL_TYPE" NUMBER, 
	"FK_MDT_MANDANT" NUMBER, 
	"FK_ORG_UNIT_CONTACT" NUMBER, 
	"FK_ORG_UNIT_REL_TYPE" NUMBER
   ) SEGMENT CREATION IMMEDIATE 
  PCTFREE 10 PCTUSED 40 INITRANS 1 MAXTRANS 255 NOCOMPRESS LOGGING
  STORAGE(INITIAL 65536 NEXT 1048576 MINEXTENTS 1 MAXEXTENTS 2147483645
  PCTINCREASE 0 FREELISTS 1 FREELIST GROUPS 1 BUFFER_POOL DEFAULT FLASH_CACHE DEFAULT CELL_FLASH_CACHE DEFAULT)
  TABLESPACE "USERS" ;
--------------------------------------------------------
--  DDL for Table REL_PAY_PLANE_FLI_CH
--------------------------------------------------------

  CREATE TABLE "FLIGHT_DEV"."REL_PAY_PLANE_FLI_CH" 
   (	"PK_PAY_PLANE_FLI_CH" NUMBER, 
	"FK_MDT_MANDANT" NUMBER, 
	"FK_PAY_PAYMENT" NUMBER, 
	"FK_APL_PLANE" NUMBER, 
	"FK_REL_PLANE_FLIGHT_CHARTERER" NUMBER, 
	"FK_FLI_FLIGHT" NUMBER, 
	"FK_CST_CUSTOMER" NUMBER, 
	"FK_REL_PLANE_FLIGHT" NUMBER
   ) SEGMENT CREATION IMMEDIATE 
  PCTFREE 10 PCTUSED 40 INITRANS 1 MAXTRANS 255 NOCOMPRESS LOGGING
  STORAGE(INITIAL 65536 NEXT 1048576 MINEXTENTS 1 MAXEXTENTS 2147483645
  PCTINCREASE 0 FREELISTS 1 FREELIST GROUPS 1 BUFFER_POOL DEFAULT FLASH_CACHE DEFAULT CELL_FLASH_CACHE DEFAULT)
  TABLESPACE "USERS" ;
--------------------------------------------------------
--  DDL for Table REL_PLANE_FLIGHT
--------------------------------------------------------

  CREATE TABLE "FLIGHT_DEV"."REL_PLANE_FLIGHT" 
   (	"PK_PLANE_FLIGHT" NUMBER, 
	"FK_MDT_MANDANT" NUMBER, 
	"FK_APL_PLANE" NUMBER, 
	"FK_FLI_FLIGHT" NUMBER
   ) SEGMENT CREATION IMMEDIATE 
  PCTFREE 10 PCTUSED 40 INITRANS 1 MAXTRANS 255 NOCOMPRESS LOGGING
  STORAGE(INITIAL 65536 NEXT 1048576 MINEXTENTS 1 MAXEXTENTS 2147483645
  PCTINCREASE 0 FREELISTS 1 FREELIST GROUPS 1 BUFFER_POOL DEFAULT FLASH_CACHE DEFAULT CELL_FLASH_CACHE DEFAULT)
  TABLESPACE "USERS" ;
--------------------------------------------------------
--  DDL for Table REL_PLANE_FLIGHT_CHARTERER
--------------------------------------------------------

  CREATE TABLE "FLIGHT_DEV"."REL_PLANE_FLIGHT_CHARTERER" 
   (	"PK_REL_PLANE_FLIGHT_CHARTERER" NUMBER, 
	"FK_MDT_MANDANT" NUMBER, 
	"FK_REL_PLANE_FLIGHT" NUMBER, 
	"FK_CST_CUSTOMER" NUMBER
   ) SEGMENT CREATION IMMEDIATE 
  PCTFREE 10 PCTUSED 40 INITRANS 1 MAXTRANS 255 NOCOMPRESS LOGGING
  STORAGE(INITIAL 65536 NEXT 1048576 MINEXTENTS 1 MAXEXTENTS 2147483645
  PCTINCREASE 0 FREELISTS 1 FREELIST GROUPS 1 BUFFER_POOL DEFAULT FLASH_CACHE DEFAULT CELL_FLASH_CACHE DEFAULT)
  TABLESPACE "USERS" ;

   COMMENT ON COLUMN "FLIGHT_DEV"."REL_PLANE_FLIGHT_CHARTERER"."FK_CST_CUSTOMER" IS 'CHARTERER';
--------------------------------------------------------
--  DDL for Table RES_RESERVATION
--------------------------------------------------------

  CREATE TABLE "FLIGHT_DEV"."RES_RESERVATION" 
   (	"PK_RES_RESERVATION" NUMBER, 
	"FK_MDT_MANDANT" NUMBER, 
	"FROM_DATE" DATE, 
	"TO_DATE" DATE, 
	"VALID" NUMBER, 
	"VALID_FROM" DATE, 
	"VALID_TO" DATE, 
	"FK_STATE" DATE, 
	"CREATED_AT" DATE, 
	"CREATED_BY" VARCHAR2(20 BYTE), 
	"MODIFIED_AT" DATE, 
	"MODIFIED_BY" VARCHAR2(20 BYTE), 
	"FK_APL_PLANE" NUMBER, 
	"FK_CST_CUSTOMER" NUMBER
   ) SEGMENT CREATION IMMEDIATE 
  PCTFREE 10 PCTUSED 40 INITRANS 1 MAXTRANS 255 NOCOMPRESS LOGGING
  STORAGE(INITIAL 65536 NEXT 1048576 MINEXTENTS 1 MAXEXTENTS 2147483645
  PCTINCREASE 0 FREELISTS 1 FREELIST GROUPS 1 BUFFER_POOL DEFAULT FLASH_CACHE DEFAULT CELL_FLASH_CACHE DEFAULT)
  TABLESPACE "USERS" ;
--------------------------------------------------------
--  DDL for View V_ADR
--------------------------------------------------------

  CREATE OR REPLACE FORCE VIEW "FLIGHT_DEV"."V_ADR" ("PK_ADR_ADDRESS", "FK_MDT_MANDANT", "STREET", "STREET_NO", "ZIP_CODE", "FK_ADR_CITY", "PK_ADR_CITY", "CITY", "FK_ADR_COUNTRY", "PK_ADR_COUNTRY", "COUNTRY", "PHONE_CODE") AS 
  select "PK_ADR_ADDRESS","FK_MDT_MANDANT","STREET","STREET_NO","ZIP_CODE","FK_ADR_CITY","PK_ADR_CITY","CITY","FK_ADR_COUNTRY","PK_ADR_COUNTRY","COUNTRY","PHONE_CODE"
 from adr_address adr 
   left join adr_city cit on adr.fk_adr_city = cit.pk_adr_city
   left join adr_country cou on cit.fk_adr_country =cou.pk_adr_country
;
--------------------------------------------------------
--  DDL for View V_BOR_BORD_LOG
--------------------------------------------------------

  CREATE OR REPLACE FORCE VIEW "FLIGHT_DEV"."V_BOR_BORD_LOG" ("BL_NAME", "PK_BOR_BORD_LOG", "BORD_LOG", "BORD_LOG_DATE", "FK_MDT_MANDANT", "FK_APL_PLANE", "PK_BOR_BORD_LOG_ENTRY", "FK_FLI_FLIGHT", "ENTRY_DATE", "PIC", "T_O_TIME", "LDG_TIME", "CHARGES", "EDMA", "ARRIVAL", "FK_BOR_BORD_LOG_ENTRY_GRP", "COMM", "COST_ADD", "TIME_DIFF", "TIME_DIFF_DOWN", "TIME_DIFF_0", "TIME_DIFF_HOURS", "RNR", "BL", "RW", "SUM_FH") AS 
  with dat as (
                select bor."PK_BOR_BORD_LOG",bor."BORD_LOG",bor."BORD_LOG_DATE",bor."FK_MDT_MANDANT",bor."FK_APL_PLANE", PK_BOR_BORD_LOG_ENTRY,  FK_FLI_FLIGHT, ENTRY_DATE, PIC, T_O_TIME, LDG_TIME, CHARGES, EDMA, ARRIVAL, FK_bor_BORD_LOG_ENTRY_GRP, COMM, COST_ADD,
                  ldg_time-t_o_time time_diff,
                  round( ldg_time-t_o_time,-2) time_diff_down, --m
                  round( ldg_time-t_o_time,0) time_diff_0, --j
                  (round( ldg_time-t_o_time,-2)*24-  round( ldg_time-t_o_time,-2))*60 time_diff_hours, --k
                  row_number() over (partition by pk_bor_bord_log order by bord_log_date) rnr
                from bor_bord_log bor
                 left join bor_bord_log_entry_grp borentrgrp on borentrgrp.fk_bor_bord_log = bor.pk_bor_bord_log
                 left join bor_bord_log_entry borentr on borentr.fk_bor_bord_log_entry_grp = borentrgrp.pk_bor_bord_log_entry_grp
            )
select 'Zeile' bl_name, dat."PK_BOR_BORD_LOG",dat."BORD_LOG",dat."BORD_LOG_DATE",dat."FK_MDT_MANDANT",dat."FK_APL_PLANE",dat."PK_BOR_BORD_LOG_ENTRY",dat."FK_FLI_FLIGHT",dat."ENTRY_DATE",dat."PIC",dat."T_O_TIME",dat."LDG_TIME",dat."CHARGES",dat."EDMA",dat."ARRIVAL",dat."FK_BOR_BORD_LOG_ENTRY_GRP",dat."COMM",dat."COST_ADD",dat."TIME_DIFF",dat."TIME_DIFF_DOWN",dat."TIME_DIFF_0",dat."TIME_DIFF_HOURS",dat."RNR", round(rnr/7,0) bl,  mod(rnr,7) rw ,sum( nvl( ( ldg_time-t_o_time),0)) over (partition by  round(rnr/7,0), dat.pk_bor_bord_log  order by dat.pk_bor_bord_log_entry) sum_fh
from dat
union
select 'Summe', dat."PK_BOR_BORD_LOG",dat."BORD_LOG",dat."BORD_LOG_DATE",dat."FK_MDT_MANDANT",dat."FK_APL_PLANE",dat."PK_BOR_BORD_LOG_ENTRY",dat."FK_FLI_FLIGHT",dat."ENTRY_DATE",dat."PIC",dat."T_O_TIME",dat."LDG_TIME",dat."CHARGES",dat."EDMA",dat."ARRIVAL",dat."FK_BOR_BORD_LOG_ENTRY_GRP",dat."COMM",dat."COST_ADD",dat."TIME_DIFF",dat."TIME_DIFF_DOWN",dat."TIME_DIFF_0",dat."TIME_DIFF_HOURS",dat."RNR", round(rnr/7,0) , null, sum( nvl( round( ldg_time-t_o_time,-2),0)) over (partition by dat.pk_bor_bord_log,  mod(rnr,7) order by dat.pk_bor_bord_log_entry) sum_fh
from dat
where mod(rnr,7)=0
;
--------------------------------------------------------
--  DDL for View V_CON_DOC_EXISTS
--------------------------------------------------------

  CREATE OR REPLACE FORCE VIEW "FLIGHT_DEV"."V_CON_DOC_EXISTS" ("PK_CON_CONTACT", "DOC_MISS", "DOC_NON_VALID") AS 
  with con as ( 
                        select *
                        from (select * from rel_org_unit_con  ) rel_org_con
                        left   join  (select * from con_contact  ) con  on rel_org_con.fk_con_contact = con.pk_con_contact
                        
                    

),
doc_us_type as (
                            select *
                            from (
                            select * 
                            from  REL_DOC_TYPE_USAGE_TYPE where fk_doc_usage_type = 2
                  
                            ) rel
                              left join  doc_usage_type doc_usage_type on rel.fk_doc_usage_type =doc_usage_type.pk_doc_usage_type
                              left join doc_document_type   doc_type  on rel.fk_doc_document_type = doc_type.pk_doc_document_type  
),
doc_us_type1 as (
                                select *
                                from doc_us_type, con
)

,

doc_type_con as (
                    select *
                    from doc_us_type1

                
),
con_doc as (
                      select *
                      from con
                       join rel_doc_contact reldoccon on reldoccon.fk_con_contact = con.pk_con_contact
                       
                       join doc_document doc on doc.pk_doc_document = reldoccon.fk_doc_document
                    )

select 


doc_type_con.pk_con_contact, 
listagg (case when (doc_type_con.required = 1 and con_doc.pk_con_contact is null) then doc_document_type end, ',') within group (order by doc_type_con.pk_con_contact) doc_miss, 
--sum(case when (doc_type_con.required = 1 and con_doc.pk_con_contact is null) then 1 else 0 end) doc_miss_cnt,
listagg (case when (trunc(con_doc.valid_until) <= trunc(sysdate) ) then document_title || ' ' ||  valid_until  end, ',') within group (order by doc_type_con.pk_con_contact) doc_non_valid


from doc_type_con
 left join con_doc on doc_type_con.fk_doc_document_type = con_doc.fk_doc_document_type and con_doc.pk_con_contact = doc_type_con.pk_con_contact
 left join (select * from bas_basic where fk_bas_basic_grp = 2) doc_bas  on doc_bas.basic_value = con_doc.FK_LAN_PROF_LEVEL
--group by doc_type_con.pk_con_contact;
;
--------------------------------------------------------
--  DDL for View V_DOC_MISS_INVAL
--------------------------------------------------------

  CREATE OR REPLACE FORCE VIEW "FLIGHT_DEV"."V_DOC_MISS_INVAL" ("FK_ORG_UNIT", "PK_CON_CONTACT", "LIST_DOC_MISS", "LIST_DOC_INVALID") AS 
  with con as ( 
                        select *
                        from (select * from rel_org_unit_con  ) rel_org_con
                        left   join  (select * from con_contact  ) con  on rel_org_con.fk_con_contact = con.pk_con_contact
                        
                    

),
doc_us_type as (
                            select *
                            from (
                            select * 
                            from  REL_DOC_TYPE_USAGE_TYPE where fk_doc_usage_type = 2
                  
                            ) rel
                              left join  doc_usage_type doc_usage_type on rel.fk_doc_usage_type =doc_usage_type.pk_doc_usage_type
                              left join doc_document_type   doc_type  on rel.fk_doc_document_type = doc_type.pk_doc_document_type  
),
doc_us_type1 as (
                                select *
                                from doc_us_type, con
)

,

doc_type_con as (
                    select *
                    from doc_us_type1

                
),
con_doc as (
                      select *
                      from con
                       join rel_doc_contact reldoccon on reldoccon.fk_con_contact = con.pk_con_contact
                       
                       join doc_document doc on doc.pk_doc_document = reldoccon.fk_doc_document
                    ),
doc_miss_inval as (
select distinct

doc_type_con.fk_org_unit,
doc_type_con.pk_con_contact, 
case when (doc_type_con.required = 1 and con_doc.pk_con_contact is null) then  rownum || ' ' || doc_document_type || pk_rel_doc_type_usage_type end doc_miss,

case when (trunc(con_doc.valid_until) <= trunc(sysdate) ) then  pk_doc_document || ' ' || document_title || ' ' ||  valid_until  end doc_invalid


from doc_type_con
 left join con_doc on doc_type_con.fk_doc_document_type = con_doc.fk_doc_document_type and con_doc.pk_con_contact = doc_type_con.pk_con_contact
 left join (select * from bas_basic where fk_bas_basic_grp = 2) doc_bas  on doc_bas.basic_value = con_doc.FK_LAN_PROF_LEVEL
 )
 select 
 fk_org_unit,
pk_con_contact, 
listagg(doc_miss, ', ') within group (order by fk_org_unit, pk_con_contact) list_doc_miss,
listagg(doc_invalid,', ') within group (order by fk_org_unit, pk_con_contact) list_doc_invalid
 from doc_miss_inval
 group by  fk_org_unit,
pk_con_contact
;
--------------------------------------------------------
--  DDL for View V_FLI_FLIGHT
--------------------------------------------------------

  CREATE OR REPLACE FORCE VIEW "FLIGHT_DEV"."V_FLI_FLIGHT" ("PK_FLI_FLIGHT", "FK_MDT_MANDANT", "DEPARTURE", "ARRIVAL", "DEPARTURE_TIME", "ARRIVAL_TIME", "DURATION", "ADDITIONAL_TIMESLOTS", "FK_ADDITIONAL_TIMESLOTTYPE", "FK_APL_PLANE", "PK_APL_PLANE") AS 
  select fli."PK_FLI_FLIGHT",fli."FK_MDT_MANDANT",fli."DEPARTURE",fli."ARRIVAL",fli."DEPARTURE_TIME",fli."ARRIVAL_TIME",fli."DURATION",fli."ADDITIONAL_TIMESLOTS",fli."FK_ADDITIONAL_TIMESLOTTYPE",fli."FK_APL_PLANE", pk_apl_plane
from apl_plane apl 
  left join fli_flight fli on apl.pk_apl_plane =fli.fk_apl_Plane
;
REM INSERTING into FLIGHT_DEV.ADR_ADDRESS
SET DEFINE OFF;
Insert into FLIGHT_DEV.ADR_ADDRESS (PK_ADR_ADDRESS,FK_MDT_MANDANT,STREET,STREET_NO,ZIP_CODE,FK_ADR_CITY) values ('1','1','Derchinger Strae','9','86444','5');
REM INSERTING into FLIGHT_DEV.ADR_CITY
SET DEFINE OFF;
Insert into FLIGHT_DEV.ADR_CITY (PK_ADR_CITY,CITY,FK_ADR_COUNTRY) values ('1','Augsburg','1');
Insert into FLIGHT_DEV.ADR_CITY (PK_ADR_CITY,CITY,FK_ADR_COUNTRY) values ('2','Mnchen','1');
Insert into FLIGHT_DEV.ADR_CITY (PK_ADR_CITY,CITY,FK_ADR_COUNTRY) values ('3','Hamburg','1');
Insert into FLIGHT_DEV.ADR_CITY (PK_ADR_CITY,CITY,FK_ADR_COUNTRY) values ('4','Berlin','1');
Insert into FLIGHT_DEV.ADR_CITY (PK_ADR_CITY,CITY,FK_ADR_COUNTRY) values ('5','Bergen','1');
REM INSERTING into FLIGHT_DEV.ADR_COUNTRY
SET DEFINE OFF;
Insert into FLIGHT_DEV.ADR_COUNTRY (PK_ADR_COUNTRY,COUNTRY,PHONE_CODE) values ('8','Switzerland',null);
Insert into FLIGHT_DEV.ADR_COUNTRY (PK_ADR_COUNTRY,COUNTRY,PHONE_CODE) values ('7','Austria','+43');
Insert into FLIGHT_DEV.ADR_COUNTRY (PK_ADR_COUNTRY,COUNTRY,PHONE_CODE) values ('1','Germany','+49');
Insert into FLIGHT_DEV.ADR_COUNTRY (PK_ADR_COUNTRY,COUNTRY,PHONE_CODE) values ('2','France',null);
Insert into FLIGHT_DEV.ADR_COUNTRY (PK_ADR_COUNTRY,COUNTRY,PHONE_CODE) values ('3','Niger',null);
Insert into FLIGHT_DEV.ADR_COUNTRY (PK_ADR_COUNTRY,COUNTRY,PHONE_CODE) values ('4','Sudan',null);
Insert into FLIGHT_DEV.ADR_COUNTRY (PK_ADR_COUNTRY,COUNTRY,PHONE_CODE) values ('5','Australia',null);
Insert into FLIGHT_DEV.ADR_COUNTRY (PK_ADR_COUNTRY,COUNTRY,PHONE_CODE) values ('6','USA','+1');
REM INSERTING into FLIGHT_DEV.APL_ENGINE_TYPE
SET DEFINE OFF;
REM INSERTING into FLIGHT_DEV.APL_MAINT
SET DEFINE OFF;
REM INSERTING into FLIGHT_DEV.APL_MAINT_PROGR
SET DEFINE OFF;
Insert into FLIGHT_DEV.APL_MAINT_PROGR (PK_APL_MAINT_PROGR,FK_MDT_MANDANT,MAINT_PROGR) values ('1','1','50-100-50-200');
Insert into FLIGHT_DEV.APL_MAINT_PROGR (PK_APL_MAINT_PROGR,FK_MDT_MANDANT,MAINT_PROGR) values ('2','1','50-100-50-200-50-100-50-400');
REM INSERTING into FLIGHT_DEV.APL_PLANE
SET DEFINE OFF;
Insert into FLIGHT_DEV.APL_PLANE (PK_APL_PLANE,FK_MDT_MANDANT,PLANE_NO,DESCRIPTION,FK_APL_ENGINE_TYPE,CABIN_OV_13000_FT,BORD_00,BOARDING_OPPORTUNITY,CRUISING_SPEED_HG_20000_FT,CRUISING_SPEED_UNIT,WEIGHT_KERB_KG,WEIGHT_TAKEOFF_MAX_KG,PERMITTED_LOAD_KG,CNT_PASSENGERS_MAX,FUEL_TANK_SIZE_L,CONSUMPTION_L,RANGE_AVERAGE_FT,DIST_TAKE_OFF_FT,DIST_LANDING_FT,FK_APL_MAINT_PROGR,FK_APL_PLANE_MODELL,IMG_SRC) values ('1','1','D-EFLF',null,null,null,'0,1',null,null,null,null,null,null,null,null,null,null,null,null,'1','1','#WORKSPACE_IMAGES#images/1');
Insert into FLIGHT_DEV.APL_PLANE (PK_APL_PLANE,FK_MDT_MANDANT,PLANE_NO,DESCRIPTION,FK_APL_ENGINE_TYPE,CABIN_OV_13000_FT,BORD_00,BOARDING_OPPORTUNITY,CRUISING_SPEED_HG_20000_FT,CRUISING_SPEED_UNIT,WEIGHT_KERB_KG,WEIGHT_TAKEOFF_MAX_KG,PERMITTED_LOAD_KG,CNT_PASSENGERS_MAX,FUEL_TANK_SIZE_L,CONSUMPTION_L,RANGE_AVERAGE_FT,DIST_TAKE_OFF_FT,DIST_LANDING_FT,FK_APL_MAINT_PROGR,FK_APL_PLANE_MODELL,IMG_SRC) values ('2','1','D-EOYS',null,null,null,'0,3',null,null,null,null,null,null,null,null,null,null,null,null,'1','1','#WORKSPACE_IMAGES#images/2');
Insert into FLIGHT_DEV.APL_PLANE (PK_APL_PLANE,FK_MDT_MANDANT,PLANE_NO,DESCRIPTION,FK_APL_ENGINE_TYPE,CABIN_OV_13000_FT,BORD_00,BOARDING_OPPORTUNITY,CRUISING_SPEED_HG_20000_FT,CRUISING_SPEED_UNIT,WEIGHT_KERB_KG,WEIGHT_TAKEOFF_MAX_KG,PERMITTED_LOAD_KG,CNT_PASSENGERS_MAX,FUEL_TANK_SIZE_L,CONSUMPTION_L,RANGE_AVERAGE_FT,DIST_TAKE_OFF_FT,DIST_LANDING_FT,FK_APL_MAINT_PROGR,FK_APL_PLANE_MODELL,IMG_SRC) values ('3','1','D-ECEW',null,null,null,'0,3',null,null,null,null,null,null,null,null,null,null,null,null,'1','2','#WORKSPACE_IMAGES#images/3');
Insert into FLIGHT_DEV.APL_PLANE (PK_APL_PLANE,FK_MDT_MANDANT,PLANE_NO,DESCRIPTION,FK_APL_ENGINE_TYPE,CABIN_OV_13000_FT,BORD_00,BOARDING_OPPORTUNITY,CRUISING_SPEED_HG_20000_FT,CRUISING_SPEED_UNIT,WEIGHT_KERB_KG,WEIGHT_TAKEOFF_MAX_KG,PERMITTED_LOAD_KG,CNT_PASSENGERS_MAX,FUEL_TANK_SIZE_L,CONSUMPTION_L,RANGE_AVERAGE_FT,DIST_TAKE_OFF_FT,DIST_LANDING_FT,FK_APL_MAINT_PROGR,FK_APL_PLANE_MODELL,IMG_SRC) values ('4','1','D-EWYS',null,null,null,'0,3',null,null,null,null,null,null,null,null,null,null,null,null,'2','3','#WORKSPACE_IMAGES#images/4');
REM INSERTING into FLIGHT_DEV.APL_PLANE_MODELL
SET DEFINE OFF;
Insert into FLIGHT_DEV.APL_PLANE_MODELL (PK_APL_PLANE_MODELL,FK_MDT_MANDANT,MODELL_NO,FK_APL_PLANE_TYPE) values ('1','1','C-172','1');
Insert into FLIGHT_DEV.APL_PLANE_MODELL (PK_APL_PLANE_MODELL,FK_MDT_MANDANT,MODELL_NO,FK_APL_PLANE_TYPE) values ('2','1','C-150','1');
Insert into FLIGHT_DEV.APL_PLANE_MODELL (PK_APL_PLANE_MODELL,FK_MDT_MANDANT,MODELL_NO,FK_APL_PLANE_TYPE) values ('3','1','PA-28','2');
REM INSERTING into FLIGHT_DEV.APL_PLANE_TYPE
SET DEFINE OFF;
Insert into FLIGHT_DEV.APL_PLANE_TYPE (PK_APL_PLANE_TYPE,FK_MDT_MANDANT,PLANE_TYPE) values ('1','1','Piper');
Insert into FLIGHT_DEV.APL_PLANE_TYPE (PK_APL_PLANE_TYPE,FK_MDT_MANDANT,PLANE_TYPE) values ('2','1','Cessna');
REM INSERTING into FLIGHT_DEV.ARP_AIRPORT
SET DEFINE OFF;
Insert into FLIGHT_DEV.ARP_AIRPORT (PK_ARP_AIRPORT,AIRPORT,DESCRIPTION,FK_ADR_COUNTRY) values ('1','EDMA','Augsburg','1');
Insert into FLIGHT_DEV.ARP_AIRPORT (PK_ARP_AIRPORT,AIRPORT,DESCRIPTION,FK_ADR_COUNTRY) values ('2','EDAB',null,null);
Insert into FLIGHT_DEV.ARP_AIRPORT (PK_ARP_AIRPORT,AIRPORT,DESCRIPTION,FK_ADR_COUNTRY) values ('3','EDAZ',null,null);
Insert into FLIGHT_DEV.ARP_AIRPORT (PK_ARP_AIRPORT,AIRPORT,DESCRIPTION,FK_ADR_COUNTRY) values ('4','EDBT',null,null);
Insert into FLIGHT_DEV.ARP_AIRPORT (PK_ARP_AIRPORT,AIRPORT,DESCRIPTION,FK_ADR_COUNTRY) values ('5','EDCJ',null,null);
Insert into FLIGHT_DEV.ARP_AIRPORT (PK_ARP_AIRPORT,AIRPORT,DESCRIPTION,FK_ADR_COUNTRY) values ('6','EDCO',null,null);
Insert into FLIGHT_DEV.ARP_AIRPORT (PK_ARP_AIRPORT,AIRPORT,DESCRIPTION,FK_ADR_COUNTRY) values ('7','EDDR',null,null);
Insert into FLIGHT_DEV.ARP_AIRPORT (PK_ARP_AIRPORT,AIRPORT,DESCRIPTION,FK_ADR_COUNTRY) values ('8','EDDV',null,null);
Insert into FLIGHT_DEV.ARP_AIRPORT (PK_ARP_AIRPORT,AIRPORT,DESCRIPTION,FK_ADR_COUNTRY) values ('9','EDFB',null,null);
Insert into FLIGHT_DEV.ARP_AIRPORT (PK_ARP_AIRPORT,AIRPORT,DESCRIPTION,FK_ADR_COUNTRY) values ('10','EDFN',null,null);
Insert into FLIGHT_DEV.ARP_AIRPORT (PK_ARP_AIRPORT,AIRPORT,DESCRIPTION,FK_ADR_COUNTRY) values ('11','EDGM',null,null);
Insert into FLIGHT_DEV.ARP_AIRPORT (PK_ARP_AIRPORT,AIRPORT,DESCRIPTION,FK_ADR_COUNTRY) values ('12','EDGS',null,null);
Insert into FLIGHT_DEV.ARP_AIRPORT (PK_ARP_AIRPORT,AIRPORT,DESCRIPTION,FK_ADR_COUNTRY) values ('13','EDJA',null,null);
Insert into FLIGHT_DEV.ARP_AIRPORT (PK_ARP_AIRPORT,AIRPORT,DESCRIPTION,FK_ADR_COUNTRY) values ('14','EDKB',null,null);
Insert into FLIGHT_DEV.ARP_AIRPORT (PK_ARP_AIRPORT,AIRPORT,DESCRIPTION,FK_ADR_COUNTRY) values ('15','EDLE',null,null);
Insert into FLIGHT_DEV.ARP_AIRPORT (PK_ARP_AIRPORT,AIRPORT,DESCRIPTION,FK_ADR_COUNTRY) values ('17','EDMB',null,null);
Insert into FLIGHT_DEV.ARP_AIRPORT (PK_ARP_AIRPORT,AIRPORT,DESCRIPTION,FK_ADR_COUNTRY) values ('18','EDME',null,null);
Insert into FLIGHT_DEV.ARP_AIRPORT (PK_ARP_AIRPORT,AIRPORT,DESCRIPTION,FK_ADR_COUNTRY) values ('19','EDMK',null,null);
Insert into FLIGHT_DEV.ARP_AIRPORT (PK_ARP_AIRPORT,AIRPORT,DESCRIPTION,FK_ADR_COUNTRY) values ('20','EDML',null,null);
Insert into FLIGHT_DEV.ARP_AIRPORT (PK_ARP_AIRPORT,AIRPORT,DESCRIPTION,FK_ADR_COUNTRY) values ('21','EDMO',null,null);
Insert into FLIGHT_DEV.ARP_AIRPORT (PK_ARP_AIRPORT,AIRPORT,DESCRIPTION,FK_ADR_COUNTRY) values ('22','EDMQ',null,null);
Insert into FLIGHT_DEV.ARP_AIRPORT (PK_ARP_AIRPORT,AIRPORT,DESCRIPTION,FK_ADR_COUNTRY) values ('23','EDMS',null,null);
Insert into FLIGHT_DEV.ARP_AIRPORT (PK_ARP_AIRPORT,AIRPORT,DESCRIPTION,FK_ADR_COUNTRY) values ('24','EDMT',null,null);
Insert into FLIGHT_DEV.ARP_AIRPORT (PK_ARP_AIRPORT,AIRPORT,DESCRIPTION,FK_ADR_COUNTRY) values ('25','EDMV',null,null);
Insert into FLIGHT_DEV.ARP_AIRPORT (PK_ARP_AIRPORT,AIRPORT,DESCRIPTION,FK_ADR_COUNTRY) values ('26','EDMY',null,null);
Insert into FLIGHT_DEV.ARP_AIRPORT (PK_ARP_AIRPORT,AIRPORT,DESCRIPTION,FK_ADR_COUNTRY) values ('27','EDNB',null,null);
Insert into FLIGHT_DEV.ARP_AIRPORT (PK_ARP_AIRPORT,AIRPORT,DESCRIPTION,FK_ADR_COUNTRY) values ('28','EDNH',null,null);
Insert into FLIGHT_DEV.ARP_AIRPORT (PK_ARP_AIRPORT,AIRPORT,DESCRIPTION,FK_ADR_COUNTRY) values ('29','EDNK',null,null);
Insert into FLIGHT_DEV.ARP_AIRPORT (PK_ARP_AIRPORT,AIRPORT,DESCRIPTION,FK_ADR_COUNTRY) values ('30','EDNL',null,null);
Insert into FLIGHT_DEV.ARP_AIRPORT (PK_ARP_AIRPORT,AIRPORT,DESCRIPTION,FK_ADR_COUNTRY) values ('31','EDNO',null,null);
Insert into FLIGHT_DEV.ARP_AIRPORT (PK_ARP_AIRPORT,AIRPORT,DESCRIPTION,FK_ADR_COUNTRY) values ('32','EDNQ',null,null);
Insert into FLIGHT_DEV.ARP_AIRPORT (PK_ARP_AIRPORT,AIRPORT,DESCRIPTION,FK_ADR_COUNTRY) values ('33','EDNY',null,null);
Insert into FLIGHT_DEV.ARP_AIRPORT (PK_ARP_AIRPORT,AIRPORT,DESCRIPTION,FK_ADR_COUNTRY) values ('34','EDPA',null,null);
Insert into FLIGHT_DEV.ARP_AIRPORT (PK_ARP_AIRPORT,AIRPORT,DESCRIPTION,FK_ADR_COUNTRY) values ('35','EDPA 1',null,null);
Insert into FLIGHT_DEV.ARP_AIRPORT (PK_ARP_AIRPORT,AIRPORT,DESCRIPTION,FK_ADR_COUNTRY) values ('36','EDQC',null,null);
Insert into FLIGHT_DEV.ARP_AIRPORT (PK_ARP_AIRPORT,AIRPORT,DESCRIPTION,FK_ADR_COUNTRY) values ('37','EDRK',null,null);
Insert into FLIGHT_DEV.ARP_AIRPORT (PK_ARP_AIRPORT,AIRPORT,DESCRIPTION,FK_ADR_COUNTRY) values ('38','EDRY',null,null);
Insert into FLIGHT_DEV.ARP_AIRPORT (PK_ARP_AIRPORT,AIRPORT,DESCRIPTION,FK_ADR_COUNTRY) values ('39','EDRZ',null,null);
Insert into FLIGHT_DEV.ARP_AIRPORT (PK_ARP_AIRPORT,AIRPORT,DESCRIPTION,FK_ADR_COUNTRY) values ('40','EDSB',null,null);
Insert into FLIGHT_DEV.ARP_AIRPORT (PK_ARP_AIRPORT,AIRPORT,DESCRIPTION,FK_ADR_COUNTRY) values ('41','EDSZ',null,null);
Insert into FLIGHT_DEV.ARP_AIRPORT (PK_ARP_AIRPORT,AIRPORT,DESCRIPTION,FK_ADR_COUNTRY) values ('42','EDTD',null,null);
Insert into FLIGHT_DEV.ARP_AIRPORT (PK_ARP_AIRPORT,AIRPORT,DESCRIPTION,FK_ADR_COUNTRY) values ('43','EDTF',null,null);
Insert into FLIGHT_DEV.ARP_AIRPORT (PK_ARP_AIRPORT,AIRPORT,DESCRIPTION,FK_ADR_COUNTRY) values ('44','EDTH',null,null);
Insert into FLIGHT_DEV.ARP_AIRPORT (PK_ARP_AIRPORT,AIRPORT,DESCRIPTION,FK_ADR_COUNTRY) values ('45','EDTM',null,null);
Insert into FLIGHT_DEV.ARP_AIRPORT (PK_ARP_AIRPORT,AIRPORT,DESCRIPTION,FK_ADR_COUNTRY) values ('46','EDTY',null,null);
Insert into FLIGHT_DEV.ARP_AIRPORT (PK_ARP_AIRPORT,AIRPORT,DESCRIPTION,FK_ADR_COUNTRY) values ('47','EDTZ',null,null);
Insert into FLIGHT_DEV.ARP_AIRPORT (PK_ARP_AIRPORT,AIRPORT,DESCRIPTION,FK_ADR_COUNTRY) values ('48','EDVK',null,null);
Insert into FLIGHT_DEV.ARP_AIRPORT (PK_ARP_AIRPORT,AIRPORT,DESCRIPTION,FK_ADR_COUNTRY) values ('49','EDWG',null,null);
Insert into FLIGHT_DEV.ARP_AIRPORT (PK_ARP_AIRPORT,AIRPORT,DESCRIPTION,FK_ADR_COUNTRY) values ('50','EDXN',null,null);
Insert into FLIGHT_DEV.ARP_AIRPORT (PK_ARP_AIRPORT,AIRPORT,DESCRIPTION,FK_ADR_COUNTRY) values ('51','EDXW',null,null);
Insert into FLIGHT_DEV.ARP_AIRPORT (PK_ARP_AIRPORT,AIRPORT,DESCRIPTION,FK_ADR_COUNTRY) values ('52','EDXZ',null,null);
Insert into FLIGHT_DEV.ARP_AIRPORT (PK_ARP_AIRPORT,AIRPORT,DESCRIPTION,FK_ADR_COUNTRY) values ('53','EPKE',null,null);
Insert into FLIGHT_DEV.ARP_AIRPORT (PK_ARP_AIRPORT,AIRPORT,DESCRIPTION,FK_ADR_COUNTRY) values ('54','EPWR',null,null);
Insert into FLIGHT_DEV.ARP_AIRPORT (PK_ARP_AIRPORT,AIRPORT,DESCRIPTION,FK_ADR_COUNTRY) values ('55','ETMN',null,null);
Insert into FLIGHT_DEV.ARP_AIRPORT (PK_ARP_AIRPORT,AIRPORT,DESCRIPTION,FK_ADR_COUNTRY) values ('56','ETPA',null,null);
Insert into FLIGHT_DEV.ARP_AIRPORT (PK_ARP_AIRPORT,AIRPORT,DESCRIPTION,FK_ADR_COUNTRY) values ('57','ETSN',null,null);
Insert into FLIGHT_DEV.ARP_AIRPORT (PK_ARP_AIRPORT,AIRPORT,DESCRIPTION,FK_ADR_COUNTRY) values ('58','LDDU',null,null);
Insert into FLIGHT_DEV.ARP_AIRPORT (PK_ARP_AIRPORT,AIRPORT,DESCRIPTION,FK_ADR_COUNTRY) values ('59','LDLO',null,null);
Insert into FLIGHT_DEV.ARP_AIRPORT (PK_ARP_AIRPORT,AIRPORT,DESCRIPTION,FK_ADR_COUNTRY) values ('60','LESO',null,null);
Insert into FLIGHT_DEV.ARP_AIRPORT (PK_ARP_AIRPORT,AIRPORT,DESCRIPTION,FK_ADR_COUNTRY) values ('61','LESU',null,null);
Insert into FLIGHT_DEV.ARP_AIRPORT (PK_ARP_AIRPORT,AIRPORT,DESCRIPTION,FK_ADR_COUNTRY) values ('62','LFGZ',null,null);
Insert into FLIGHT_DEV.ARP_AIRPORT (PK_ARP_AIRPORT,AIRPORT,DESCRIPTION,FK_ADR_COUNTRY) values ('63','LFLP',null,null);
Insert into FLIGHT_DEV.ARP_AIRPORT (PK_ARP_AIRPORT,AIRPORT,DESCRIPTION,FK_ADR_COUNTRY) values ('64','LFMD',null,null);
Insert into FLIGHT_DEV.ARP_AIRPORT (PK_ARP_AIRPORT,AIRPORT,DESCRIPTION,FK_ADR_COUNTRY) values ('65','LFML',null,null);
Insert into FLIGHT_DEV.ARP_AIRPORT (PK_ARP_AIRPORT,AIRPORT,DESCRIPTION,FK_ADR_COUNTRY) values ('66','LFSD',null,null);
Insert into FLIGHT_DEV.ARP_AIRPORT (PK_ARP_AIRPORT,AIRPORT,DESCRIPTION,FK_ADR_COUNTRY) values ('67','LIDB',null,null);
Insert into FLIGHT_DEV.ARP_AIRPORT (PK_ARP_AIRPORT,AIRPORT,DESCRIPTION,FK_ADR_COUNTRY) values ('68','LIDF',null,null);
Insert into FLIGHT_DEV.ARP_AIRPORT (PK_ARP_AIRPORT,AIRPORT,DESCRIPTION,FK_ADR_COUNTRY) values ('69','LIDT',null,null);
Insert into FLIGHT_DEV.ARP_AIRPORT (PK_ARP_AIRPORT,AIRPORT,DESCRIPTION,FK_ADR_COUNTRY) values ('70','LIDU',null,null);
Insert into FLIGHT_DEV.ARP_AIRPORT (PK_ARP_AIRPORT,AIRPORT,DESCRIPTION,FK_ADR_COUNTRY) values ('71','LIPB',null,null);
Insert into FLIGHT_DEV.ARP_AIRPORT (PK_ARP_AIRPORT,AIRPORT,DESCRIPTION,FK_ADR_COUNTRY) values ('72','LIPN',null,null);
Insert into FLIGHT_DEV.ARP_AIRPORT (PK_ARP_AIRPORT,AIRPORT,DESCRIPTION,FK_ADR_COUNTRY) values ('73','LIPV',null,null);
Insert into FLIGHT_DEV.ARP_AIRPORT (PK_ARP_AIRPORT,AIRPORT,DESCRIPTION,FK_ADR_COUNTRY) values ('74','LKCS',null,null);
Insert into FLIGHT_DEV.ARP_AIRPORT (PK_ARP_AIRPORT,AIRPORT,DESCRIPTION,FK_ADR_COUNTRY) values ('75','LKJH',null,null);
Insert into FLIGHT_DEV.ARP_AIRPORT (PK_ARP_AIRPORT,AIRPORT,DESCRIPTION,FK_ADR_COUNTRY) values ('76','LKPS',null,null);
Insert into FLIGHT_DEV.ARP_AIRPORT (PK_ARP_AIRPORT,AIRPORT,DESCRIPTION,FK_ADR_COUNTRY) values ('77','LOAU',null,null);
Insert into FLIGHT_DEV.ARP_AIRPORT (PK_ARP_AIRPORT,AIRPORT,DESCRIPTION,FK_ADR_COUNTRY) values ('78','LOIJ',null,null);
Insert into FLIGHT_DEV.ARP_AIRPORT (PK_ARP_AIRPORT,AIRPORT,DESCRIPTION,FK_ADR_COUNTRY) values ('79','LOLK',null,null);
Insert into FLIGHT_DEV.ARP_AIRPORT (PK_ARP_AIRPORT,AIRPORT,DESCRIPTION,FK_ADR_COUNTRY) values ('80','LOWS',null,null);
Insert into FLIGHT_DEV.ARP_AIRPORT (PK_ARP_AIRPORT,AIRPORT,DESCRIPTION,FK_ADR_COUNTRY) values ('81','LOWZ',null,null);
Insert into FLIGHT_DEV.ARP_AIRPORT (PK_ARP_AIRPORT,AIRPORT,DESCRIPTION,FK_ADR_COUNTRY) values ('82','LSZR',null,null);
Insert into FLIGHT_DEV.ARP_AIRPORT (PK_ARP_AIRPORT,AIRPORT,DESCRIPTION,FK_ADR_COUNTRY) values ('1','EDMA','Augsburg','1');
Insert into FLIGHT_DEV.ARP_AIRPORT (PK_ARP_AIRPORT,AIRPORT,DESCRIPTION,FK_ADR_COUNTRY) values ('2','EDAB',null,null);
Insert into FLIGHT_DEV.ARP_AIRPORT (PK_ARP_AIRPORT,AIRPORT,DESCRIPTION,FK_ADR_COUNTRY) values ('3','EDAZ',null,null);
Insert into FLIGHT_DEV.ARP_AIRPORT (PK_ARP_AIRPORT,AIRPORT,DESCRIPTION,FK_ADR_COUNTRY) values ('4','EDBT',null,null);
Insert into FLIGHT_DEV.ARP_AIRPORT (PK_ARP_AIRPORT,AIRPORT,DESCRIPTION,FK_ADR_COUNTRY) values ('5','EDCJ',null,null);
Insert into FLIGHT_DEV.ARP_AIRPORT (PK_ARP_AIRPORT,AIRPORT,DESCRIPTION,FK_ADR_COUNTRY) values ('6','EDCO',null,null);
Insert into FLIGHT_DEV.ARP_AIRPORT (PK_ARP_AIRPORT,AIRPORT,DESCRIPTION,FK_ADR_COUNTRY) values ('7','EDDR',null,null);
Insert into FLIGHT_DEV.ARP_AIRPORT (PK_ARP_AIRPORT,AIRPORT,DESCRIPTION,FK_ADR_COUNTRY) values ('8','EDDV',null,null);
Insert into FLIGHT_DEV.ARP_AIRPORT (PK_ARP_AIRPORT,AIRPORT,DESCRIPTION,FK_ADR_COUNTRY) values ('9','EDFB',null,null);
Insert into FLIGHT_DEV.ARP_AIRPORT (PK_ARP_AIRPORT,AIRPORT,DESCRIPTION,FK_ADR_COUNTRY) values ('10','EDFN',null,null);
Insert into FLIGHT_DEV.ARP_AIRPORT (PK_ARP_AIRPORT,AIRPORT,DESCRIPTION,FK_ADR_COUNTRY) values ('11','EDGM',null,null);
Insert into FLIGHT_DEV.ARP_AIRPORT (PK_ARP_AIRPORT,AIRPORT,DESCRIPTION,FK_ADR_COUNTRY) values ('12','EDGS',null,null);
Insert into FLIGHT_DEV.ARP_AIRPORT (PK_ARP_AIRPORT,AIRPORT,DESCRIPTION,FK_ADR_COUNTRY) values ('13','EDJA',null,null);
Insert into FLIGHT_DEV.ARP_AIRPORT (PK_ARP_AIRPORT,AIRPORT,DESCRIPTION,FK_ADR_COUNTRY) values ('14','EDKB',null,null);
Insert into FLIGHT_DEV.ARP_AIRPORT (PK_ARP_AIRPORT,AIRPORT,DESCRIPTION,FK_ADR_COUNTRY) values ('15','EDLE',null,null);
Insert into FLIGHT_DEV.ARP_AIRPORT (PK_ARP_AIRPORT,AIRPORT,DESCRIPTION,FK_ADR_COUNTRY) values ('17','EDMB',null,null);
Insert into FLIGHT_DEV.ARP_AIRPORT (PK_ARP_AIRPORT,AIRPORT,DESCRIPTION,FK_ADR_COUNTRY) values ('18','EDME',null,null);
Insert into FLIGHT_DEV.ARP_AIRPORT (PK_ARP_AIRPORT,AIRPORT,DESCRIPTION,FK_ADR_COUNTRY) values ('19','EDMK',null,null);
Insert into FLIGHT_DEV.ARP_AIRPORT (PK_ARP_AIRPORT,AIRPORT,DESCRIPTION,FK_ADR_COUNTRY) values ('20','EDML',null,null);
Insert into FLIGHT_DEV.ARP_AIRPORT (PK_ARP_AIRPORT,AIRPORT,DESCRIPTION,FK_ADR_COUNTRY) values ('21','EDMO',null,null);
Insert into FLIGHT_DEV.ARP_AIRPORT (PK_ARP_AIRPORT,AIRPORT,DESCRIPTION,FK_ADR_COUNTRY) values ('22','EDMQ',null,null);
Insert into FLIGHT_DEV.ARP_AIRPORT (PK_ARP_AIRPORT,AIRPORT,DESCRIPTION,FK_ADR_COUNTRY) values ('23','EDMS',null,null);
Insert into FLIGHT_DEV.ARP_AIRPORT (PK_ARP_AIRPORT,AIRPORT,DESCRIPTION,FK_ADR_COUNTRY) values ('24','EDMT',null,null);
Insert into FLIGHT_DEV.ARP_AIRPORT (PK_ARP_AIRPORT,AIRPORT,DESCRIPTION,FK_ADR_COUNTRY) values ('25','EDMV',null,null);
Insert into FLIGHT_DEV.ARP_AIRPORT (PK_ARP_AIRPORT,AIRPORT,DESCRIPTION,FK_ADR_COUNTRY) values ('26','EDMY',null,null);
Insert into FLIGHT_DEV.ARP_AIRPORT (PK_ARP_AIRPORT,AIRPORT,DESCRIPTION,FK_ADR_COUNTRY) values ('27','EDNB',null,null);
Insert into FLIGHT_DEV.ARP_AIRPORT (PK_ARP_AIRPORT,AIRPORT,DESCRIPTION,FK_ADR_COUNTRY) values ('28','EDNH',null,null);
Insert into FLIGHT_DEV.ARP_AIRPORT (PK_ARP_AIRPORT,AIRPORT,DESCRIPTION,FK_ADR_COUNTRY) values ('29','EDNK',null,null);
Insert into FLIGHT_DEV.ARP_AIRPORT (PK_ARP_AIRPORT,AIRPORT,DESCRIPTION,FK_ADR_COUNTRY) values ('30','EDNL',null,null);
Insert into FLIGHT_DEV.ARP_AIRPORT (PK_ARP_AIRPORT,AIRPORT,DESCRIPTION,FK_ADR_COUNTRY) values ('31','EDNO',null,null);
Insert into FLIGHT_DEV.ARP_AIRPORT (PK_ARP_AIRPORT,AIRPORT,DESCRIPTION,FK_ADR_COUNTRY) values ('32','EDNQ',null,null);
Insert into FLIGHT_DEV.ARP_AIRPORT (PK_ARP_AIRPORT,AIRPORT,DESCRIPTION,FK_ADR_COUNTRY) values ('33','EDNY',null,null);
Insert into FLIGHT_DEV.ARP_AIRPORT (PK_ARP_AIRPORT,AIRPORT,DESCRIPTION,FK_ADR_COUNTRY) values ('34','EDPA',null,null);
Insert into FLIGHT_DEV.ARP_AIRPORT (PK_ARP_AIRPORT,AIRPORT,DESCRIPTION,FK_ADR_COUNTRY) values ('35','EDPA 1',null,null);
Insert into FLIGHT_DEV.ARP_AIRPORT (PK_ARP_AIRPORT,AIRPORT,DESCRIPTION,FK_ADR_COUNTRY) values ('36','EDQC',null,null);
Insert into FLIGHT_DEV.ARP_AIRPORT (PK_ARP_AIRPORT,AIRPORT,DESCRIPTION,FK_ADR_COUNTRY) values ('37','EDRK',null,null);
Insert into FLIGHT_DEV.ARP_AIRPORT (PK_ARP_AIRPORT,AIRPORT,DESCRIPTION,FK_ADR_COUNTRY) values ('38','EDRY',null,null);
Insert into FLIGHT_DEV.ARP_AIRPORT (PK_ARP_AIRPORT,AIRPORT,DESCRIPTION,FK_ADR_COUNTRY) values ('39','EDRZ',null,null);
Insert into FLIGHT_DEV.ARP_AIRPORT (PK_ARP_AIRPORT,AIRPORT,DESCRIPTION,FK_ADR_COUNTRY) values ('40','EDSB',null,null);
Insert into FLIGHT_DEV.ARP_AIRPORT (PK_ARP_AIRPORT,AIRPORT,DESCRIPTION,FK_ADR_COUNTRY) values ('41','EDSZ',null,null);
Insert into FLIGHT_DEV.ARP_AIRPORT (PK_ARP_AIRPORT,AIRPORT,DESCRIPTION,FK_ADR_COUNTRY) values ('42','EDTD',null,null);
Insert into FLIGHT_DEV.ARP_AIRPORT (PK_ARP_AIRPORT,AIRPORT,DESCRIPTION,FK_ADR_COUNTRY) values ('43','EDTF',null,null);
Insert into FLIGHT_DEV.ARP_AIRPORT (PK_ARP_AIRPORT,AIRPORT,DESCRIPTION,FK_ADR_COUNTRY) values ('44','EDTH',null,null);
Insert into FLIGHT_DEV.ARP_AIRPORT (PK_ARP_AIRPORT,AIRPORT,DESCRIPTION,FK_ADR_COUNTRY) values ('45','EDTM',null,null);
Insert into FLIGHT_DEV.ARP_AIRPORT (PK_ARP_AIRPORT,AIRPORT,DESCRIPTION,FK_ADR_COUNTRY) values ('46','EDTY',null,null);
Insert into FLIGHT_DEV.ARP_AIRPORT (PK_ARP_AIRPORT,AIRPORT,DESCRIPTION,FK_ADR_COUNTRY) values ('47','EDTZ',null,null);
Insert into FLIGHT_DEV.ARP_AIRPORT (PK_ARP_AIRPORT,AIRPORT,DESCRIPTION,FK_ADR_COUNTRY) values ('48','EDVK',null,null);
Insert into FLIGHT_DEV.ARP_AIRPORT (PK_ARP_AIRPORT,AIRPORT,DESCRIPTION,FK_ADR_COUNTRY) values ('49','EDWG',null,null);
Insert into FLIGHT_DEV.ARP_AIRPORT (PK_ARP_AIRPORT,AIRPORT,DESCRIPTION,FK_ADR_COUNTRY) values ('50','EDXN',null,null);
Insert into FLIGHT_DEV.ARP_AIRPORT (PK_ARP_AIRPORT,AIRPORT,DESCRIPTION,FK_ADR_COUNTRY) values ('51','EDXW',null,null);
Insert into FLIGHT_DEV.ARP_AIRPORT (PK_ARP_AIRPORT,AIRPORT,DESCRIPTION,FK_ADR_COUNTRY) values ('52','EDXZ',null,null);
Insert into FLIGHT_DEV.ARP_AIRPORT (PK_ARP_AIRPORT,AIRPORT,DESCRIPTION,FK_ADR_COUNTRY) values ('53','EPKE',null,null);
Insert into FLIGHT_DEV.ARP_AIRPORT (PK_ARP_AIRPORT,AIRPORT,DESCRIPTION,FK_ADR_COUNTRY) values ('54','EPWR',null,null);
Insert into FLIGHT_DEV.ARP_AIRPORT (PK_ARP_AIRPORT,AIRPORT,DESCRIPTION,FK_ADR_COUNTRY) values ('55','ETMN',null,null);
Insert into FLIGHT_DEV.ARP_AIRPORT (PK_ARP_AIRPORT,AIRPORT,DESCRIPTION,FK_ADR_COUNTRY) values ('56','ETPA',null,null);
Insert into FLIGHT_DEV.ARP_AIRPORT (PK_ARP_AIRPORT,AIRPORT,DESCRIPTION,FK_ADR_COUNTRY) values ('57','ETSN',null,null);
Insert into FLIGHT_DEV.ARP_AIRPORT (PK_ARP_AIRPORT,AIRPORT,DESCRIPTION,FK_ADR_COUNTRY) values ('58','LDDU',null,null);
Insert into FLIGHT_DEV.ARP_AIRPORT (PK_ARP_AIRPORT,AIRPORT,DESCRIPTION,FK_ADR_COUNTRY) values ('59','LDLO',null,null);
Insert into FLIGHT_DEV.ARP_AIRPORT (PK_ARP_AIRPORT,AIRPORT,DESCRIPTION,FK_ADR_COUNTRY) values ('60','LESO',null,null);
Insert into FLIGHT_DEV.ARP_AIRPORT (PK_ARP_AIRPORT,AIRPORT,DESCRIPTION,FK_ADR_COUNTRY) values ('61','LESU',null,null);
Insert into FLIGHT_DEV.ARP_AIRPORT (PK_ARP_AIRPORT,AIRPORT,DESCRIPTION,FK_ADR_COUNTRY) values ('62','LFGZ',null,null);
Insert into FLIGHT_DEV.ARP_AIRPORT (PK_ARP_AIRPORT,AIRPORT,DESCRIPTION,FK_ADR_COUNTRY) values ('63','LFLP',null,null);
Insert into FLIGHT_DEV.ARP_AIRPORT (PK_ARP_AIRPORT,AIRPORT,DESCRIPTION,FK_ADR_COUNTRY) values ('64','LFMD',null,null);
Insert into FLIGHT_DEV.ARP_AIRPORT (PK_ARP_AIRPORT,AIRPORT,DESCRIPTION,FK_ADR_COUNTRY) values ('65','LFML',null,null);
Insert into FLIGHT_DEV.ARP_AIRPORT (PK_ARP_AIRPORT,AIRPORT,DESCRIPTION,FK_ADR_COUNTRY) values ('66','LFSD',null,null);
Insert into FLIGHT_DEV.ARP_AIRPORT (PK_ARP_AIRPORT,AIRPORT,DESCRIPTION,FK_ADR_COUNTRY) values ('67','LIDB',null,null);
Insert into FLIGHT_DEV.ARP_AIRPORT (PK_ARP_AIRPORT,AIRPORT,DESCRIPTION,FK_ADR_COUNTRY) values ('68','LIDF',null,null);
Insert into FLIGHT_DEV.ARP_AIRPORT (PK_ARP_AIRPORT,AIRPORT,DESCRIPTION,FK_ADR_COUNTRY) values ('69','LIDT',null,null);
Insert into FLIGHT_DEV.ARP_AIRPORT (PK_ARP_AIRPORT,AIRPORT,DESCRIPTION,FK_ADR_COUNTRY) values ('70','LIDU',null,null);
Insert into FLIGHT_DEV.ARP_AIRPORT (PK_ARP_AIRPORT,AIRPORT,DESCRIPTION,FK_ADR_COUNTRY) values ('71','LIPB',null,null);
Insert into FLIGHT_DEV.ARP_AIRPORT (PK_ARP_AIRPORT,AIRPORT,DESCRIPTION,FK_ADR_COUNTRY) values ('72','LIPN',null,null);
Insert into FLIGHT_DEV.ARP_AIRPORT (PK_ARP_AIRPORT,AIRPORT,DESCRIPTION,FK_ADR_COUNTRY) values ('73','LIPV',null,null);
Insert into FLIGHT_DEV.ARP_AIRPORT (PK_ARP_AIRPORT,AIRPORT,DESCRIPTION,FK_ADR_COUNTRY) values ('74','LKCS',null,null);
Insert into FLIGHT_DEV.ARP_AIRPORT (PK_ARP_AIRPORT,AIRPORT,DESCRIPTION,FK_ADR_COUNTRY) values ('75','LKJH',null,null);
Insert into FLIGHT_DEV.ARP_AIRPORT (PK_ARP_AIRPORT,AIRPORT,DESCRIPTION,FK_ADR_COUNTRY) values ('76','LKPS',null,null);
Insert into FLIGHT_DEV.ARP_AIRPORT (PK_ARP_AIRPORT,AIRPORT,DESCRIPTION,FK_ADR_COUNTRY) values ('77','LOAU',null,null);
Insert into FLIGHT_DEV.ARP_AIRPORT (PK_ARP_AIRPORT,AIRPORT,DESCRIPTION,FK_ADR_COUNTRY) values ('78','LOIJ',null,null);
Insert into FLIGHT_DEV.ARP_AIRPORT (PK_ARP_AIRPORT,AIRPORT,DESCRIPTION,FK_ADR_COUNTRY) values ('79','LOLK',null,null);
Insert into FLIGHT_DEV.ARP_AIRPORT (PK_ARP_AIRPORT,AIRPORT,DESCRIPTION,FK_ADR_COUNTRY) values ('80','LOWS',null,null);
Insert into FLIGHT_DEV.ARP_AIRPORT (PK_ARP_AIRPORT,AIRPORT,DESCRIPTION,FK_ADR_COUNTRY) values ('81','LOWZ',null,null);
Insert into FLIGHT_DEV.ARP_AIRPORT (PK_ARP_AIRPORT,AIRPORT,DESCRIPTION,FK_ADR_COUNTRY) values ('82','LSZR',null,null);
Insert into FLIGHT_DEV.ARP_AIRPORT (PK_ARP_AIRPORT,AIRPORT,DESCRIPTION,FK_ADR_COUNTRY) values ('1','EDMA','Augsburg','1');
Insert into FLIGHT_DEV.ARP_AIRPORT (PK_ARP_AIRPORT,AIRPORT,DESCRIPTION,FK_ADR_COUNTRY) values ('2','EDAB',null,null);
Insert into FLIGHT_DEV.ARP_AIRPORT (PK_ARP_AIRPORT,AIRPORT,DESCRIPTION,FK_ADR_COUNTRY) values ('3','EDAZ',null,null);
Insert into FLIGHT_DEV.ARP_AIRPORT (PK_ARP_AIRPORT,AIRPORT,DESCRIPTION,FK_ADR_COUNTRY) values ('4','EDBT',null,null);
Insert into FLIGHT_DEV.ARP_AIRPORT (PK_ARP_AIRPORT,AIRPORT,DESCRIPTION,FK_ADR_COUNTRY) values ('5','EDCJ',null,null);
Insert into FLIGHT_DEV.ARP_AIRPORT (PK_ARP_AIRPORT,AIRPORT,DESCRIPTION,FK_ADR_COUNTRY) values ('6','EDCO',null,null);
Insert into FLIGHT_DEV.ARP_AIRPORT (PK_ARP_AIRPORT,AIRPORT,DESCRIPTION,FK_ADR_COUNTRY) values ('7','EDDR',null,null);
Insert into FLIGHT_DEV.ARP_AIRPORT (PK_ARP_AIRPORT,AIRPORT,DESCRIPTION,FK_ADR_COUNTRY) values ('8','EDDV',null,null);
Insert into FLIGHT_DEV.ARP_AIRPORT (PK_ARP_AIRPORT,AIRPORT,DESCRIPTION,FK_ADR_COUNTRY) values ('9','EDFB',null,null);
Insert into FLIGHT_DEV.ARP_AIRPORT (PK_ARP_AIRPORT,AIRPORT,DESCRIPTION,FK_ADR_COUNTRY) values ('10','EDFN',null,null);
Insert into FLIGHT_DEV.ARP_AIRPORT (PK_ARP_AIRPORT,AIRPORT,DESCRIPTION,FK_ADR_COUNTRY) values ('11','EDGM',null,null);
Insert into FLIGHT_DEV.ARP_AIRPORT (PK_ARP_AIRPORT,AIRPORT,DESCRIPTION,FK_ADR_COUNTRY) values ('12','EDGS',null,null);
Insert into FLIGHT_DEV.ARP_AIRPORT (PK_ARP_AIRPORT,AIRPORT,DESCRIPTION,FK_ADR_COUNTRY) values ('13','EDJA',null,null);
Insert into FLIGHT_DEV.ARP_AIRPORT (PK_ARP_AIRPORT,AIRPORT,DESCRIPTION,FK_ADR_COUNTRY) values ('14','EDKB',null,null);
Insert into FLIGHT_DEV.ARP_AIRPORT (PK_ARP_AIRPORT,AIRPORT,DESCRIPTION,FK_ADR_COUNTRY) values ('15','EDLE',null,null);
Insert into FLIGHT_DEV.ARP_AIRPORT (PK_ARP_AIRPORT,AIRPORT,DESCRIPTION,FK_ADR_COUNTRY) values ('17','EDMB',null,null);
Insert into FLIGHT_DEV.ARP_AIRPORT (PK_ARP_AIRPORT,AIRPORT,DESCRIPTION,FK_ADR_COUNTRY) values ('18','EDME',null,null);
Insert into FLIGHT_DEV.ARP_AIRPORT (PK_ARP_AIRPORT,AIRPORT,DESCRIPTION,FK_ADR_COUNTRY) values ('19','EDMK',null,null);
Insert into FLIGHT_DEV.ARP_AIRPORT (PK_ARP_AIRPORT,AIRPORT,DESCRIPTION,FK_ADR_COUNTRY) values ('20','EDML',null,null);
Insert into FLIGHT_DEV.ARP_AIRPORT (PK_ARP_AIRPORT,AIRPORT,DESCRIPTION,FK_ADR_COUNTRY) values ('21','EDMO',null,null);
Insert into FLIGHT_DEV.ARP_AIRPORT (PK_ARP_AIRPORT,AIRPORT,DESCRIPTION,FK_ADR_COUNTRY) values ('22','EDMQ',null,null);
Insert into FLIGHT_DEV.ARP_AIRPORT (PK_ARP_AIRPORT,AIRPORT,DESCRIPTION,FK_ADR_COUNTRY) values ('23','EDMS',null,null);
Insert into FLIGHT_DEV.ARP_AIRPORT (PK_ARP_AIRPORT,AIRPORT,DESCRIPTION,FK_ADR_COUNTRY) values ('24','EDMT',null,null);
Insert into FLIGHT_DEV.ARP_AIRPORT (PK_ARP_AIRPORT,AIRPORT,DESCRIPTION,FK_ADR_COUNTRY) values ('25','EDMV',null,null);
Insert into FLIGHT_DEV.ARP_AIRPORT (PK_ARP_AIRPORT,AIRPORT,DESCRIPTION,FK_ADR_COUNTRY) values ('26','EDMY',null,null);
Insert into FLIGHT_DEV.ARP_AIRPORT (PK_ARP_AIRPORT,AIRPORT,DESCRIPTION,FK_ADR_COUNTRY) values ('27','EDNB',null,null);
Insert into FLIGHT_DEV.ARP_AIRPORT (PK_ARP_AIRPORT,AIRPORT,DESCRIPTION,FK_ADR_COUNTRY) values ('28','EDNH',null,null);
Insert into FLIGHT_DEV.ARP_AIRPORT (PK_ARP_AIRPORT,AIRPORT,DESCRIPTION,FK_ADR_COUNTRY) values ('29','EDNK',null,null);
Insert into FLIGHT_DEV.ARP_AIRPORT (PK_ARP_AIRPORT,AIRPORT,DESCRIPTION,FK_ADR_COUNTRY) values ('30','EDNL',null,null);
Insert into FLIGHT_DEV.ARP_AIRPORT (PK_ARP_AIRPORT,AIRPORT,DESCRIPTION,FK_ADR_COUNTRY) values ('31','EDNO',null,null);
Insert into FLIGHT_DEV.ARP_AIRPORT (PK_ARP_AIRPORT,AIRPORT,DESCRIPTION,FK_ADR_COUNTRY) values ('32','EDNQ',null,null);
Insert into FLIGHT_DEV.ARP_AIRPORT (PK_ARP_AIRPORT,AIRPORT,DESCRIPTION,FK_ADR_COUNTRY) values ('33','EDNY',null,null);
Insert into FLIGHT_DEV.ARP_AIRPORT (PK_ARP_AIRPORT,AIRPORT,DESCRIPTION,FK_ADR_COUNTRY) values ('34','EDPA',null,null);
Insert into FLIGHT_DEV.ARP_AIRPORT (PK_ARP_AIRPORT,AIRPORT,DESCRIPTION,FK_ADR_COUNTRY) values ('35','EDPA 1',null,null);
Insert into FLIGHT_DEV.ARP_AIRPORT (PK_ARP_AIRPORT,AIRPORT,DESCRIPTION,FK_ADR_COUNTRY) values ('36','EDQC',null,null);
Insert into FLIGHT_DEV.ARP_AIRPORT (PK_ARP_AIRPORT,AIRPORT,DESCRIPTION,FK_ADR_COUNTRY) values ('37','EDRK',null,null);
Insert into FLIGHT_DEV.ARP_AIRPORT (PK_ARP_AIRPORT,AIRPORT,DESCRIPTION,FK_ADR_COUNTRY) values ('38','EDRY',null,null);
Insert into FLIGHT_DEV.ARP_AIRPORT (PK_ARP_AIRPORT,AIRPORT,DESCRIPTION,FK_ADR_COUNTRY) values ('39','EDRZ',null,null);
Insert into FLIGHT_DEV.ARP_AIRPORT (PK_ARP_AIRPORT,AIRPORT,DESCRIPTION,FK_ADR_COUNTRY) values ('40','EDSB',null,null);
Insert into FLIGHT_DEV.ARP_AIRPORT (PK_ARP_AIRPORT,AIRPORT,DESCRIPTION,FK_ADR_COUNTRY) values ('41','EDSZ',null,null);
Insert into FLIGHT_DEV.ARP_AIRPORT (PK_ARP_AIRPORT,AIRPORT,DESCRIPTION,FK_ADR_COUNTRY) values ('42','EDTD',null,null);
Insert into FLIGHT_DEV.ARP_AIRPORT (PK_ARP_AIRPORT,AIRPORT,DESCRIPTION,FK_ADR_COUNTRY) values ('43','EDTF',null,null);
Insert into FLIGHT_DEV.ARP_AIRPORT (PK_ARP_AIRPORT,AIRPORT,DESCRIPTION,FK_ADR_COUNTRY) values ('44','EDTH',null,null);
Insert into FLIGHT_DEV.ARP_AIRPORT (PK_ARP_AIRPORT,AIRPORT,DESCRIPTION,FK_ADR_COUNTRY) values ('45','EDTM',null,null);
Insert into FLIGHT_DEV.ARP_AIRPORT (PK_ARP_AIRPORT,AIRPORT,DESCRIPTION,FK_ADR_COUNTRY) values ('46','EDTY',null,null);
Insert into FLIGHT_DEV.ARP_AIRPORT (PK_ARP_AIRPORT,AIRPORT,DESCRIPTION,FK_ADR_COUNTRY) values ('47','EDTZ',null,null);
Insert into FLIGHT_DEV.ARP_AIRPORT (PK_ARP_AIRPORT,AIRPORT,DESCRIPTION,FK_ADR_COUNTRY) values ('48','EDVK',null,null);
Insert into FLIGHT_DEV.ARP_AIRPORT (PK_ARP_AIRPORT,AIRPORT,DESCRIPTION,FK_ADR_COUNTRY) values ('49','EDWG',null,null);
Insert into FLIGHT_DEV.ARP_AIRPORT (PK_ARP_AIRPORT,AIRPORT,DESCRIPTION,FK_ADR_COUNTRY) values ('50','EDXN',null,null);
Insert into FLIGHT_DEV.ARP_AIRPORT (PK_ARP_AIRPORT,AIRPORT,DESCRIPTION,FK_ADR_COUNTRY) values ('51','EDXW',null,null);
Insert into FLIGHT_DEV.ARP_AIRPORT (PK_ARP_AIRPORT,AIRPORT,DESCRIPTION,FK_ADR_COUNTRY) values ('52','EDXZ',null,null);
Insert into FLIGHT_DEV.ARP_AIRPORT (PK_ARP_AIRPORT,AIRPORT,DESCRIPTION,FK_ADR_COUNTRY) values ('53','EPKE',null,null);
Insert into FLIGHT_DEV.ARP_AIRPORT (PK_ARP_AIRPORT,AIRPORT,DESCRIPTION,FK_ADR_COUNTRY) values ('54','EPWR',null,null);
Insert into FLIGHT_DEV.ARP_AIRPORT (PK_ARP_AIRPORT,AIRPORT,DESCRIPTION,FK_ADR_COUNTRY) values ('55','ETMN',null,null);
Insert into FLIGHT_DEV.ARP_AIRPORT (PK_ARP_AIRPORT,AIRPORT,DESCRIPTION,FK_ADR_COUNTRY) values ('56','ETPA',null,null);
Insert into FLIGHT_DEV.ARP_AIRPORT (PK_ARP_AIRPORT,AIRPORT,DESCRIPTION,FK_ADR_COUNTRY) values ('57','ETSN',null,null);
Insert into FLIGHT_DEV.ARP_AIRPORT (PK_ARP_AIRPORT,AIRPORT,DESCRIPTION,FK_ADR_COUNTRY) values ('58','LDDU',null,null);
Insert into FLIGHT_DEV.ARP_AIRPORT (PK_ARP_AIRPORT,AIRPORT,DESCRIPTION,FK_ADR_COUNTRY) values ('59','LDLO',null,null);
Insert into FLIGHT_DEV.ARP_AIRPORT (PK_ARP_AIRPORT,AIRPORT,DESCRIPTION,FK_ADR_COUNTRY) values ('60','LESO',null,null);
Insert into FLIGHT_DEV.ARP_AIRPORT (PK_ARP_AIRPORT,AIRPORT,DESCRIPTION,FK_ADR_COUNTRY) values ('61','LESU',null,null);
Insert into FLIGHT_DEV.ARP_AIRPORT (PK_ARP_AIRPORT,AIRPORT,DESCRIPTION,FK_ADR_COUNTRY) values ('62','LFGZ',null,null);
Insert into FLIGHT_DEV.ARP_AIRPORT (PK_ARP_AIRPORT,AIRPORT,DESCRIPTION,FK_ADR_COUNTRY) values ('63','LFLP',null,null);
Insert into FLIGHT_DEV.ARP_AIRPORT (PK_ARP_AIRPORT,AIRPORT,DESCRIPTION,FK_ADR_COUNTRY) values ('64','LFMD',null,null);
Insert into FLIGHT_DEV.ARP_AIRPORT (PK_ARP_AIRPORT,AIRPORT,DESCRIPTION,FK_ADR_COUNTRY) values ('65','LFML',null,null);
Insert into FLIGHT_DEV.ARP_AIRPORT (PK_ARP_AIRPORT,AIRPORT,DESCRIPTION,FK_ADR_COUNTRY) values ('66','LFSD',null,null);
Insert into FLIGHT_DEV.ARP_AIRPORT (PK_ARP_AIRPORT,AIRPORT,DESCRIPTION,FK_ADR_COUNTRY) values ('67','LIDB',null,null);
Insert into FLIGHT_DEV.ARP_AIRPORT (PK_ARP_AIRPORT,AIRPORT,DESCRIPTION,FK_ADR_COUNTRY) values ('68','LIDF',null,null);
Insert into FLIGHT_DEV.ARP_AIRPORT (PK_ARP_AIRPORT,AIRPORT,DESCRIPTION,FK_ADR_COUNTRY) values ('69','LIDT',null,null);
Insert into FLIGHT_DEV.ARP_AIRPORT (PK_ARP_AIRPORT,AIRPORT,DESCRIPTION,FK_ADR_COUNTRY) values ('70','LIDU',null,null);
Insert into FLIGHT_DEV.ARP_AIRPORT (PK_ARP_AIRPORT,AIRPORT,DESCRIPTION,FK_ADR_COUNTRY) values ('71','LIPB',null,null);
Insert into FLIGHT_DEV.ARP_AIRPORT (PK_ARP_AIRPORT,AIRPORT,DESCRIPTION,FK_ADR_COUNTRY) values ('72','LIPN',null,null);
Insert into FLIGHT_DEV.ARP_AIRPORT (PK_ARP_AIRPORT,AIRPORT,DESCRIPTION,FK_ADR_COUNTRY) values ('73','LIPV',null,null);
Insert into FLIGHT_DEV.ARP_AIRPORT (PK_ARP_AIRPORT,AIRPORT,DESCRIPTION,FK_ADR_COUNTRY) values ('74','LKCS',null,null);
Insert into FLIGHT_DEV.ARP_AIRPORT (PK_ARP_AIRPORT,AIRPORT,DESCRIPTION,FK_ADR_COUNTRY) values ('75','LKJH',null,null);
Insert into FLIGHT_DEV.ARP_AIRPORT (PK_ARP_AIRPORT,AIRPORT,DESCRIPTION,FK_ADR_COUNTRY) values ('76','LKPS',null,null);
Insert into FLIGHT_DEV.ARP_AIRPORT (PK_ARP_AIRPORT,AIRPORT,DESCRIPTION,FK_ADR_COUNTRY) values ('77','LOAU',null,null);
Insert into FLIGHT_DEV.ARP_AIRPORT (PK_ARP_AIRPORT,AIRPORT,DESCRIPTION,FK_ADR_COUNTRY) values ('78','LOIJ',null,null);
Insert into FLIGHT_DEV.ARP_AIRPORT (PK_ARP_AIRPORT,AIRPORT,DESCRIPTION,FK_ADR_COUNTRY) values ('79','LOLK',null,null);
Insert into FLIGHT_DEV.ARP_AIRPORT (PK_ARP_AIRPORT,AIRPORT,DESCRIPTION,FK_ADR_COUNTRY) values ('80','LOWS',null,null);
Insert into FLIGHT_DEV.ARP_AIRPORT (PK_ARP_AIRPORT,AIRPORT,DESCRIPTION,FK_ADR_COUNTRY) values ('81','LOWZ',null,null);
Insert into FLIGHT_DEV.ARP_AIRPORT (PK_ARP_AIRPORT,AIRPORT,DESCRIPTION,FK_ADR_COUNTRY) values ('82','LSZR',null,null);
REM INSERTING into FLIGHT_DEV.BAK_BANKACCOUNT
SET DEFINE OFF;
REM INSERTING into FLIGHT_DEV.BAK_BANKACCOUNT_TYPE
SET DEFINE OFF;
REM INSERTING into FLIGHT_DEV.BAS_BASIC
SET DEFINE OFF;
REM INSERTING into FLIGHT_DEV.BAS_BASIC_GRP
SET DEFINE OFF;
Insert into FLIGHT_DEV.BAS_BASIC_GRP (PK_BAS_BASIC_GRP,BASIS_GRP_NAME,FK_MDT_MANDANT) values ('2','FK_LAN_PROF_LEVEL','1');
Insert into FLIGHT_DEV.BAS_BASIC_GRP (PK_BAS_BASIC_GRP,BASIS_GRP_NAME,FK_MDT_MANDANT) values ('4','FK_FI_CRI_E','1');
Insert into FLIGHT_DEV.BAS_BASIC_GRP (PK_BAS_BASIC_GRP,BASIS_GRP_NAME,FK_MDT_MANDANT) values ('24','FK_FLIGHT_PHASE','1');
Insert into FLIGHT_DEV.BAS_BASIC_GRP (PK_BAS_BASIC_GRP,BASIS_GRP_NAME,FK_MDT_MANDANT) values ('1','FK_ADDITIONAL_TIMESLOTTYPE','1');
Insert into FLIGHT_DEV.BAS_BASIC_GRP (PK_BAS_BASIC_GRP,BASIS_GRP_NAME,FK_MDT_MANDANT) values ('25','alert_style_licence','1');
Insert into FLIGHT_DEV.BAS_BASIC_GRP (PK_BAS_BASIC_GRP,BASIS_GRP_NAME,FK_MDT_MANDANT) values ('26','alert_style_medical','1');
Insert into FLIGHT_DEV.BAS_BASIC_GRP (PK_BAS_BASIC_GRP,BASIS_GRP_NAME,FK_MDT_MANDANT) values ('27','alert_style_zp','1');
Insert into FLIGHT_DEV.BAS_BASIC_GRP (PK_BAS_BASIC_GRP,BASIS_GRP_NAME,FK_MDT_MANDANT) values ('28','style_language_class','1');
Insert into FLIGHT_DEV.BAS_BASIC_GRP (PK_BAS_BASIC_GRP,BASIS_GRP_NAME,FK_MDT_MANDANT) values ('29','style_language_level','1');
Insert into FLIGHT_DEV.BAS_BASIC_GRP (PK_BAS_BASIC_GRP,BASIS_GRP_NAME,FK_MDT_MANDANT) values ('30','alert_style_days','1');
Insert into FLIGHT_DEV.BAS_BASIC_GRP (PK_BAS_BASIC_GRP,BASIS_GRP_NAME,FK_MDT_MANDANT) values ('2','FK_LAN_PROF_LEVEL','1');
Insert into FLIGHT_DEV.BAS_BASIC_GRP (PK_BAS_BASIC_GRP,BASIS_GRP_NAME,FK_MDT_MANDANT) values ('4','FK_FI_CRI_E','1');
Insert into FLIGHT_DEV.BAS_BASIC_GRP (PK_BAS_BASIC_GRP,BASIS_GRP_NAME,FK_MDT_MANDANT) values ('24','FK_FLIGHT_PHASE','1');
Insert into FLIGHT_DEV.BAS_BASIC_GRP (PK_BAS_BASIC_GRP,BASIS_GRP_NAME,FK_MDT_MANDANT) values ('1','FK_ADDITIONAL_TIMESLOTTYPE','1');
Insert into FLIGHT_DEV.BAS_BASIC_GRP (PK_BAS_BASIC_GRP,BASIS_GRP_NAME,FK_MDT_MANDANT) values ('25','alert_style_licence','1');
Insert into FLIGHT_DEV.BAS_BASIC_GRP (PK_BAS_BASIC_GRP,BASIS_GRP_NAME,FK_MDT_MANDANT) values ('26','alert_style_medical','1');
Insert into FLIGHT_DEV.BAS_BASIC_GRP (PK_BAS_BASIC_GRP,BASIS_GRP_NAME,FK_MDT_MANDANT) values ('27','alert_style_zp','1');
Insert into FLIGHT_DEV.BAS_BASIC_GRP (PK_BAS_BASIC_GRP,BASIS_GRP_NAME,FK_MDT_MANDANT) values ('28','style_language_class','1');
Insert into FLIGHT_DEV.BAS_BASIC_GRP (PK_BAS_BASIC_GRP,BASIS_GRP_NAME,FK_MDT_MANDANT) values ('29','style_language_level','1');
Insert into FLIGHT_DEV.BAS_BASIC_GRP (PK_BAS_BASIC_GRP,BASIS_GRP_NAME,FK_MDT_MANDANT) values ('30','alert_style_days','1');
Insert into FLIGHT_DEV.BAS_BASIC_GRP (PK_BAS_BASIC_GRP,BASIS_GRP_NAME,FK_MDT_MANDANT) values ('2','FK_LAN_PROF_LEVEL','1');
Insert into FLIGHT_DEV.BAS_BASIC_GRP (PK_BAS_BASIC_GRP,BASIS_GRP_NAME,FK_MDT_MANDANT) values ('4','FK_FI_CRI_E','1');
Insert into FLIGHT_DEV.BAS_BASIC_GRP (PK_BAS_BASIC_GRP,BASIS_GRP_NAME,FK_MDT_MANDANT) values ('24','FK_FLIGHT_PHASE','1');
Insert into FLIGHT_DEV.BAS_BASIC_GRP (PK_BAS_BASIC_GRP,BASIS_GRP_NAME,FK_MDT_MANDANT) values ('1','FK_ADDITIONAL_TIMESLOTTYPE','1');
Insert into FLIGHT_DEV.BAS_BASIC_GRP (PK_BAS_BASIC_GRP,BASIS_GRP_NAME,FK_MDT_MANDANT) values ('25','alert_style_licence','1');
Insert into FLIGHT_DEV.BAS_BASIC_GRP (PK_BAS_BASIC_GRP,BASIS_GRP_NAME,FK_MDT_MANDANT) values ('26','alert_style_medical','1');
Insert into FLIGHT_DEV.BAS_BASIC_GRP (PK_BAS_BASIC_GRP,BASIS_GRP_NAME,FK_MDT_MANDANT) values ('27','alert_style_zp','1');
Insert into FLIGHT_DEV.BAS_BASIC_GRP (PK_BAS_BASIC_GRP,BASIS_GRP_NAME,FK_MDT_MANDANT) values ('28','style_language_class','1');
Insert into FLIGHT_DEV.BAS_BASIC_GRP (PK_BAS_BASIC_GRP,BASIS_GRP_NAME,FK_MDT_MANDANT) values ('29','style_language_level','1');
Insert into FLIGHT_DEV.BAS_BASIC_GRP (PK_BAS_BASIC_GRP,BASIS_GRP_NAME,FK_MDT_MANDANT) values ('30','alert_style_days','1');
REM INSERTING into FLIGHT_DEV.BOR_BORD_LOG
SET DEFINE OFF;
REM INSERTING into FLIGHT_DEV.BOR_BORD_LOG_ENTRY
SET DEFINE OFF;
REM INSERTING into FLIGHT_DEV.BOR_BORD_LOG_ENTRY_ADD
SET DEFINE OFF;
REM INSERTING into FLIGHT_DEV.BOR_BORD_LOG_ENTRY_GRP
SET DEFINE OFF;
Insert into FLIGHT_DEV.BOR_BORD_LOG_ENTRY_GRP (PK_BOR_BORD_LOG_ENTRY_GRP,GROUP_NAME,FK_MDT_MANDANT,FK_BOR_BORD_LOG) values ('1',null,'1','1');
REM INSERTING into FLIGHT_DEV.BOR_BORD_LOG_ENTRY_HOB_RPM
SET DEFINE OFF;
REM INSERTING into FLIGHT_DEV.CON_CONTACT
SET DEFINE OFF;
Insert into FLIGHT_DEV.CON_CONTACT (PK_CON_CONTACT,FK_MDT_MANDANT,FK_CON_CONTACT_TYPE,FK_ADR_ADDRESS,TITLE,LAST_NAME,FIRST_NAME,EMAIL,COUNTRY_PREFIX,PHONE_NO,BIRTH_DAY,ACTIVE,ACTIVE_FROM,ACTIVE_TO,CREATED_AT,CREATED_BY,MODIFIED_AT,MODIFIED_BY,CONTACT_MAIN) values ('1','1',null,'1',null,'Gaudl','Manfred H','manfredgaudl@vodafone.de','+49','151 1850-9005',to_date('15.03.19','DD.MM.RR'),'1',to_date('14.03.19','DD.MM.RR'),to_date('31.12.99','DD.MM.RR'),to_date('14.03.19','DD.MM.RR'),'ARICHTER',to_date('14.03.19','DD.MM.RR'),'ARICHTER','1');
Insert into FLIGHT_DEV.CON_CONTACT (PK_CON_CONTACT,FK_MDT_MANDANT,FK_CON_CONTACT_TYPE,FK_ADR_ADDRESS,TITLE,LAST_NAME,FIRST_NAME,EMAIL,COUNTRY_PREFIX,PHONE_NO,BIRTH_DAY,ACTIVE,ACTIVE_FROM,ACTIVE_TO,CREATED_AT,CREATED_BY,MODIFIED_AT,MODIFIED_BY,CONTACT_MAIN) values ('2','1',null,'1',null,'Gaudl','Manfred M','manfredgaudl@vodafone.de','+49','151 1850-9005',to_date('14.03.19','DD.MM.RR'),'1',to_date('14.03.19','DD.MM.RR'),to_date('31.12.99','DD.MM.RR'),to_date('14.03.19','DD.MM.RR'),'ARICHTER',to_date('14.03.19','DD.MM.RR'),'ARICHTER','0');
REM INSERTING into FLIGHT_DEV.CON_CONTACT_TYPE
SET DEFINE OFF;
Insert into FLIGHT_DEV.CON_CONTACT_TYPE (PK_CON_CONTACT_TYPE,CONTACT_TYPE_EN,CONTACT_TYPE_DE) values ('1',null,null);
Insert into FLIGHT_DEV.CON_CONTACT_TYPE (PK_CON_CONTACT_TYPE,CONTACT_TYPE_EN,CONTACT_TYPE_DE) values ('2',null,null);
REM INSERTING into FLIGHT_DEV.COST_COST_GRP
SET DEFINE OFF;
Insert into FLIGHT_DEV.COST_COST_GRP (PK_COST_COST_GRP,COST_GRP_NAME,FK_MDT_MANDANT) values ('1','Stellplatz','1');
Insert into FLIGHT_DEV.COST_COST_GRP (PK_COST_COST_GRP,COST_GRP_NAME,FK_MDT_MANDANT) values ('2','Sprit','1');
Insert into FLIGHT_DEV.COST_COST_GRP (PK_COST_COST_GRP,COST_GRP_NAME,FK_MDT_MANDANT) values ('3','Landungen','1');
Insert into FLIGHT_DEV.COST_COST_GRP (PK_COST_COST_GRP,COST_GRP_NAME,FK_MDT_MANDANT) values ('4','l','1');
Insert into FLIGHT_DEV.COST_COST_GRP (PK_COST_COST_GRP,COST_GRP_NAME,FK_MDT_MANDANT) values ('5','Inspektion','1');
Insert into FLIGHT_DEV.COST_COST_GRP (PK_COST_COST_GRP,COST_GRP_NAME,FK_MDT_MANDANT) values ('6','Reparatur','1');
Insert into FLIGHT_DEV.COST_COST_GRP (PK_COST_COST_GRP,COST_GRP_NAME,FK_MDT_MANDANT) values ('7','Invest','1');
Insert into FLIGHT_DEV.COST_COST_GRP (PK_COST_COST_GRP,COST_GRP_NAME,FK_MDT_MANDANT) values ('8','Sonst','1');
REM INSERTING into FLIGHT_DEV.DEPT
SET DEFINE OFF;
Insert into FLIGHT_DEV.DEPT (DEPTNO,DNAME,LOC) values ('10','ACCOUNTING','NEW YORK');
Insert into FLIGHT_DEV.DEPT (DEPTNO,DNAME,LOC) values ('20','RESEARCH','DALLAS');
Insert into FLIGHT_DEV.DEPT (DEPTNO,DNAME,LOC) values ('30','SALES','CHICAGO');
Insert into FLIGHT_DEV.DEPT (DEPTNO,DNAME,LOC) values ('40','OPERATIONS','BOSTON');
REM INSERTING into FLIGHT_DEV.DOC_DOCUMENT
SET DEFINE OFF;
Insert into FLIGHT_DEV.DOC_DOCUMENT (PK_DOC_DOCUMENT,FK_MDT_MANDANT,FK_DOC_DOCUMENT_TYPE,FK_DOC_USAGE_TYPE,DOCUMENT_TITLE,VALID,VALID_UNTIL,DOCUMENT_NR,FK_CERT_TYPE,FK_LAN_PROF_LEVEL,LAN_PROF_LEVEL_VAL,DOC_EXISTS,FK_FI_CRI_E) values ('49','1','14','2',null,'1',to_date('31.12.99','DD.MM.RR'),null,null,null,null,'1',null);
Insert into FLIGHT_DEV.DOC_DOCUMENT (PK_DOC_DOCUMENT,FK_MDT_MANDANT,FK_DOC_DOCUMENT_TYPE,FK_DOC_USAGE_TYPE,DOCUMENT_TITLE,VALID,VALID_UNTIL,DOCUMENT_NR,FK_CERT_TYPE,FK_LAN_PROF_LEVEL,LAN_PROF_LEVEL_VAL,DOC_EXISTS,FK_FI_CRI_E) values ('21','1','13','2',null,'1',to_date('15.04.19','DD.MM.RR'),null,null,null,null,'1',null);
Insert into FLIGHT_DEV.DOC_DOCUMENT (PK_DOC_DOCUMENT,FK_MDT_MANDANT,FK_DOC_DOCUMENT_TYPE,FK_DOC_USAGE_TYPE,DOCUMENT_TITLE,VALID,VALID_UNTIL,DOCUMENT_NR,FK_CERT_TYPE,FK_LAN_PROF_LEVEL,LAN_PROF_LEVEL_VAL,DOC_EXISTS,FK_FI_CRI_E) values ('22','1','14','2',null,'1',to_date('17.04.19','DD.MM.RR'),null,null,null,null,'1',null);
Insert into FLIGHT_DEV.DOC_DOCUMENT (PK_DOC_DOCUMENT,FK_MDT_MANDANT,FK_DOC_DOCUMENT_TYPE,FK_DOC_USAGE_TYPE,DOCUMENT_TITLE,VALID,VALID_UNTIL,DOCUMENT_NR,FK_CERT_TYPE,FK_LAN_PROF_LEVEL,LAN_PROF_LEVEL_VAL,DOC_EXISTS,FK_FI_CRI_E) values ('23','1','15','2',null,'1',to_date('31.05.19','DD.MM.RR'),null,null,null,null,'1',null);
Insert into FLIGHT_DEV.DOC_DOCUMENT (PK_DOC_DOCUMENT,FK_MDT_MANDANT,FK_DOC_DOCUMENT_TYPE,FK_DOC_USAGE_TYPE,DOCUMENT_TITLE,VALID,VALID_UNTIL,DOCUMENT_NR,FK_CERT_TYPE,FK_LAN_PROF_LEVEL,LAN_PROF_LEVEL_VAL,DOC_EXISTS,FK_FI_CRI_E) values ('2','1','11','2','A 406455','1',to_date('18.12.19','DD.MM.RR'),null,null,null,null,'1',null);
Insert into FLIGHT_DEV.DOC_DOCUMENT (PK_DOC_DOCUMENT,FK_MDT_MANDANT,FK_DOC_DOCUMENT_TYPE,FK_DOC_USAGE_TYPE,DOCUMENT_TITLE,VALID,VALID_UNTIL,DOCUMENT_NR,FK_CERT_TYPE,FK_LAN_PROF_LEVEL,LAN_PROF_LEVEL_VAL,DOC_EXISTS,FK_FI_CRI_E) values ('1','1','12','2','DE.FCL.8031 009524','1',to_date('29.02.20','DD.MM.RR'),null,null,null,null,'1',null);
Insert into FLIGHT_DEV.DOC_DOCUMENT (PK_DOC_DOCUMENT,FK_MDT_MANDANT,FK_DOC_DOCUMENT_TYPE,FK_DOC_USAGE_TYPE,DOCUMENT_TITLE,VALID,VALID_UNTIL,DOCUMENT_NR,FK_CERT_TYPE,FK_LAN_PROF_LEVEL,LAN_PROF_LEVEL_VAL,DOC_EXISTS,FK_FI_CRI_E) values ('41','1','10','2',null,'1',to_date('11.01.60','DD.MM.RR'),null,null,'1','6','1',null);
Insert into FLIGHT_DEV.DOC_DOCUMENT (PK_DOC_DOCUMENT,FK_MDT_MANDANT,FK_DOC_DOCUMENT_TYPE,FK_DOC_USAGE_TYPE,DOCUMENT_TITLE,VALID,VALID_UNTIL,DOCUMENT_NR,FK_CERT_TYPE,FK_LAN_PROF_LEVEL,LAN_PROF_LEVEL_VAL,DOC_EXISTS,FK_FI_CRI_E) values ('42','1','10','2',null,'1',to_date('11.01.60','DD.MM.RR'),null,null,'2','6','1',null);
Insert into FLIGHT_DEV.DOC_DOCUMENT (PK_DOC_DOCUMENT,FK_MDT_MANDANT,FK_DOC_DOCUMENT_TYPE,FK_DOC_USAGE_TYPE,DOCUMENT_TITLE,VALID,VALID_UNTIL,DOCUMENT_NR,FK_CERT_TYPE,FK_LAN_PROF_LEVEL,LAN_PROF_LEVEL_VAL,DOC_EXISTS,FK_FI_CRI_E) values ('43','1','10','2',null,'0',to_date('05.03.19','DD.MM.RR'),null,null,'2','3','1',null);
Insert into FLIGHT_DEV.DOC_DOCUMENT (PK_DOC_DOCUMENT,FK_MDT_MANDANT,FK_DOC_DOCUMENT_TYPE,FK_DOC_USAGE_TYPE,DOCUMENT_TITLE,VALID,VALID_UNTIL,DOCUMENT_NR,FK_CERT_TYPE,FK_LAN_PROF_LEVEL,LAN_PROF_LEVEL_VAL,DOC_EXISTS,FK_FI_CRI_E) values ('44','1','10','2',null,'1',to_date('30.04.23','DD.MM.RR'),null,null,'2','5','1',null);
Insert into FLIGHT_DEV.DOC_DOCUMENT (PK_DOC_DOCUMENT,FK_MDT_MANDANT,FK_DOC_DOCUMENT_TYPE,FK_DOC_USAGE_TYPE,DOCUMENT_TITLE,VALID,VALID_UNTIL,DOCUMENT_NR,FK_CERT_TYPE,FK_LAN_PROF_LEVEL,LAN_PROF_LEVEL_VAL,DOC_EXISTS,FK_FI_CRI_E) values ('45','1','14','2',null,'1',to_date('08.12.19','DD.MM.RR'),null,null,null,null,'1',null);
Insert into FLIGHT_DEV.DOC_DOCUMENT (PK_DOC_DOCUMENT,FK_MDT_MANDANT,FK_DOC_DOCUMENT_TYPE,FK_DOC_USAGE_TYPE,DOCUMENT_TITLE,VALID,VALID_UNTIL,DOCUMENT_NR,FK_CERT_TYPE,FK_LAN_PROF_LEVEL,LAN_PROF_LEVEL_VAL,DOC_EXISTS,FK_FI_CRI_E) values ('46','1','15','2',null,'1',to_date('31.12.99','DD.MM.RR'),null,null,null,null,'1',null);
Insert into FLIGHT_DEV.DOC_DOCUMENT (PK_DOC_DOCUMENT,FK_MDT_MANDANT,FK_DOC_DOCUMENT_TYPE,FK_DOC_USAGE_TYPE,DOCUMENT_TITLE,VALID,VALID_UNTIL,DOCUMENT_NR,FK_CERT_TYPE,FK_LAN_PROF_LEVEL,LAN_PROF_LEVEL_VAL,DOC_EXISTS,FK_FI_CRI_E) values ('47','1','16','2',null,'0',to_date('01.01.13','DD.MM.RR'),null,null,null,null,'1',null);
Insert into FLIGHT_DEV.DOC_DOCUMENT (PK_DOC_DOCUMENT,FK_MDT_MANDANT,FK_DOC_DOCUMENT_TYPE,FK_DOC_USAGE_TYPE,DOCUMENT_TITLE,VALID,VALID_UNTIL,DOCUMENT_NR,FK_CERT_TYPE,FK_LAN_PROF_LEVEL,LAN_PROF_LEVEL_VAL,DOC_EXISTS,FK_FI_CRI_E) values ('48','1','17','2',null,'1',to_date('31.12.99','DD.MM.RR'),null,null,null,null,'1',null);
Insert into FLIGHT_DEV.DOC_DOCUMENT (PK_DOC_DOCUMENT,FK_MDT_MANDANT,FK_DOC_DOCUMENT_TYPE,FK_DOC_USAGE_TYPE,DOCUMENT_TITLE,VALID,VALID_UNTIL,DOCUMENT_NR,FK_CERT_TYPE,FK_LAN_PROF_LEVEL,LAN_PROF_LEVEL_VAL,DOC_EXISTS,FK_FI_CRI_E) values ('3','1','13','2',null,'1',to_date('31.12.99','DD.MM.RR'),null,null,null,null,'1','5');
REM INSERTING into FLIGHT_DEV.DOC_DOCUMENT_TYPE
SET DEFINE OFF;
Insert into FLIGHT_DEV.DOC_DOCUMENT_TYPE (PK_DOC_DOCUMENT_TYPE,FK_MDT_MANDANT,DOC_DOCUMENT_TYPE) values ('10','1','Language Certificate');
Insert into FLIGHT_DEV.DOC_DOCUMENT_TYPE (PK_DOC_DOCUMENT_TYPE,FK_MDT_MANDANT,DOC_DOCUMENT_TYPE) values ('11','1','Medical pass');
Insert into FLIGHT_DEV.DOC_DOCUMENT_TYPE (PK_DOC_DOCUMENT_TYPE,FK_MDT_MANDANT,DOC_DOCUMENT_TYPE) values ('12','1','Pilot License');
Insert into FLIGHT_DEV.DOC_DOCUMENT_TYPE (PK_DOC_DOCUMENT_TYPE,FK_MDT_MANDANT,DOC_DOCUMENT_TYPE) values ('13','1','FI (A) / CRI / E');
Insert into FLIGHT_DEV.DOC_DOCUMENT_TYPE (PK_DOC_DOCUMENT_TYPE,FK_MDT_MANDANT,DOC_DOCUMENT_TYPE) values ('14','1','ZP');
Insert into FLIGHT_DEV.DOC_DOCUMENT_TYPE (PK_DOC_DOCUMENT_TYPE,FK_MDT_MANDANT,DOC_DOCUMENT_TYPE) values ('15','1','DSGVO');
Insert into FLIGHT_DEV.DOC_DOCUMENT_TYPE (PK_DOC_DOCUMENT_TYPE,FK_MDT_MANDANT,DOC_DOCUMENT_TYPE) values ('16','1','Nutzungsvereinbarung');
Insert into FLIGHT_DEV.DOC_DOCUMENT_TYPE (PK_DOC_DOCUMENT_TYPE,FK_MDT_MANDANT,DOC_DOCUMENT_TYPE) values ('1','1','MAINTENANCE PLAN');
Insert into FLIGHT_DEV.DOC_DOCUMENT_TYPE (PK_DOC_DOCUMENT_TYPE,FK_MDT_MANDANT,DOC_DOCUMENT_TYPE) values ('2','1','navigation manual');
Insert into FLIGHT_DEV.DOC_DOCUMENT_TYPE (PK_DOC_DOCUMENT_TYPE,FK_MDT_MANDANT,DOC_DOCUMENT_TYPE) values ('3','1','devices manual');
Insert into FLIGHT_DEV.DOC_DOCUMENT_TYPE (PK_DOC_DOCUMENT_TYPE,FK_MDT_MANDANT,DOC_DOCUMENT_TYPE) values ('4','1','LOG BOOK');
Insert into FLIGHT_DEV.DOC_DOCUMENT_TYPE (PK_DOC_DOCUMENT_TYPE,FK_MDT_MANDANT,DOC_DOCUMENT_TYPE) values ('5','1','mass and balance statement');
Insert into FLIGHT_DEV.DOC_DOCUMENT_TYPE (PK_DOC_DOCUMENT_TYPE,FK_MDT_MANDANT,DOC_DOCUMENT_TYPE) values ('6','1','aircraft manuals');
Insert into FLIGHT_DEV.DOC_DOCUMENT_TYPE (PK_DOC_DOCUMENT_TYPE,FK_MDT_MANDANT,DOC_DOCUMENT_TYPE) values ('7','1','flight planning tools');
Insert into FLIGHT_DEV.DOC_DOCUMENT_TYPE (PK_DOC_DOCUMENT_TYPE,FK_MDT_MANDANT,DOC_DOCUMENT_TYPE) values ('8','1','radio log');
Insert into FLIGHT_DEV.DOC_DOCUMENT_TYPE (PK_DOC_DOCUMENT_TYPE,FK_MDT_MANDANT,DOC_DOCUMENT_TYPE) values ('9','1','policies for usage');
Insert into FLIGHT_DEV.DOC_DOCUMENT_TYPE (PK_DOC_DOCUMENT_TYPE,FK_MDT_MANDANT,DOC_DOCUMENT_TYPE) values ('17','1','IR');
REM INSERTING into FLIGHT_DEV.DOC_USAGE_TYPE
SET DEFINE OFF;
Insert into FLIGHT_DEV.DOC_USAGE_TYPE (PK_DOC_USAGE_TYPE,FK_MDT_MANDANT,USAGE_TYPE_EN,USAGE_TYPE_DE) values ('1','1','PLANE',null);
Insert into FLIGHT_DEV.DOC_USAGE_TYPE (PK_DOC_USAGE_TYPE,FK_MDT_MANDANT,USAGE_TYPE_EN,USAGE_TYPE_DE) values ('2','1','PILOT',null);
Insert into FLIGHT_DEV.DOC_USAGE_TYPE (PK_DOC_USAGE_TYPE,FK_MDT_MANDANT,USAGE_TYPE_EN,USAGE_TYPE_DE) values ('3','1','AIRPORT',null);
REM INSERTING into FLIGHT_DEV.EMP
SET DEFINE OFF;
Insert into FLIGHT_DEV.EMP (EMPNO,ENAME,JOB,MGR,HIREDATE,SAL,COMM,DEPTNO) values ('7839','KING','PRESIDENT',null,to_date('17.11.81','DD.MM.RR'),'5000',null,'10');
Insert into FLIGHT_DEV.EMP (EMPNO,ENAME,JOB,MGR,HIREDATE,SAL,COMM,DEPTNO) values ('7698','BLAKE','MANAGER','7839',to_date('01.05.81','DD.MM.RR'),'2850',null,'30');
Insert into FLIGHT_DEV.EMP (EMPNO,ENAME,JOB,MGR,HIREDATE,SAL,COMM,DEPTNO) values ('7782','CLARK','MANAGER','7839',to_date('09.06.81','DD.MM.RR'),'2450',null,'10');
Insert into FLIGHT_DEV.EMP (EMPNO,ENAME,JOB,MGR,HIREDATE,SAL,COMM,DEPTNO) values ('7566','JONES','MANAGER','7839',to_date('02.04.81','DD.MM.RR'),'2975',null,'20');
Insert into FLIGHT_DEV.EMP (EMPNO,ENAME,JOB,MGR,HIREDATE,SAL,COMM,DEPTNO) values ('7788','SCOTT','ANALYST','7566',to_date('09.12.82','DD.MM.RR'),'3000',null,'20');
Insert into FLIGHT_DEV.EMP (EMPNO,ENAME,JOB,MGR,HIREDATE,SAL,COMM,DEPTNO) values ('7902','FORD','ANALYST','7566',to_date('03.12.81','DD.MM.RR'),'3000',null,'20');
Insert into FLIGHT_DEV.EMP (EMPNO,ENAME,JOB,MGR,HIREDATE,SAL,COMM,DEPTNO) values ('7369','SMITH','CLERK','7902',to_date('17.12.80','DD.MM.RR'),'800',null,'20');
Insert into FLIGHT_DEV.EMP (EMPNO,ENAME,JOB,MGR,HIREDATE,SAL,COMM,DEPTNO) values ('7499','ALLEN','SALESMAN','7698',to_date('20.02.81','DD.MM.RR'),'1600','300','30');
Insert into FLIGHT_DEV.EMP (EMPNO,ENAME,JOB,MGR,HIREDATE,SAL,COMM,DEPTNO) values ('7521','WARD','SALESMAN','7698',to_date('22.02.81','DD.MM.RR'),'1250','500','30');
Insert into FLIGHT_DEV.EMP (EMPNO,ENAME,JOB,MGR,HIREDATE,SAL,COMM,DEPTNO) values ('7654','MARTIN','SALESMAN','7698',to_date('28.09.81','DD.MM.RR'),'1250','1400','30');
Insert into FLIGHT_DEV.EMP (EMPNO,ENAME,JOB,MGR,HIREDATE,SAL,COMM,DEPTNO) values ('7844','TURNER','SALESMAN','7698',to_date('08.09.81','DD.MM.RR'),'1500','0','30');
Insert into FLIGHT_DEV.EMP (EMPNO,ENAME,JOB,MGR,HIREDATE,SAL,COMM,DEPTNO) values ('7876','ADAMS','CLERK','7788',to_date('12.01.83','DD.MM.RR'),'1100',null,'20');
Insert into FLIGHT_DEV.EMP (EMPNO,ENAME,JOB,MGR,HIREDATE,SAL,COMM,DEPTNO) values ('7900','JAMES','CLERK','7698',to_date('03.12.81','DD.MM.RR'),'950',null,'30');
Insert into FLIGHT_DEV.EMP (EMPNO,ENAME,JOB,MGR,HIREDATE,SAL,COMM,DEPTNO) values ('7934','MILLER','CLERK','7782',to_date('23.01.82','DD.MM.RR'),'1300',null,'10');
REM INSERTING into FLIGHT_DEV.FLI_FLIGHT
SET DEFINE OFF;
Insert into FLIGHT_DEV.FLI_FLIGHT (PK_FLI_FLIGHT,FK_MDT_MANDANT,DEPARTURE,ARRIVAL,DEPARTURE_TIME,ARRIVAL_TIME,DURATION,ADDITIONAL_TIMESLOTS,FK_ADDITIONAL_TIMESLOTTYPE,FK_APL_PLANE) values ('61',null,null,null,null,null,null,null,null,'1');
Insert into FLIGHT_DEV.FLI_FLIGHT (PK_FLI_FLIGHT,FK_MDT_MANDANT,DEPARTURE,ARRIVAL,DEPARTURE_TIME,ARRIVAL_TIME,DURATION,ADDITIONAL_TIMESLOTS,FK_ADDITIONAL_TIMESLOTTYPE,FK_APL_PLANE) values ('44',null,null,null,null,null,null,null,null,'1');
Insert into FLIGHT_DEV.FLI_FLIGHT (PK_FLI_FLIGHT,FK_MDT_MANDANT,DEPARTURE,ARRIVAL,DEPARTURE_TIME,ARRIVAL_TIME,DURATION,ADDITIONAL_TIMESLOTS,FK_ADDITIONAL_TIMESLOTTYPE,FK_APL_PLANE) values ('45',null,null,null,null,null,null,null,null,'1');
Insert into FLIGHT_DEV.FLI_FLIGHT (PK_FLI_FLIGHT,FK_MDT_MANDANT,DEPARTURE,ARRIVAL,DEPARTURE_TIME,ARRIVAL_TIME,DURATION,ADDITIONAL_TIMESLOTS,FK_ADDITIONAL_TIMESLOTTYPE,FK_APL_PLANE) values ('81',null,null,null,null,null,null,null,null,'1');
Insert into FLIGHT_DEV.FLI_FLIGHT (PK_FLI_FLIGHT,FK_MDT_MANDANT,DEPARTURE,ARRIVAL,DEPARTURE_TIME,ARRIVAL_TIME,DURATION,ADDITIONAL_TIMESLOTS,FK_ADDITIONAL_TIMESLOTTYPE,FK_APL_PLANE) values ('21','1',to_date('02.04.19','DD.MM.RR'),to_date('17.04.19','DD.MM.RR'),null,null,null,null,null,'1');
Insert into FLIGHT_DEV.FLI_FLIGHT (PK_FLI_FLIGHT,FK_MDT_MANDANT,DEPARTURE,ARRIVAL,DEPARTURE_TIME,ARRIVAL_TIME,DURATION,ADDITIONAL_TIMESLOTS,FK_ADDITIONAL_TIMESLOTTYPE,FK_APL_PLANE) values ('22','1',to_date('02.04.19','DD.MM.RR'),to_date('30.04.19','DD.MM.RR'),null,null,null,null,null,'2');
Insert into FLIGHT_DEV.FLI_FLIGHT (PK_FLI_FLIGHT,FK_MDT_MANDANT,DEPARTURE,ARRIVAL,DEPARTURE_TIME,ARRIVAL_TIME,DURATION,ADDITIONAL_TIMESLOTS,FK_ADDITIONAL_TIMESLOTTYPE,FK_APL_PLANE) values ('43','1',null,null,null,null,null,null,null,'1');
Insert into FLIGHT_DEV.FLI_FLIGHT (PK_FLI_FLIGHT,FK_MDT_MANDANT,DEPARTURE,ARRIVAL,DEPARTURE_TIME,ARRIVAL_TIME,DURATION,ADDITIONAL_TIMESLOTS,FK_ADDITIONAL_TIMESLOTTYPE,FK_APL_PLANE) values ('1','1',to_date('03.04.19','DD.MM.RR'),to_date('15.04.19','DD.MM.RR'),null,null,null,null,null,'1');
REM INSERTING into FLIGHT_DEV.FLI_FLIGHT_COMMENTS
SET DEFINE OFF;
REM INSERTING into FLIGHT_DEV.FLI_FLIGHT_DISCOUNT_REASONS
SET DEFINE OFF;
REM INSERTING into FLIGHT_DEV.FLI_FLIGHT_DISCOUNTS
SET DEFINE OFF;
REM INSERTING into FLIGHT_DEV.GAL_GAIN_AND_LOSS
SET DEFINE OFF;
REM INSERTING into FLIGHT_DEV.HAN_HANGAR
SET DEFINE OFF;
REM INSERTING into FLIGHT_DEV.INV_INVOICE
SET DEFINE OFF;
REM INSERTING into FLIGHT_DEV.INV_INVOICE_TYPE
SET DEFINE OFF;
REM INSERTING into FLIGHT_DEV.LAN_LANDING
SET DEFINE OFF;
REM INSERTING into FLIGHT_DEV.MDT_MANDANT
SET DEFINE OFF;
Insert into FLIGHT_DEV.MDT_MANDANT (PK_MDT_MANDANT,MANDANT,FK_ORG_ORG_UNIT) values ('1','Gaudl_Flugzeugvermietung','1');
Insert into FLIGHT_DEV.MDT_MANDANT (PK_MDT_MANDANT,MANDANT,FK_ORG_ORG_UNIT) values ('2','kjg','2');
REM INSERTING into FLIGHT_DEV.ORG_UNIT
SET DEFINE OFF;
Insert into FLIGHT_DEV.ORG_UNIT (PK_ORG_UNIT,FK_MDT_MANDANT,COMPANY_NAME,ORG_UNIT_NAME,ACTIVE,ACTIVE_FROM,ACTIVE_TO,CREATED_AT,CREATED_BY,MODIFIED_AT,MODIFIED_BY,FK_ORG_UNIT_TYPE,COMM) values ('1','1','Gaudl Flugzeugvermietung','Gaudl Flugzeugvermietung','1',null,null,null,null,null,null,'1',null);
Insert into FLIGHT_DEV.ORG_UNIT (PK_ORG_UNIT,FK_MDT_MANDANT,COMPANY_NAME,ORG_UNIT_NAME,ACTIVE,ACTIVE_FROM,ACTIVE_TO,CREATED_AT,CREATED_BY,MODIFIED_AT,MODIFIED_BY,FK_ORG_UNIT_TYPE,COMM) values ('2','1',null,'Gaudl Manfred H','1',null,null,null,null,null,null,'2',null);
Insert into FLIGHT_DEV.ORG_UNIT (PK_ORG_UNIT,FK_MDT_MANDANT,COMPANY_NAME,ORG_UNIT_NAME,ACTIVE,ACTIVE_FROM,ACTIVE_TO,CREATED_AT,CREATED_BY,MODIFIED_AT,MODIFIED_BY,FK_ORG_UNIT_TYPE,COMM) values ('3','1',null,'Gaudl Manfred M','1',null,null,null,null,null,null,'2',null);
REM INSERTING into FLIGHT_DEV.ORG_UNIT_CHECK_OUT
SET DEFINE OFF;
Insert into FLIGHT_DEV.ORG_UNIT_CHECK_OUT (PK_ORG_UNIT_CHECK_OUT,FK_MDT_MANDANT,FK_ORG_UNIT,CHECK_OUT_DATE) values ('1','1','2',to_date('03.04.19','DD.MM.RR'));
Insert into FLIGHT_DEV.ORG_UNIT_CHECK_OUT (PK_ORG_UNIT_CHECK_OUT,FK_MDT_MANDANT,FK_ORG_UNIT,CHECK_OUT_DATE) values ('2','1','3',to_date('03.04.19','DD.MM.RR'));
REM INSERTING into FLIGHT_DEV.ORG_UNIT_REL_TYPE
SET DEFINE OFF;
Insert into FLIGHT_DEV.ORG_UNIT_REL_TYPE (PK_ORG_UNIT_REL_TYPE,ORG_UNIT_TYPE_REL_NAME_DE,ORG_UNIT_TYPE_REL_NAME_EN) values ('1',null,'Vermieter');
Insert into FLIGHT_DEV.ORG_UNIT_REL_TYPE (PK_ORG_UNIT_REL_TYPE,ORG_UNIT_TYPE_REL_NAME_DE,ORG_UNIT_TYPE_REL_NAME_EN) values ('2','Charterer','Charterer');
Insert into FLIGHT_DEV.ORG_UNIT_REL_TYPE (PK_ORG_UNIT_REL_TYPE,ORG_UNIT_TYPE_REL_NAME_DE,ORG_UNIT_TYPE_REL_NAME_EN) values ('3','Technician','Dienstleister');
REM INSERTING into FLIGHT_DEV.ORG_UNIT_TYPE
SET DEFINE OFF;
Insert into FLIGHT_DEV.ORG_UNIT_TYPE (PK_ORG_UNIT_TYPE,ORG_UNIT_TYPE_NAME_DE,ORG_UNIT_TYPE_NAME_EN) values ('1','Company','Firma');
Insert into FLIGHT_DEV.ORG_UNIT_TYPE (PK_ORG_UNIT_TYPE,ORG_UNIT_TYPE_NAME_DE,ORG_UNIT_TYPE_NAME_EN) values ('2','Person','Person');
REM INSERTING into FLIGHT_DEV.PAY_PAYMENT
SET DEFINE OFF;
REM INSERTING into FLIGHT_DEV.PAY_PAYMENT_TYPE
SET DEFINE OFF;
REM INSERTING into FLIGHT_DEV.PLA_ENGINE_TYPE
SET DEFINE OFF;
REM INSERTING into FLIGHT_DEV.REL_AIRPORT_LOCATION
SET DEFINE OFF;
REM INSERTING into FLIGHT_DEV.REL_BORD_LOG_ENTRY_PAY
SET DEFINE OFF;
REM INSERTING into FLIGHT_DEV.REL_CONTACT_ADDRESS
SET DEFINE OFF;
REM INSERTING into FLIGHT_DEV.REL_CONTACT_BANKACCOUNT
SET DEFINE OFF;
REM INSERTING into FLIGHT_DEV.REL_DOC_CONTACT
SET DEFINE OFF;
Insert into FLIGHT_DEV.REL_DOC_CONTACT (PK_REL_DOC_CONTACT,FK_MDT_MANDANT,FK_DOC_DOCUMENT,FK_CON_CONTACT) values ('41','1','49','2');
Insert into FLIGHT_DEV.REL_DOC_CONTACT (PK_REL_DOC_CONTACT,FK_MDT_MANDANT,FK_DOC_DOCUMENT,FK_CON_CONTACT) values ('21','1','21','1');
Insert into FLIGHT_DEV.REL_DOC_CONTACT (PK_REL_DOC_CONTACT,FK_MDT_MANDANT,FK_DOC_DOCUMENT,FK_CON_CONTACT) values ('22','1','22','1');
Insert into FLIGHT_DEV.REL_DOC_CONTACT (PK_REL_DOC_CONTACT,FK_MDT_MANDANT,FK_DOC_DOCUMENT,FK_CON_CONTACT) values ('23','1','23','1');
Insert into FLIGHT_DEV.REL_DOC_CONTACT (PK_REL_DOC_CONTACT,FK_MDT_MANDANT,FK_DOC_DOCUMENT,FK_CON_CONTACT) values ('2','1','1','1');
Insert into FLIGHT_DEV.REL_DOC_CONTACT (PK_REL_DOC_CONTACT,FK_MDT_MANDANT,FK_DOC_DOCUMENT,FK_CON_CONTACT) values ('3','1','41','1');
Insert into FLIGHT_DEV.REL_DOC_CONTACT (PK_REL_DOC_CONTACT,FK_MDT_MANDANT,FK_DOC_DOCUMENT,FK_CON_CONTACT) values ('5','1','43','1');
Insert into FLIGHT_DEV.REL_DOC_CONTACT (PK_REL_DOC_CONTACT,FK_MDT_MANDANT,FK_DOC_DOCUMENT,FK_CON_CONTACT) values ('6','1','44','1');
Insert into FLIGHT_DEV.REL_DOC_CONTACT (PK_REL_DOC_CONTACT,FK_MDT_MANDANT,FK_DOC_DOCUMENT,FK_CON_CONTACT) values ('7','1','45','1');
Insert into FLIGHT_DEV.REL_DOC_CONTACT (PK_REL_DOC_CONTACT,FK_MDT_MANDANT,FK_DOC_DOCUMENT,FK_CON_CONTACT) values ('8','1','46','1');
Insert into FLIGHT_DEV.REL_DOC_CONTACT (PK_REL_DOC_CONTACT,FK_MDT_MANDANT,FK_DOC_DOCUMENT,FK_CON_CONTACT) values ('9','1','47','1');
Insert into FLIGHT_DEV.REL_DOC_CONTACT (PK_REL_DOC_CONTACT,FK_MDT_MANDANT,FK_DOC_DOCUMENT,FK_CON_CONTACT) values ('10','1','48','1');
Insert into FLIGHT_DEV.REL_DOC_CONTACT (PK_REL_DOC_CONTACT,FK_MDT_MANDANT,FK_DOC_DOCUMENT,FK_CON_CONTACT) values ('11','1','2','2');
REM INSERTING into FLIGHT_DEV.REL_DOC_FLIGHT
SET DEFINE OFF;
REM INSERTING into FLIGHT_DEV.REL_DOC_HANGAR
SET DEFINE OFF;
REM INSERTING into FLIGHT_DEV.REL_DOC_PLANE
SET DEFINE OFF;
REM INSERTING into FLIGHT_DEV.REL_DOC_TYPE_USAGE_TYPE
SET DEFINE OFF;
Insert into FLIGHT_DEV.REL_DOC_TYPE_USAGE_TYPE (PK_REL_DOC_TYPE_USAGE_TYPE,FK_DOC_DOCUMENT_TYPE,FK_DOC_USAGE_TYPE,VALID,VALID_FROM,VALID_TO,REQUIRED) values ('6','14','2','1',null,null,'1');
Insert into FLIGHT_DEV.REL_DOC_TYPE_USAGE_TYPE (PK_REL_DOC_TYPE_USAGE_TYPE,FK_DOC_DOCUMENT_TYPE,FK_DOC_USAGE_TYPE,VALID,VALID_FROM,VALID_TO,REQUIRED) values ('7','16','2','1',null,null,'1');
Insert into FLIGHT_DEV.REL_DOC_TYPE_USAGE_TYPE (PK_REL_DOC_TYPE_USAGE_TYPE,FK_DOC_DOCUMENT_TYPE,FK_DOC_USAGE_TYPE,VALID,VALID_FROM,VALID_TO,REQUIRED) values ('8','15','2','1',null,null,'1');
Insert into FLIGHT_DEV.REL_DOC_TYPE_USAGE_TYPE (PK_REL_DOC_TYPE_USAGE_TYPE,FK_DOC_DOCUMENT_TYPE,FK_DOC_USAGE_TYPE,VALID,VALID_FROM,VALID_TO,REQUIRED) values ('9','2','1','1',null,null,null);
Insert into FLIGHT_DEV.REL_DOC_TYPE_USAGE_TYPE (PK_REL_DOC_TYPE_USAGE_TYPE,FK_DOC_DOCUMENT_TYPE,FK_DOC_USAGE_TYPE,VALID,VALID_FROM,VALID_TO,REQUIRED) values ('10','3','1','1',null,null,null);
Insert into FLIGHT_DEV.REL_DOC_TYPE_USAGE_TYPE (PK_REL_DOC_TYPE_USAGE_TYPE,FK_DOC_DOCUMENT_TYPE,FK_DOC_USAGE_TYPE,VALID,VALID_FROM,VALID_TO,REQUIRED) values ('11','4','1','1',null,null,'1');
Insert into FLIGHT_DEV.REL_DOC_TYPE_USAGE_TYPE (PK_REL_DOC_TYPE_USAGE_TYPE,FK_DOC_DOCUMENT_TYPE,FK_DOC_USAGE_TYPE,VALID,VALID_FROM,VALID_TO,REQUIRED) values ('12','5','1','1',null,null,'1');
Insert into FLIGHT_DEV.REL_DOC_TYPE_USAGE_TYPE (PK_REL_DOC_TYPE_USAGE_TYPE,FK_DOC_DOCUMENT_TYPE,FK_DOC_USAGE_TYPE,VALID,VALID_FROM,VALID_TO,REQUIRED) values ('13','6','1','1',null,null,'1');
Insert into FLIGHT_DEV.REL_DOC_TYPE_USAGE_TYPE (PK_REL_DOC_TYPE_USAGE_TYPE,FK_DOC_DOCUMENT_TYPE,FK_DOC_USAGE_TYPE,VALID,VALID_FROM,VALID_TO,REQUIRED) values ('1','10','2','1',to_date('08.04.19','DD.MM.RR'),to_date('02.04.19','DD.MM.RR'),'1');
Insert into FLIGHT_DEV.REL_DOC_TYPE_USAGE_TYPE (PK_REL_DOC_TYPE_USAGE_TYPE,FK_DOC_DOCUMENT_TYPE,FK_DOC_USAGE_TYPE,VALID,VALID_FROM,VALID_TO,REQUIRED) values ('2','11','2','1',to_date('13.04.19','DD.MM.RR'),to_date('18.04.19','DD.MM.RR'),'1');
Insert into FLIGHT_DEV.REL_DOC_TYPE_USAGE_TYPE (PK_REL_DOC_TYPE_USAGE_TYPE,FK_DOC_DOCUMENT_TYPE,FK_DOC_USAGE_TYPE,VALID,VALID_FROM,VALID_TO,REQUIRED) values ('3','12','2','1',to_date('13.04.19','DD.MM.RR'),to_date('19.04.19','DD.MM.RR'),'1');
Insert into FLIGHT_DEV.REL_DOC_TYPE_USAGE_TYPE (PK_REL_DOC_TYPE_USAGE_TYPE,FK_DOC_DOCUMENT_TYPE,FK_DOC_USAGE_TYPE,VALID,VALID_FROM,VALID_TO,REQUIRED) values ('4','13','2','1',to_date('13.04.19','DD.MM.RR'),to_date('13.04.19','DD.MM.RR'),'1');
Insert into FLIGHT_DEV.REL_DOC_TYPE_USAGE_TYPE (PK_REL_DOC_TYPE_USAGE_TYPE,FK_DOC_DOCUMENT_TYPE,FK_DOC_USAGE_TYPE,VALID,VALID_FROM,VALID_TO,REQUIRED) values ('25','8','1','1',null,null,'1');
Insert into FLIGHT_DEV.REL_DOC_TYPE_USAGE_TYPE (PK_REL_DOC_TYPE_USAGE_TYPE,FK_DOC_DOCUMENT_TYPE,FK_DOC_USAGE_TYPE,VALID,VALID_FROM,VALID_TO,REQUIRED) values ('45','7','1','1',null,null,'0');
Insert into FLIGHT_DEV.REL_DOC_TYPE_USAGE_TYPE (PK_REL_DOC_TYPE_USAGE_TYPE,FK_DOC_DOCUMENT_TYPE,FK_DOC_USAGE_TYPE,VALID,VALID_FROM,VALID_TO,REQUIRED) values ('46','17','2','1',null,null,'1');
Insert into FLIGHT_DEV.REL_DOC_TYPE_USAGE_TYPE (PK_REL_DOC_TYPE_USAGE_TYPE,FK_DOC_DOCUMENT_TYPE,FK_DOC_USAGE_TYPE,VALID,VALID_FROM,VALID_TO,REQUIRED) values ('47','1','1','1',null,null,'1');
Insert into FLIGHT_DEV.REL_DOC_TYPE_USAGE_TYPE (PK_REL_DOC_TYPE_USAGE_TYPE,FK_DOC_DOCUMENT_TYPE,FK_DOC_USAGE_TYPE,VALID,VALID_FROM,VALID_TO,REQUIRED) values ('48','9','1','1',null,null,'1');
REM INSERTING into FLIGHT_DEV.REL_INV_PL_FLI_CH
SET DEFINE OFF;
REM INSERTING into FLIGHT_DEV.REL_ORG_UNIT_CON
SET DEFINE OFF;
Insert into FLIGHT_DEV.REL_ORG_UNIT_CON (PK_ORG_UNIT_CON,FK_MDT_MANDANT,FK_ORG_UNIT,FK_CON_CONTACT) values ('4','1','1','2');
Insert into FLIGHT_DEV.REL_ORG_UNIT_CON (PK_ORG_UNIT_CON,FK_MDT_MANDANT,FK_ORG_UNIT,FK_CON_CONTACT) values ('1','1','1','1');
Insert into FLIGHT_DEV.REL_ORG_UNIT_CON (PK_ORG_UNIT_CON,FK_MDT_MANDANT,FK_ORG_UNIT,FK_CON_CONTACT) values ('2','1','2','1');
Insert into FLIGHT_DEV.REL_ORG_UNIT_CON (PK_ORG_UNIT_CON,FK_MDT_MANDANT,FK_ORG_UNIT,FK_CON_CONTACT) values ('3','1','3','2');
REM INSERTING into FLIGHT_DEV.REL_ORG_UNIT_CON_ORG_REL_TYPE
SET DEFINE OFF;
Insert into FLIGHT_DEV.REL_ORG_UNIT_CON_ORG_REL_TYPE (PK_ORG_UNIT_CON_ORG_REL_TYPE,FK_MDT_MANDANT,FK_ORG_UNIT_CONTACT,FK_ORG_UNIT_REL_TYPE) values ('1','1','1','1');
Insert into FLIGHT_DEV.REL_ORG_UNIT_CON_ORG_REL_TYPE (PK_ORG_UNIT_CON_ORG_REL_TYPE,FK_MDT_MANDANT,FK_ORG_UNIT_CONTACT,FK_ORG_UNIT_REL_TYPE) values ('2','1','2','1');
Insert into FLIGHT_DEV.REL_ORG_UNIT_CON_ORG_REL_TYPE (PK_ORG_UNIT_CON_ORG_REL_TYPE,FK_MDT_MANDANT,FK_ORG_UNIT_CONTACT,FK_ORG_UNIT_REL_TYPE) values ('3','1','3','1');
Insert into FLIGHT_DEV.REL_ORG_UNIT_CON_ORG_REL_TYPE (PK_ORG_UNIT_CON_ORG_REL_TYPE,FK_MDT_MANDANT,FK_ORG_UNIT_CONTACT,FK_ORG_UNIT_REL_TYPE) values ('4','1','4','1');
Insert into FLIGHT_DEV.REL_ORG_UNIT_CON_ORG_REL_TYPE (PK_ORG_UNIT_CON_ORG_REL_TYPE,FK_MDT_MANDANT,FK_ORG_UNIT_CONTACT,FK_ORG_UNIT_REL_TYPE) values ('5','1','1','2');
Insert into FLIGHT_DEV.REL_ORG_UNIT_CON_ORG_REL_TYPE (PK_ORG_UNIT_CON_ORG_REL_TYPE,FK_MDT_MANDANT,FK_ORG_UNIT_CONTACT,FK_ORG_UNIT_REL_TYPE) values ('6','1','2','2');
Insert into FLIGHT_DEV.REL_ORG_UNIT_CON_ORG_REL_TYPE (PK_ORG_UNIT_CON_ORG_REL_TYPE,FK_MDT_MANDANT,FK_ORG_UNIT_CONTACT,FK_ORG_UNIT_REL_TYPE) values ('7','1','3','2');
REM INSERTING into FLIGHT_DEV.REL_PAY_PLANE_FLI_CH
SET DEFINE OFF;
REM INSERTING into FLIGHT_DEV.REL_PLANE_FLIGHT
SET DEFINE OFF;
REM INSERTING into FLIGHT_DEV.REL_PLANE_FLIGHT_CHARTERER
SET DEFINE OFF;
REM INSERTING into FLIGHT_DEV.RES_RESERVATION
SET DEFINE OFF;
--------------------------------------------------------
--  DDL for Index REL_DOC_CONTACT_PK
--------------------------------------------------------

  CREATE UNIQUE INDEX "FLIGHT_DEV"."REL_DOC_CONTACT_PK" ON "FLIGHT_DEV"."REL_DOC_CONTACT" ("PK_REL_DOC_CONTACT") 
  PCTFREE 10 INITRANS 2 MAXTRANS 255 COMPUTE STATISTICS 
  STORAGE(INITIAL 65536 NEXT 1048576 MINEXTENTS 1 MAXEXTENTS 2147483645
  PCTINCREASE 0 FREELISTS 1 FREELIST GROUPS 1 BUFFER_POOL DEFAULT FLASH_CACHE DEFAULT CELL_FLASH_CACHE DEFAULT)
  TABLESPACE "USERS" ;
--------------------------------------------------------
--  DDL for Index REL_AIRPORT_LOCATION_CON
--------------------------------------------------------

  CREATE UNIQUE INDEX "FLIGHT_DEV"."REL_AIRPORT_LOCATION_CON" ON "FLIGHT_DEV"."REL_AIRPORT_LOCATION" ("PK_REL_AIRPORT_LOCATION") 
  PCTFREE 10 INITRANS 2 MAXTRANS 255 COMPUTE STATISTICS 
  STORAGE(INITIAL 65536 NEXT 1048576 MINEXTENTS 1 MAXEXTENTS 2147483645
  PCTINCREASE 0 FREELISTS 1 FREELIST GROUPS 1 BUFFER_POOL DEFAULT FLASH_CACHE DEFAULT CELL_FLASH_CACHE DEFAULT)
  TABLESPACE "USERS" ;
--------------------------------------------------------
--  DDL for Index REL_PLANE_FLIGHT_PK
--------------------------------------------------------

  CREATE UNIQUE INDEX "FLIGHT_DEV"."REL_PLANE_FLIGHT_PK" ON "FLIGHT_DEV"."REL_PLANE_FLIGHT" ("PK_PLANE_FLIGHT") 
  PCTFREE 10 INITRANS 2 MAXTRANS 255 COMPUTE STATISTICS 
  STORAGE(INITIAL 65536 NEXT 1048576 MINEXTENTS 1 MAXEXTENTS 2147483645
  PCTINCREASE 0 FREELISTS 1 FREELIST GROUPS 1 BUFFER_POOL DEFAULT FLASH_CACHE DEFAULT CELL_FLASH_CACHE DEFAULT)
  TABLESPACE "USERS" ;
--------------------------------------------------------
--  DDL for Index INV_INVOICE_TYPE_CON
--------------------------------------------------------

  CREATE UNIQUE INDEX "FLIGHT_DEV"."INV_INVOICE_TYPE_CON" ON "FLIGHT_DEV"."INV_INVOICE_TYPE" ("PK_INV_INVOICE_TYPE") 
  PCTFREE 10 INITRANS 2 MAXTRANS 255 COMPUTE STATISTICS 
  STORAGE(INITIAL 65536 NEXT 1048576 MINEXTENTS 1 MAXEXTENTS 2147483645
  PCTINCREASE 0 FREELISTS 1 FREELIST GROUPS 1 BUFFER_POOL DEFAULT FLASH_CACHE DEFAULT CELL_FLASH_CACHE DEFAULT)
  TABLESPACE "USERS" ;
--------------------------------------------------------
--  DDL for Index PAY_PAYMENT_TYPE_CON
--------------------------------------------------------

  CREATE UNIQUE INDEX "FLIGHT_DEV"."PAY_PAYMENT_TYPE_CON" ON "FLIGHT_DEV"."PAY_PAYMENT_TYPE" ("PK_PAY_PAYMENT_TYPE") 
  PCTFREE 10 INITRANS 2 MAXTRANS 255 COMPUTE STATISTICS 
  STORAGE(INITIAL 65536 NEXT 1048576 MINEXTENTS 1 MAXEXTENTS 2147483645
  PCTINCREASE 0 FREELISTS 1 FREELIST GROUPS 1 BUFFER_POOL DEFAULT FLASH_CACHE DEFAULT CELL_FLASH_CACHE DEFAULT)
  TABLESPACE "USERS" ;
--------------------------------------------------------
--  DDL for Index LAN_LANDING_CON
--------------------------------------------------------

  CREATE UNIQUE INDEX "FLIGHT_DEV"."LAN_LANDING_CON" ON "FLIGHT_DEV"."LAN_LANDING" ("PK_LAN_LANDING") 
  PCTFREE 10 INITRANS 2 MAXTRANS 255 COMPUTE STATISTICS 
  STORAGE(INITIAL 65536 NEXT 1048576 MINEXTENTS 1 MAXEXTENTS 2147483645
  PCTINCREASE 0 FREELISTS 1 FREELIST GROUPS 1 BUFFER_POOL DEFAULT FLASH_CACHE DEFAULT CELL_FLASH_CACHE DEFAULT)
  TABLESPACE "USERS" ;
--------------------------------------------------------
--  DDL for Index CON_CONTACT_TYPE_PK
--------------------------------------------------------

  CREATE UNIQUE INDEX "FLIGHT_DEV"."CON_CONTACT_TYPE_PK" ON "FLIGHT_DEV"."CON_CONTACT_TYPE" ("PK_CON_CONTACT_TYPE") 
  PCTFREE 10 INITRANS 2 MAXTRANS 255 COMPUTE STATISTICS 
  STORAGE(INITIAL 65536 NEXT 1048576 MINEXTENTS 1 MAXEXTENTS 2147483645
  PCTINCREASE 0 FREELISTS 1 FREELIST GROUPS 1 BUFFER_POOL DEFAULT FLASH_CACHE DEFAULT CELL_FLASH_CACHE DEFAULT)
  TABLESPACE "USERS" ;
--------------------------------------------------------
--  DDL for Index BOR_BORD_LOG_ENTRY_GRP_PK
--------------------------------------------------------

  CREATE UNIQUE INDEX "FLIGHT_DEV"."BOR_BORD_LOG_ENTRY_GRP_PK" ON "FLIGHT_DEV"."BOR_BORD_LOG_ENTRY_GRP" ("PK_BOR_BORD_LOG_ENTRY_GRP") 
  PCTFREE 10 INITRANS 2 MAXTRANS 255 COMPUTE STATISTICS 
  STORAGE(INITIAL 65536 NEXT 1048576 MINEXTENTS 1 MAXEXTENTS 2147483645
  PCTINCREASE 0 FREELISTS 1 FREELIST GROUPS 1 BUFFER_POOL DEFAULT FLASH_CACHE DEFAULT CELL_FLASH_CACHE DEFAULT)
  TABLESPACE "USERS" ;
--------------------------------------------------------
--  DDL for Index BOR_BORD_LOG_ENTRY_HOB_RPM_PK
--------------------------------------------------------

  CREATE UNIQUE INDEX "FLIGHT_DEV"."BOR_BORD_LOG_ENTRY_HOB_RPM_PK" ON "FLIGHT_DEV"."BOR_BORD_LOG_ENTRY_HOB_RPM" ("PK_BORD_LOG_ENTRY_HOB_RPM") 
  PCTFREE 10 INITRANS 2 MAXTRANS 255 COMPUTE STATISTICS 
  STORAGE(INITIAL 65536 NEXT 1048576 MINEXTENTS 1 MAXEXTENTS 2147483645
  PCTINCREASE 0 FREELISTS 1 FREELIST GROUPS 1 BUFFER_POOL DEFAULT FLASH_CACHE DEFAULT CELL_FLASH_CACHE DEFAULT)
  TABLESPACE "USERS" ;
--------------------------------------------------------
--  DDL for Index REL_CONTACT_ADDRESS_PK
--------------------------------------------------------

  CREATE UNIQUE INDEX "FLIGHT_DEV"."REL_CONTACT_ADDRESS_PK" ON "FLIGHT_DEV"."REL_CONTACT_ADDRESS" ("PK_REL_CONTACT_ADDRESS") 
  PCTFREE 10 INITRANS 2 MAXTRANS 255 COMPUTE STATISTICS 
  STORAGE(INITIAL 65536 NEXT 1048576 MINEXTENTS 1 MAXEXTENTS 2147483645
  PCTINCREASE 0 FREELISTS 1 FREELIST GROUPS 1 BUFFER_POOL DEFAULT FLASH_CACHE DEFAULT CELL_FLASH_CACHE DEFAULT)
  TABLESPACE "USERS" ;
--------------------------------------------------------
--  DDL for Index BOR_BORD_LOG_PK
--------------------------------------------------------

  CREATE UNIQUE INDEX "FLIGHT_DEV"."BOR_BORD_LOG_PK" ON "FLIGHT_DEV"."BOR_BORD_LOG" ("PK_BOR_BORD_LOG") 
  PCTFREE 10 INITRANS 2 MAXTRANS 255 COMPUTE STATISTICS 
  STORAGE(INITIAL 65536 NEXT 1048576 MINEXTENTS 1 MAXEXTENTS 2147483645
  PCTINCREASE 0 FREELISTS 1 FREELIST GROUPS 1 BUFFER_POOL DEFAULT FLASH_CACHE DEFAULT CELL_FLASH_CACHE DEFAULT)
  TABLESPACE "USERS" ;
--------------------------------------------------------
--  DDL for Index INV_INVOICE_CON
--------------------------------------------------------

  CREATE UNIQUE INDEX "FLIGHT_DEV"."INV_INVOICE_CON" ON "FLIGHT_DEV"."INV_INVOICE" ("PK_INV_INVOICE") 
  PCTFREE 10 INITRANS 2 MAXTRANS 255 COMPUTE STATISTICS 
  STORAGE(INITIAL 65536 NEXT 1048576 MINEXTENTS 1 MAXEXTENTS 2147483645
  PCTINCREASE 0 FREELISTS 1 FREELIST GROUPS 1 BUFFER_POOL DEFAULT FLASH_CACHE DEFAULT CELL_FLASH_CACHE DEFAULT)
  TABLESPACE "USERS" ;
--------------------------------------------------------
--  DDL for Index HAN_HANGAR_CON
--------------------------------------------------------

  CREATE UNIQUE INDEX "FLIGHT_DEV"."HAN_HANGAR_CON" ON "FLIGHT_DEV"."HAN_HANGAR" ("PK_HAN_HANGAR") 
  PCTFREE 10 INITRANS 2 MAXTRANS 255 COMPUTE STATISTICS 
  STORAGE(INITIAL 65536 NEXT 1048576 MINEXTENTS 1 MAXEXTENTS 2147483645
  PCTINCREASE 0 FREELISTS 1 FREELIST GROUPS 1 BUFFER_POOL DEFAULT FLASH_CACHE DEFAULT CELL_FLASH_CACHE DEFAULT)
  TABLESPACE "USERS" ;
--------------------------------------------------------
--  DDL for Index ADR_CITY_PK
--------------------------------------------------------

  CREATE UNIQUE INDEX "FLIGHT_DEV"."ADR_CITY_PK" ON "FLIGHT_DEV"."ADR_CITY" ("PK_ADR_CITY") 
  PCTFREE 10 INITRANS 2 MAXTRANS 255 COMPUTE STATISTICS 
  STORAGE(INITIAL 65536 NEXT 1048576 MINEXTENTS 1 MAXEXTENTS 2147483645
  PCTINCREASE 0 FREELISTS 1 FREELIST GROUPS 1 BUFFER_POOL DEFAULT FLASH_CACHE DEFAULT CELL_FLASH_CACHE DEFAULT)
  TABLESPACE "USERS" ;
--------------------------------------------------------
--  DDL for Index APL_MAINT_PROGR_PK
--------------------------------------------------------

  CREATE UNIQUE INDEX "FLIGHT_DEV"."APL_MAINT_PROGR_PK" ON "FLIGHT_DEV"."APL_MAINT_PROGR" ("PK_APL_MAINT_PROGR") 
  PCTFREE 10 INITRANS 2 MAXTRANS 255 COMPUTE STATISTICS 
  STORAGE(INITIAL 65536 NEXT 1048576 MINEXTENTS 1 MAXEXTENTS 2147483645
  PCTINCREASE 0 FREELISTS 1 FREELIST GROUPS 1 BUFFER_POOL DEFAULT FLASH_CACHE DEFAULT CELL_FLASH_CACHE DEFAULT)
  TABLESPACE "USERS" ;
--------------------------------------------------------
--  DDL for Index DOC_DOCUMENT_TYPE_PK
--------------------------------------------------------

  CREATE UNIQUE INDEX "FLIGHT_DEV"."DOC_DOCUMENT_TYPE_PK" ON "FLIGHT_DEV"."DOC_DOCUMENT_TYPE" ("PK_DOC_DOCUMENT_TYPE") 
  PCTFREE 10 INITRANS 2 MAXTRANS 255 COMPUTE STATISTICS 
  STORAGE(INITIAL 65536 NEXT 1048576 MINEXTENTS 1 MAXEXTENTS 2147483645
  PCTINCREASE 0 FREELISTS 1 FREELIST GROUPS 1 BUFFER_POOL DEFAULT FLASH_CACHE DEFAULT CELL_FLASH_CACHE DEFAULT)
  TABLESPACE "USERS" ;
--------------------------------------------------------
--  DDL for Index ADR_ADDRESS_PK
--------------------------------------------------------

  CREATE UNIQUE INDEX "FLIGHT_DEV"."ADR_ADDRESS_PK" ON "FLIGHT_DEV"."ADR_ADDRESS" ("PK_ADR_ADDRESS") 
  PCTFREE 10 INITRANS 2 MAXTRANS 255 COMPUTE STATISTICS 
  STORAGE(INITIAL 65536 NEXT 1048576 MINEXTENTS 1 MAXEXTENTS 2147483645
  PCTINCREASE 0 FREELISTS 1 FREELIST GROUPS 1 BUFFER_POOL DEFAULT FLASH_CACHE DEFAULT CELL_FLASH_CACHE DEFAULT)
  TABLESPACE "USERS" ;
--------------------------------------------------------
--  DDL for Index REL_INV_PL_FLI_CH_PK
--------------------------------------------------------

  CREATE UNIQUE INDEX "FLIGHT_DEV"."REL_INV_PL_FLI_CH_PK" ON "FLIGHT_DEV"."REL_INV_PL_FLI_CH" ("PK_INV_PL_FLI_CH") 
  PCTFREE 10 INITRANS 2 MAXTRANS 255 COMPUTE STATISTICS 
  STORAGE(INITIAL 65536 NEXT 1048576 MINEXTENTS 1 MAXEXTENTS 2147483645
  PCTINCREASE 0 FREELISTS 1 FREELIST GROUPS 1 BUFFER_POOL DEFAULT FLASH_CACHE DEFAULT CELL_FLASH_CACHE DEFAULT)
  TABLESPACE "USERS" ;
--------------------------------------------------------
--  DDL for Index FLI_FLIGHT_PK
--------------------------------------------------------

  CREATE UNIQUE INDEX "FLIGHT_DEV"."FLI_FLIGHT_PK" ON "FLIGHT_DEV"."FLI_FLIGHT" ("PK_FLI_FLIGHT") 
  PCTFREE 10 INITRANS 2 MAXTRANS 255 COMPUTE STATISTICS 
  STORAGE(INITIAL 65536 NEXT 1048576 MINEXTENTS 1 MAXEXTENTS 2147483645
  PCTINCREASE 0 FREELISTS 1 FREELIST GROUPS 1 BUFFER_POOL DEFAULT FLASH_CACHE DEFAULT CELL_FLASH_CACHE DEFAULT)
  TABLESPACE "USERS" ;
--------------------------------------------------------
--  DDL for Index REL_ORG_UNIT_CONTACT_PK
--------------------------------------------------------

  CREATE UNIQUE INDEX "FLIGHT_DEV"."REL_ORG_UNIT_CONTACT_PK" ON "FLIGHT_DEV"."REL_ORG_UNIT_CON" ("PK_ORG_UNIT_CON") 
  PCTFREE 10 INITRANS 2 MAXTRANS 255 COMPUTE STATISTICS 
  STORAGE(INITIAL 65536 NEXT 1048576 MINEXTENTS 1 MAXEXTENTS 2147483645
  PCTINCREASE 0 FREELISTS 1 FREELIST GROUPS 1 BUFFER_POOL DEFAULT FLASH_CACHE DEFAULT CELL_FLASH_CACHE DEFAULT)
  TABLESPACE "USERS" ;
--------------------------------------------------------
--  DDL for Index ORG_ORG_UNIT_PK
--------------------------------------------------------

  CREATE UNIQUE INDEX "FLIGHT_DEV"."ORG_ORG_UNIT_PK" ON "FLIGHT_DEV"."ORG_UNIT" ("PK_ORG_UNIT") 
  PCTFREE 10 INITRANS 2 MAXTRANS 255 COMPUTE STATISTICS 
  STORAGE(INITIAL 65536 NEXT 1048576 MINEXTENTS 1 MAXEXTENTS 2147483645
  PCTINCREASE 0 FREELISTS 1 FREELIST GROUPS 1 BUFFER_POOL DEFAULT FLASH_CACHE DEFAULT CELL_FLASH_CACHE DEFAULT)
  TABLESPACE "USERS" ;
--------------------------------------------------------
--  DDL for Index ADR_COUNTRY_PK
--------------------------------------------------------

  CREATE UNIQUE INDEX "FLIGHT_DEV"."ADR_COUNTRY_PK" ON "FLIGHT_DEV"."ADR_COUNTRY" ("PK_ADR_COUNTRY") 
  PCTFREE 10 INITRANS 2 MAXTRANS 255 COMPUTE STATISTICS 
  STORAGE(INITIAL 65536 NEXT 1048576 MINEXTENTS 1 MAXEXTENTS 2147483645
  PCTINCREASE 0 FREELISTS 1 FREELIST GROUPS 1 BUFFER_POOL DEFAULT FLASH_CACHE DEFAULT CELL_FLASH_CACHE DEFAULT)
  TABLESPACE "USERS" ;
--------------------------------------------------------
--  DDL for Index ORG_UNIT_REL_TYPE_PK
--------------------------------------------------------

  CREATE UNIQUE INDEX "FLIGHT_DEV"."ORG_UNIT_REL_TYPE_PK" ON "FLIGHT_DEV"."ORG_UNIT_REL_TYPE" ("PK_ORG_UNIT_REL_TYPE") 
  PCTFREE 10 INITRANS 2 MAXTRANS 255 COMPUTE STATISTICS 
  STORAGE(INITIAL 65536 NEXT 1048576 MINEXTENTS 1 MAXEXTENTS 2147483645
  PCTINCREASE 0 FREELISTS 1 FREELIST GROUPS 1 BUFFER_POOL DEFAULT FLASH_CACHE DEFAULT CELL_FLASH_CACHE DEFAULT)
  TABLESPACE "USERS" ;
--------------------------------------------------------
--  DDL for Index DOC_USAGE_TYPE_PK
--------------------------------------------------------

  CREATE UNIQUE INDEX "FLIGHT_DEV"."DOC_USAGE_TYPE_PK" ON "FLIGHT_DEV"."DOC_USAGE_TYPE" ("PK_DOC_USAGE_TYPE") 
  PCTFREE 10 INITRANS 2 MAXTRANS 255 COMPUTE STATISTICS 
  STORAGE(INITIAL 65536 NEXT 1048576 MINEXTENTS 1 MAXEXTENTS 2147483645
  PCTINCREASE 0 FREELISTS 1 FREELIST GROUPS 1 BUFFER_POOL DEFAULT FLASH_CACHE DEFAULT CELL_FLASH_CACHE DEFAULT)
  TABLESPACE "USERS" ;
--------------------------------------------------------
--  DDL for Index COST_COST_GRP_PK
--------------------------------------------------------

  CREATE UNIQUE INDEX "FLIGHT_DEV"."COST_COST_GRP_PK" ON "FLIGHT_DEV"."COST_COST_GRP" ("PK_COST_COST_GRP") 
  PCTFREE 10 INITRANS 2 MAXTRANS 255 COMPUTE STATISTICS 
  STORAGE(INITIAL 65536 NEXT 1048576 MINEXTENTS 1 MAXEXTENTS 2147483645
  PCTINCREASE 0 FREELISTS 1 FREELIST GROUPS 1 BUFFER_POOL DEFAULT FLASH_CACHE DEFAULT CELL_FLASH_CACHE DEFAULT)
  TABLESPACE "USERS" ;
--------------------------------------------------------
--  DDL for Index FLI_FLIGHT_DISCOUNT_REA_CON
--------------------------------------------------------

  CREATE UNIQUE INDEX "FLIGHT_DEV"."FLI_FLIGHT_DISCOUNT_REA_CON" ON "FLIGHT_DEV"."FLI_FLIGHT_DISCOUNT_REASONS" ("PK_FLI_FLIGHT_DISCOUNT_REASONS") 
  PCTFREE 10 INITRANS 2 MAXTRANS 255 COMPUTE STATISTICS 
  STORAGE(INITIAL 65536 NEXT 1048576 MINEXTENTS 1 MAXEXTENTS 2147483645
  PCTINCREASE 0 FREELISTS 1 FREELIST GROUPS 1 BUFFER_POOL DEFAULT FLASH_CACHE DEFAULT CELL_FLASH_CACHE DEFAULT)
  TABLESPACE "USERS" ;
--------------------------------------------------------
--  DDL for Index BOR_BORD_LOG_ENTRY_PK
--------------------------------------------------------

  CREATE UNIQUE INDEX "FLIGHT_DEV"."BOR_BORD_LOG_ENTRY_PK" ON "FLIGHT_DEV"."BOR_BORD_LOG_ENTRY" ("PK_BOR_BORD_LOG_ENTRY") 
  PCTFREE 10 INITRANS 2 MAXTRANS 255 COMPUTE STATISTICS 
  STORAGE(INITIAL 65536 NEXT 1048576 MINEXTENTS 1 MAXEXTENTS 2147483645
  PCTINCREASE 0 FREELISTS 1 FREELIST GROUPS 1 BUFFER_POOL DEFAULT FLASH_CACHE DEFAULT CELL_FLASH_CACHE DEFAULT)
  TABLESPACE "USERS" ;
--------------------------------------------------------
--  DDL for Index APL_PLANE_MODELL_PK
--------------------------------------------------------

  CREATE UNIQUE INDEX "FLIGHT_DEV"."APL_PLANE_MODELL_PK" ON "FLIGHT_DEV"."APL_PLANE_MODELL" ("PK_APL_PLANE_MODELL") 
  PCTFREE 10 INITRANS 2 MAXTRANS 255 COMPUTE STATISTICS 
  STORAGE(INITIAL 65536 NEXT 1048576 MINEXTENTS 1 MAXEXTENTS 2147483645
  PCTINCREASE 0 FREELISTS 1 FREELIST GROUPS 1 BUFFER_POOL DEFAULT FLASH_CACHE DEFAULT CELL_FLASH_CACHE DEFAULT)
  TABLESPACE "USERS" ;
--------------------------------------------------------
--  DDL for Index DOC_DOCUMENT_PK
--------------------------------------------------------

  CREATE UNIQUE INDEX "FLIGHT_DEV"."DOC_DOCUMENT_PK" ON "FLIGHT_DEV"."DOC_DOCUMENT" ("PK_DOC_DOCUMENT") 
  PCTFREE 10 INITRANS 2 MAXTRANS 255 COMPUTE STATISTICS 
  STORAGE(INITIAL 65536 NEXT 1048576 MINEXTENTS 1 MAXEXTENTS 2147483645
  PCTINCREASE 0 FREELISTS 1 FREELIST GROUPS 1 BUFFER_POOL DEFAULT FLASH_CACHE DEFAULT CELL_FLASH_CACHE DEFAULT)
  TABLESPACE "USERS" ;
--------------------------------------------------------
--  DDL for Index APL_PLANE_TYPE_PK
--------------------------------------------------------

  CREATE UNIQUE INDEX "FLIGHT_DEV"."APL_PLANE_TYPE_PK" ON "FLIGHT_DEV"."APL_PLANE_TYPE" ("PK_APL_PLANE_TYPE") 
  PCTFREE 10 INITRANS 2 MAXTRANS 255 COMPUTE STATISTICS 
  STORAGE(INITIAL 65536 NEXT 1048576 MINEXTENTS 1 MAXEXTENTS 2147483645
  PCTINCREASE 0 FREELISTS 1 FREELIST GROUPS 1 BUFFER_POOL DEFAULT FLASH_CACHE DEFAULT CELL_FLASH_CACHE DEFAULT)
  TABLESPACE "USERS" ;
--------------------------------------------------------
--  DDL for Index APL_MAINT_PK
--------------------------------------------------------

  CREATE UNIQUE INDEX "FLIGHT_DEV"."APL_MAINT_PK" ON "FLIGHT_DEV"."APL_MAINT" ("PK_APL_MAINT") 
  PCTFREE 10 INITRANS 2 MAXTRANS 255 COMPUTE STATISTICS 
  STORAGE(INITIAL 65536 NEXT 1048576 MINEXTENTS 1 MAXEXTENTS 2147483645
  PCTINCREASE 0 FREELISTS 1 FREELIST GROUPS 1 BUFFER_POOL DEFAULT FLASH_CACHE DEFAULT CELL_FLASH_CACHE DEFAULT)
  TABLESPACE "USERS" ;
--------------------------------------------------------
--  DDL for Index REL_PAY_PLANE_FLI_CH_PK
--------------------------------------------------------

  CREATE UNIQUE INDEX "FLIGHT_DEV"."REL_PAY_PLANE_FLI_CH_PK" ON "FLIGHT_DEV"."REL_PAY_PLANE_FLI_CH" ("PK_PAY_PLANE_FLI_CH") 
  PCTFREE 10 INITRANS 2 MAXTRANS 255 COMPUTE STATISTICS 
  STORAGE(INITIAL 65536 NEXT 1048576 MINEXTENTS 1 MAXEXTENTS 2147483645
  PCTINCREASE 0 FREELISTS 1 FREELIST GROUPS 1 BUFFER_POOL DEFAULT FLASH_CACHE DEFAULT CELL_FLASH_CACHE DEFAULT)
  TABLESPACE "USERS" ;
--------------------------------------------------------
--  DDL for Index GAL_GAIN_AND_LOSS_CON1
--------------------------------------------------------

  CREATE UNIQUE INDEX "FLIGHT_DEV"."GAL_GAIN_AND_LOSS_CON1" ON "FLIGHT_DEV"."GAL_GAIN_AND_LOSS" ("PK_GAL_GAIN_AND_LOSS") 
  PCTFREE 10 INITRANS 2 MAXTRANS 255 COMPUTE STATISTICS 
  STORAGE(INITIAL 65536 NEXT 1048576 MINEXTENTS 1 MAXEXTENTS 2147483645
  PCTINCREASE 0 FREELISTS 1 FREELIST GROUPS 1 BUFFER_POOL DEFAULT FLASH_CACHE DEFAULT CELL_FLASH_CACHE DEFAULT)
  TABLESPACE "USERS" ;
--------------------------------------------------------
--  DDL for Index RES_RESERVATION_PK
--------------------------------------------------------

  CREATE UNIQUE INDEX "FLIGHT_DEV"."RES_RESERVATION_PK" ON "FLIGHT_DEV"."RES_RESERVATION" ("PK_RES_RESERVATION") 
  PCTFREE 10 INITRANS 2 MAXTRANS 255 COMPUTE STATISTICS 
  STORAGE(INITIAL 65536 NEXT 1048576 MINEXTENTS 1 MAXEXTENTS 2147483645
  PCTINCREASE 0 FREELISTS 1 FREELIST GROUPS 1 BUFFER_POOL DEFAULT FLASH_CACHE DEFAULT CELL_FLASH_CACHE DEFAULT)
  TABLESPACE "USERS" ;
--------------------------------------------------------
--  DDL for Index REL_DOC_PLANE_PK
--------------------------------------------------------

  CREATE UNIQUE INDEX "FLIGHT_DEV"."REL_DOC_PLANE_PK" ON "FLIGHT_DEV"."REL_DOC_PLANE" ("PK_REL_DOC_PLANE") 
  PCTFREE 10 INITRANS 2 MAXTRANS 255 COMPUTE STATISTICS 
  STORAGE(INITIAL 65536 NEXT 1048576 MINEXTENTS 1 MAXEXTENTS 2147483645
  PCTINCREASE 0 FREELISTS 1 FREELIST GROUPS 1 BUFFER_POOL DEFAULT FLASH_CACHE DEFAULT CELL_FLASH_CACHE DEFAULT)
  TABLESPACE "USERS" ;
--------------------------------------------------------
--  DDL for Index REL_CONTACT_BANKACCOUNT_PK
--------------------------------------------------------

  CREATE UNIQUE INDEX "FLIGHT_DEV"."REL_CONTACT_BANKACCOUNT_PK" ON "FLIGHT_DEV"."REL_CONTACT_BANKACCOUNT" ("PK_CONTACT_BANKACCOUNT") 
  PCTFREE 10 INITRANS 2 MAXTRANS 255 COMPUTE STATISTICS 
  STORAGE(INITIAL 65536 NEXT 1048576 MINEXTENTS 1 MAXEXTENTS 2147483645
  PCTINCREASE 0 FREELISTS 1 FREELIST GROUPS 1 BUFFER_POOL DEFAULT FLASH_CACHE DEFAULT CELL_FLASH_CACHE DEFAULT)
  TABLESPACE "USERS" ;
--------------------------------------------------------
--  DDL for Index PAY_PAYMENT_CON
--------------------------------------------------------

  CREATE UNIQUE INDEX "FLIGHT_DEV"."PAY_PAYMENT_CON" ON "FLIGHT_DEV"."PAY_PAYMENT" ("PK_PAY_PAYMENT") 
  PCTFREE 10 INITRANS 2 MAXTRANS 255 COMPUTE STATISTICS 
  STORAGE(INITIAL 65536 NEXT 1048576 MINEXTENTS 1 MAXEXTENTS 2147483645
  PCTINCREASE 0 FREELISTS 1 FREELIST GROUPS 1 BUFFER_POOL DEFAULT FLASH_CACHE DEFAULT CELL_FLASH_CACHE DEFAULT)
  TABLESPACE "USERS" ;
--------------------------------------------------------
--  DDL for Index ORG_UNIT_TYPE_PK
--------------------------------------------------------

  CREATE UNIQUE INDEX "FLIGHT_DEV"."ORG_UNIT_TYPE_PK" ON "FLIGHT_DEV"."ORG_UNIT_TYPE" ("PK_ORG_UNIT_TYPE") 
  PCTFREE 10 INITRANS 2 MAXTRANS 255 COMPUTE STATISTICS 
  STORAGE(INITIAL 65536 NEXT 1048576 MINEXTENTS 1 MAXEXTENTS 2147483645
  PCTINCREASE 0 FREELISTS 1 FREELIST GROUPS 1 BUFFER_POOL DEFAULT FLASH_CACHE DEFAULT CELL_FLASH_CACHE DEFAULT)
  TABLESPACE "USERS" ;
--------------------------------------------------------
--  DDL for Index MDT_MANDANT_PK
--------------------------------------------------------

  CREATE UNIQUE INDEX "FLIGHT_DEV"."MDT_MANDANT_PK" ON "FLIGHT_DEV"."MDT_MANDANT" ("PK_MDT_MANDANT") 
  PCTFREE 10 INITRANS 2 MAXTRANS 255 COMPUTE STATISTICS 
  STORAGE(INITIAL 65536 NEXT 1048576 MINEXTENTS 1 MAXEXTENTS 2147483645
  PCTINCREASE 0 FREELISTS 1 FREELIST GROUPS 1 BUFFER_POOL DEFAULT FLASH_CACHE DEFAULT CELL_FLASH_CACHE DEFAULT)
  TABLESPACE "USERS" ;
--------------------------------------------------------
--  DDL for Index FLI_FLIGHT_COMMENTS_CON
--------------------------------------------------------

  CREATE UNIQUE INDEX "FLIGHT_DEV"."FLI_FLIGHT_COMMENTS_CON" ON "FLIGHT_DEV"."FLI_FLIGHT_COMMENTS" ("PK_FLI_FLIGHT_COMMENTS") 
  PCTFREE 10 INITRANS 2 MAXTRANS 255 COMPUTE STATISTICS 
  STORAGE(INITIAL 65536 NEXT 1048576 MINEXTENTS 1 MAXEXTENTS 2147483645
  PCTINCREASE 0 FREELISTS 1 FREELIST GROUPS 1 BUFFER_POOL DEFAULT FLASH_CACHE DEFAULT CELL_FLASH_CACHE DEFAULT)
  TABLESPACE "USERS" ;
--------------------------------------------------------
--  DDL for Index REL_DOC_FLIGHT_PK
--------------------------------------------------------

  CREATE UNIQUE INDEX "FLIGHT_DEV"."REL_DOC_FLIGHT_PK" ON "FLIGHT_DEV"."REL_DOC_FLIGHT" ("PK_REL_DOC_FLIGHT") 
  PCTFREE 10 INITRANS 2 MAXTRANS 255 COMPUTE STATISTICS 
  STORAGE(INITIAL 65536 NEXT 1048576 MINEXTENTS 1 MAXEXTENTS 2147483645
  PCTINCREASE 0 FREELISTS 1 FREELIST GROUPS 1 BUFFER_POOL DEFAULT FLASH_CACHE DEFAULT CELL_FLASH_CACHE DEFAULT)
  TABLESPACE "USERS" ;
--------------------------------------------------------
--  DDL for Index CON_CONTACT_PK
--------------------------------------------------------

  CREATE UNIQUE INDEX "FLIGHT_DEV"."CON_CONTACT_PK" ON "FLIGHT_DEV"."CON_CONTACT" ("PK_CON_CONTACT") 
  PCTFREE 10 INITRANS 2 MAXTRANS 255 COMPUTE STATISTICS 
  STORAGE(INITIAL 65536 NEXT 1048576 MINEXTENTS 1 MAXEXTENTS 2147483645
  PCTINCREASE 0 FREELISTS 1 FREELIST GROUPS 1 BUFFER_POOL DEFAULT FLASH_CACHE DEFAULT CELL_FLASH_CACHE DEFAULT)
  TABLESPACE "USERS" ;
--------------------------------------------------------
--  DDL for Index FLI_FLIGHT_DISCOUNTS_CON
--------------------------------------------------------

  CREATE UNIQUE INDEX "FLIGHT_DEV"."FLI_FLIGHT_DISCOUNTS_CON" ON "FLIGHT_DEV"."FLI_FLIGHT_DISCOUNTS" ("PK_FLI_FLIGHT_DISCOUNTS") 
  PCTFREE 10 INITRANS 2 MAXTRANS 255 COMPUTE STATISTICS 
  STORAGE(INITIAL 65536 NEXT 1048576 MINEXTENTS 1 MAXEXTENTS 2147483645
  PCTINCREASE 0 FREELISTS 1 FREELIST GROUPS 1 BUFFER_POOL DEFAULT FLASH_CACHE DEFAULT CELL_FLASH_CACHE DEFAULT)
  TABLESPACE "USERS" ;
--------------------------------------------------------
--  DDL for Index REL_PLANE_FLIGHT_CHARTERER_PK
--------------------------------------------------------

  CREATE UNIQUE INDEX "FLIGHT_DEV"."REL_PLANE_FLIGHT_CHARTERER_PK" ON "FLIGHT_DEV"."REL_PLANE_FLIGHT_CHARTERER" ("PK_REL_PLANE_FLIGHT_CHARTERER") 
  PCTFREE 10 INITRANS 2 MAXTRANS 255 COMPUTE STATISTICS 
  STORAGE(INITIAL 65536 NEXT 1048576 MINEXTENTS 1 MAXEXTENTS 2147483645
  PCTINCREASE 0 FREELISTS 1 FREELIST GROUPS 1 BUFFER_POOL DEFAULT FLASH_CACHE DEFAULT CELL_FLASH_CACHE DEFAULT)
  TABLESPACE "USERS" ;
--------------------------------------------------------
--  DDL for Index ORG_UNIT_CHECK_OUT_PK
--------------------------------------------------------

  CREATE UNIQUE INDEX "FLIGHT_DEV"."ORG_UNIT_CHECK_OUT_PK" ON "FLIGHT_DEV"."ORG_UNIT_CHECK_OUT" ("PK_ORG_UNIT_CHECK_OUT") 
  PCTFREE 10 INITRANS 2 MAXTRANS 255 COMPUTE STATISTICS 
  STORAGE(INITIAL 65536 NEXT 1048576 MINEXTENTS 1 MAXEXTENTS 2147483645
  PCTINCREASE 0 FREELISTS 1 FREELIST GROUPS 1 BUFFER_POOL DEFAULT FLASH_CACHE DEFAULT CELL_FLASH_CACHE DEFAULT)
  TABLESPACE "USERS" ;
--------------------------------------------------------
--  DDL for Index REL_DOC_HANGAR_PK
--------------------------------------------------------

  CREATE UNIQUE INDEX "FLIGHT_DEV"."REL_DOC_HANGAR_PK" ON "FLIGHT_DEV"."REL_DOC_HANGAR" ("PK_REL_DOC_HANGAR") 
  PCTFREE 10 INITRANS 2 MAXTRANS 255 COMPUTE STATISTICS 
  STORAGE(INITIAL 65536 NEXT 1048576 MINEXTENTS 1 MAXEXTENTS 2147483645
  PCTINCREASE 0 FREELISTS 1 FREELIST GROUPS 1 BUFFER_POOL DEFAULT FLASH_CACHE DEFAULT CELL_FLASH_CACHE DEFAULT)
  TABLESPACE "USERS" ;
--------------------------------------------------------
--  DDL for Index REL_ORG_UNIT_CON_CON_TYPE_PK
--------------------------------------------------------

  CREATE UNIQUE INDEX "FLIGHT_DEV"."REL_ORG_UNIT_CON_CON_TYPE_PK" ON "FLIGHT_DEV"."REL_ORG_UNIT_CON_ORG_REL_TYPE" ("PK_ORG_UNIT_CON_ORG_REL_TYPE") 
  PCTFREE 10 INITRANS 2 MAXTRANS 255 COMPUTE STATISTICS 
  STORAGE(INITIAL 65536 NEXT 1048576 MINEXTENTS 1 MAXEXTENTS 2147483645
  PCTINCREASE 0 FREELISTS 1 FREELIST GROUPS 1 BUFFER_POOL DEFAULT FLASH_CACHE DEFAULT CELL_FLASH_CACHE DEFAULT)
  TABLESPACE "USERS" ;
--------------------------------------------------------
--  DDL for Index REL_DOC_TYPE_USAGE_TYPE_PK
--------------------------------------------------------

  CREATE UNIQUE INDEX "FLIGHT_DEV"."REL_DOC_TYPE_USAGE_TYPE_PK" ON "FLIGHT_DEV"."REL_DOC_TYPE_USAGE_TYPE" ("PK_REL_DOC_TYPE_USAGE_TYPE") 
  PCTFREE 10 INITRANS 2 MAXTRANS 255 COMPUTE STATISTICS 
  STORAGE(INITIAL 65536 NEXT 1048576 MINEXTENTS 1 MAXEXTENTS 2147483645
  PCTINCREASE 0 FREELISTS 1 FREELIST GROUPS 1 BUFFER_POOL DEFAULT FLASH_CACHE DEFAULT CELL_FLASH_CACHE DEFAULT)
  TABLESPACE "USERS" ;
--------------------------------------------------------
--  DDL for Index APL_ENGINE_TYPE_PK
--------------------------------------------------------

  CREATE UNIQUE INDEX "FLIGHT_DEV"."APL_ENGINE_TYPE_PK" ON "FLIGHT_DEV"."PLA_ENGINE_TYPE" ("PK_PLA_ENGINE_TYPE") 
  PCTFREE 10 INITRANS 2 MAXTRANS 255 COMPUTE STATISTICS 
  STORAGE(INITIAL 65536 NEXT 1048576 MINEXTENTS 1 MAXEXTENTS 2147483645
  PCTINCREASE 0 FREELISTS 1 FREELIST GROUPS 1 BUFFER_POOL DEFAULT FLASH_CACHE DEFAULT CELL_FLASH_CACHE DEFAULT)
  TABLESPACE "USERS" ;
--------------------------------------------------------
--  DDL for Index REL_BORD_LOG_ENTRY_PAY_CON
--------------------------------------------------------

  CREATE UNIQUE INDEX "FLIGHT_DEV"."REL_BORD_LOG_ENTRY_PAY_CON" ON "FLIGHT_DEV"."REL_BORD_LOG_ENTRY_PAY" ("PK_BORD_LOG_ENTRY_PAY") 
  PCTFREE 10 INITRANS 2 MAXTRANS 255 COMPUTE STATISTICS 
  STORAGE(INITIAL 65536 NEXT 1048576 MINEXTENTS 1 MAXEXTENTS 2147483645
  PCTINCREASE 0 FREELISTS 1 FREELIST GROUPS 1 BUFFER_POOL DEFAULT FLASH_CACHE DEFAULT CELL_FLASH_CACHE DEFAULT)
  TABLESPACE "USERS" ;
--------------------------------------------------------
--  DDL for Trigger ADR_ADDRESS_TRG
--------------------------------------------------------

  CREATE OR REPLACE TRIGGER "FLIGHT_DEV"."ADR_ADDRESS_TRG" 
BEFORE INSERT ON ADR_ADDRESS 
FOR EACH ROW 
BEGIN
  <<COLUMN_SEQUENCES>>
  BEGIN
    IF INSERTING AND :NEW.PK_ADR_ADDRESS IS NULL THEN
      SELECT ADR_ADDRESS_SEQ1.NEXTVAL INTO :NEW.PK_ADR_ADDRESS FROM SYS.DUAL;
    END IF;
  END COLUMN_SEQUENCES;
END;


/
ALTER TRIGGER "FLIGHT_DEV"."ADR_ADDRESS_TRG" ENABLE;
--------------------------------------------------------
--  DDL for Trigger ADR_CITY_TRG
--------------------------------------------------------

  CREATE OR REPLACE TRIGGER "FLIGHT_DEV"."ADR_CITY_TRG" 
BEFORE INSERT ON ADR_CITY 
FOR EACH ROW 
BEGIN
  <<COLUMN_SEQUENCES>>
  BEGIN
    IF INSERTING AND :NEW.PK_ADR_CITY IS NULL THEN
      SELECT ADR_CITY_SEQ1.NEXTVAL INTO :NEW.PK_ADR_CITY FROM SYS.DUAL;
    END IF;
  END COLUMN_SEQUENCES;
END;


/
ALTER TRIGGER "FLIGHT_DEV"."ADR_CITY_TRG" ENABLE;
--------------------------------------------------------
--  DDL for Trigger ADR_COUNTRY_TRG
--------------------------------------------------------

  CREATE OR REPLACE TRIGGER "FLIGHT_DEV"."ADR_COUNTRY_TRG" 
BEFORE INSERT ON ADR_COUNTRY 
FOR EACH ROW 
BEGIN
  <<COLUMN_SEQUENCES>>
  BEGIN
    IF INSERTING AND :NEW.PK_ADR_COUNTRY IS NULL THEN
      SELECT ADR_COUNTRY_SEQ1.NEXTVAL INTO :NEW.PK_ADR_COUNTRY FROM SYS.DUAL;
    END IF;
  END COLUMN_SEQUENCES;
END;


/
ALTER TRIGGER "FLIGHT_DEV"."ADR_COUNTRY_TRG" ENABLE;
--------------------------------------------------------
--  DDL for Trigger APL_ENGINE_TYPE_TRG
--------------------------------------------------------

  CREATE OR REPLACE TRIGGER "FLIGHT_DEV"."APL_ENGINE_TYPE_TRG" 
BEFORE INSERT ON PLA_ENGINE_TYPE 
FOR EACH ROW 
BEGIN
  <<COLUMN_SEQUENCES>>
  BEGIN
    IF INSERTING AND :NEW.PK_APL_ENGINE_TYPE IS NULL THEN
      SELECT APL_ENGINE_TYPE_SEQ.NEXTVAL INTO :NEW.PK_APL_ENGINE_TYPE FROM SYS.DUAL;
    END IF;
  END COLUMN_SEQUENCES;
END;


/
ALTER TRIGGER "FLIGHT_DEV"."APL_ENGINE_TYPE_TRG" ENABLE;
--------------------------------------------------------
--  DDL for Trigger APL_MAINT_TRG
--------------------------------------------------------

  CREATE OR REPLACE TRIGGER "FLIGHT_DEV"."APL_MAINT_TRG" 
BEFORE INSERT ON APL_MAINT 
FOR EACH ROW 
BEGIN
  <<COLUMN_SEQUENCES>>
  BEGIN
    IF INSERTING AND :NEW.PK_APL_MAINT IS NULL THEN
      SELECT APL_MAINT_SEQ.NEXTVAL INTO :NEW.PK_APL_MAINT FROM SYS.DUAL;
    END IF;
  END COLUMN_SEQUENCES;
END;


/
ALTER TRIGGER "FLIGHT_DEV"."APL_MAINT_TRG" ENABLE;
--------------------------------------------------------
--  DDL for Trigger APL_PLANE_MODELL_TRG
--------------------------------------------------------

  CREATE OR REPLACE TRIGGER "FLIGHT_DEV"."APL_PLANE_MODELL_TRG" 
BEFORE INSERT ON APL_PLANE_MODELL 
FOR EACH ROW 
BEGIN
  <<COLUMN_SEQUENCES>>
  BEGIN
    IF INSERTING AND :NEW.PK_APL_PLANE_MODELL IS NULL THEN
      SELECT APL_PLANE_MODELL_SEQ2.NEXTVAL INTO :NEW.PK_APL_PLANE_MODELL FROM SYS.DUAL;
    END IF;
  END COLUMN_SEQUENCES;
END;
/
ALTER TRIGGER "FLIGHT_DEV"."APL_PLANE_MODELL_TRG" ENABLE;
--------------------------------------------------------
--  DDL for Trigger APL_PLANE_TYPE_TRG
--------------------------------------------------------

  CREATE OR REPLACE TRIGGER "FLIGHT_DEV"."APL_PLANE_TYPE_TRG" 
BEFORE INSERT ON APL_PLANE_TYPE 
FOR EACH ROW 
BEGIN
  <<COLUMN_SEQUENCES>>
  BEGIN
    IF INSERTING AND :NEW.PK_APL_PLANE_TYPE IS NULL THEN
      SELECT APL_PLANE_TYPE_SEQ2.NEXTVAL INTO :NEW.PK_APL_PLANE_TYPE FROM SYS.DUAL;
    END IF;
  END COLUMN_SEQUENCES;
END;
/
ALTER TRIGGER "FLIGHT_DEV"."APL_PLANE_TYPE_TRG" ENABLE;
--------------------------------------------------------
--  DDL for Trigger BOR_BORD_LOG_ENTRY_GRP_TRG
--------------------------------------------------------

  CREATE OR REPLACE TRIGGER "FLIGHT_DEV"."BOR_BORD_LOG_ENTRY_GRP_TRG" 
BEFORE INSERT ON BOR_BORD_LOG_ENTRY_GRP 
FOR EACH ROW 
BEGIN
  <<COLUMN_SEQUENCES>>
  BEGIN
    NULL;
  END COLUMN_SEQUENCES;
END;

/
ALTER TRIGGER "FLIGHT_DEV"."BOR_BORD_LOG_ENTRY_GRP_TRG" ENABLE;
--------------------------------------------------------
--  DDL for Trigger BOR_BORD_LOG_TRG
--------------------------------------------------------

  CREATE OR REPLACE TRIGGER "FLIGHT_DEV"."BOR_BORD_LOG_TRG" 
BEFORE INSERT ON BOR_BORD_LOG 
FOR EACH ROW 
BEGIN
  <<COLUMN_SEQUENCES>>
  BEGIN
    IF INSERTING AND :NEW.PK_BOR_BORD_LOG IS NULL THEN
      SELECT BOR_BORD_LOG_SEQ3.NEXTVAL INTO :NEW.PK_BOR_BORD_LOG FROM SYS.DUAL;
    END IF;
  END COLUMN_SEQUENCES;
END;
/
ALTER TRIGGER "FLIGHT_DEV"."BOR_BORD_LOG_TRG" ENABLE;
--------------------------------------------------------
--  DDL for Trigger CON_CONTACT_TRG
--------------------------------------------------------

  CREATE OR REPLACE TRIGGER "FLIGHT_DEV"."CON_CONTACT_TRG" 
BEFORE INSERT ON CON_CONTACT 
FOR EACH ROW 
BEGIN
  <<COLUMN_SEQUENCES>>
  BEGIN
    NULL;
  END COLUMN_SEQUENCES;
END;


/
ALTER TRIGGER "FLIGHT_DEV"."CON_CONTACT_TRG" ENABLE;
--------------------------------------------------------
--  DDL for Trigger CON_CONTACT_TRG1
--------------------------------------------------------

  CREATE OR REPLACE TRIGGER "FLIGHT_DEV"."CON_CONTACT_TRG1" 
BEFORE INSERT ON CON_CONTACT 
FOR EACH ROW 
BEGIN
  <<COLUMN_SEQUENCES>>
  BEGIN
    IF INSERTING AND :NEW.PK_CON_CONTACT IS NULL THEN
      SELECT CON_CONTACT_SEQ.NEXTVAL INTO :NEW.PK_CON_CONTACT FROM SYS.DUAL;
    END IF;
  END COLUMN_SEQUENCES;
END;


/
ALTER TRIGGER "FLIGHT_DEV"."CON_CONTACT_TRG1" ENABLE;
--------------------------------------------------------
--  DDL for Trigger CON_CONTACT_TYPE_TRG
--------------------------------------------------------

  CREATE OR REPLACE TRIGGER "FLIGHT_DEV"."CON_CONTACT_TYPE_TRG" 
BEFORE INSERT ON CON_CONTACT_TYPE 
FOR EACH ROW 
BEGIN
  <<COLUMN_SEQUENCES>>
  BEGIN
    IF INSERTING AND :NEW.PK_CON_CONTACT_TYPE IS NULL THEN
      SELECT CON_CONTACT_TYPE_SEQ.NEXTVAL INTO :NEW.PK_CON_CONTACT_TYPE FROM SYS.DUAL;
    END IF;
  END COLUMN_SEQUENCES;
END;


/
ALTER TRIGGER "FLIGHT_DEV"."CON_CONTACT_TYPE_TRG" ENABLE;
--------------------------------------------------------
--  DDL for Trigger COST_COST_GRP_TRG
--------------------------------------------------------

  CREATE OR REPLACE TRIGGER "FLIGHT_DEV"."COST_COST_GRP_TRG" 
BEFORE INSERT ON COST_COST_GRP 
FOR EACH ROW 
BEGIN
  <<COLUMN_SEQUENCES>>
  BEGIN
    IF INSERTING AND :NEW.PK_COST_COST_GRP IS NULL THEN
      SELECT COST_COST_GRP_SEQ.NEXTVAL INTO :NEW.PK_COST_COST_GRP FROM SYS.DUAL;
    END IF;
  END COLUMN_SEQUENCES;
END;


/
ALTER TRIGGER "FLIGHT_DEV"."COST_COST_GRP_TRG" ENABLE;
--------------------------------------------------------
--  DDL for Trigger DEPT_TRG1
--------------------------------------------------------

  CREATE OR REPLACE TRIGGER "FLIGHT_DEV"."DEPT_TRG1" 
              before insert on dept
              for each row
              begin
                  if :new.deptno is null then
                      select dept_seq.nextval into :new.deptno from sys.dual;
                 end if;
              end;

/
ALTER TRIGGER "FLIGHT_DEV"."DEPT_TRG1" ENABLE;
--------------------------------------------------------
--  DDL for Trigger DOC_DOCUMENT_TRG
--------------------------------------------------------

  CREATE OR REPLACE TRIGGER "FLIGHT_DEV"."DOC_DOCUMENT_TRG" 
BEFORE INSERT ON DOC_DOCUMENT 
FOR EACH ROW 
BEGIN
  <<COLUMN_SEQUENCES>>
  BEGIN
    NULL;
  END COLUMN_SEQUENCES;
END;


/
ALTER TRIGGER "FLIGHT_DEV"."DOC_DOCUMENT_TRG" ENABLE;
--------------------------------------------------------
--  DDL for Trigger DOC_DOCUMENT_TRG1
--------------------------------------------------------

  CREATE OR REPLACE TRIGGER "FLIGHT_DEV"."DOC_DOCUMENT_TRG1" 
BEFORE INSERT ON DOC_DOCUMENT 
FOR EACH ROW 
BEGIN
  <<COLUMN_SEQUENCES>>
  BEGIN
    IF INSERTING AND :NEW.PK_DOC_DOCUMENT IS NULL THEN
      SELECT DOC_DOCUMENT_SEQ1.NEXTVAL INTO :NEW.PK_DOC_DOCUMENT FROM SYS.DUAL;
    END IF;
  END COLUMN_SEQUENCES;
END;


/
ALTER TRIGGER "FLIGHT_DEV"."DOC_DOCUMENT_TRG1" ENABLE;
--------------------------------------------------------
--  DDL for Trigger DOC_DOCUMENT_TYPE_TRG
--------------------------------------------------------

  CREATE OR REPLACE TRIGGER "FLIGHT_DEV"."DOC_DOCUMENT_TYPE_TRG" 
BEFORE INSERT ON DOC_DOCUMENT_TYPE 
FOR EACH ROW 
BEGIN
  <<COLUMN_SEQUENCES>>
  BEGIN
    IF INSERTING AND :NEW.PK_DOC_DOCUMENT_TYPE IS NULL THEN
      SELECT DOC_DOCUMENT_TYPE_SEQ1.NEXTVAL INTO :NEW.PK_DOC_DOCUMENT_TYPE FROM SYS.DUAL;
    END IF;
  END COLUMN_SEQUENCES;
END;


/
ALTER TRIGGER "FLIGHT_DEV"."DOC_DOCUMENT_TYPE_TRG" ENABLE;
--------------------------------------------------------
--  DDL for Trigger DOC_USAGE_TYPE_TRG
--------------------------------------------------------

  CREATE OR REPLACE TRIGGER "FLIGHT_DEV"."DOC_USAGE_TYPE_TRG" 
BEFORE INSERT ON DOC_USAGE_TYPE 
FOR EACH ROW 
BEGIN
  <<COLUMN_SEQUENCES>>
  BEGIN
    IF INSERTING AND :NEW.PK_DOC_USAGE_TYPE IS NULL THEN
      SELECT DOC_USAGE_TYPE_SEQ1.NEXTVAL INTO :NEW.PK_DOC_USAGE_TYPE FROM SYS.DUAL;
    END IF;
  END COLUMN_SEQUENCES;
END;


/
ALTER TRIGGER "FLIGHT_DEV"."DOC_USAGE_TYPE_TRG" ENABLE;
--------------------------------------------------------
--  DDL for Trigger EMP_TRG1
--------------------------------------------------------

  CREATE OR REPLACE TRIGGER "FLIGHT_DEV"."EMP_TRG1" 
              before insert on emp
              for each row
              begin
                  if :new.empno is null then
                      select emp_seq.nextval into :new.empno from sys.dual;
                 end if;
              end;

/
ALTER TRIGGER "FLIGHT_DEV"."EMP_TRG1" ENABLE;
--------------------------------------------------------
--  DDL for Trigger FLI_FLIGHT_TRG
--------------------------------------------------------

  CREATE OR REPLACE TRIGGER "FLIGHT_DEV"."FLI_FLIGHT_TRG" 
BEFORE INSERT ON FLI_FLIGHT 
FOR EACH ROW 
BEGIN
  <<COLUMN_SEQUENCES>>
  BEGIN
    IF INSERTING AND :NEW.PK_FLI_FLIGHT IS NULL THEN
      SELECT FLI_FLIGHT_SEQ2.NEXTVAL INTO :NEW.PK_FLI_FLIGHT FROM SYS.DUAL;
    END IF;
  END COLUMN_SEQUENCES;
END;

/
ALTER TRIGGER "FLIGHT_DEV"."FLI_FLIGHT_TRG" ENABLE;
--------------------------------------------------------
--  DDL for Trigger MDT_MANDANT_TRG
--------------------------------------------------------

  CREATE OR REPLACE TRIGGER "FLIGHT_DEV"."MDT_MANDANT_TRG" 
BEFORE INSERT ON MDT_MANDANT 
FOR EACH ROW 
BEGIN
  <<COLUMN_SEQUENCES>>
  BEGIN
    NULL;
  END COLUMN_SEQUENCES;
END;

/
ALTER TRIGGER "FLIGHT_DEV"."MDT_MANDANT_TRG" ENABLE;
--------------------------------------------------------
--  DDL for Trigger MDT_MANDANT_TRG1
--------------------------------------------------------

  CREATE OR REPLACE TRIGGER "FLIGHT_DEV"."MDT_MANDANT_TRG1" 
BEFORE INSERT ON MDT_MANDANT 
FOR EACH ROW 
BEGIN
  <<COLUMN_SEQUENCES>>
  BEGIN
    IF INSERTING AND :NEW.PK_MDT_MANDANT IS NULL THEN
      SELECT MDT_MANDANT_SEQ2.NEXTVAL INTO :NEW.PK_MDT_MANDANT FROM SYS.DUAL;
    END IF;
  END COLUMN_SEQUENCES;
END;
/
ALTER TRIGGER "FLIGHT_DEV"."MDT_MANDANT_TRG1" ENABLE;
--------------------------------------------------------
--  DDL for Trigger ORG_UNIT_CHECK_OUT_TRG
--------------------------------------------------------

  CREATE OR REPLACE TRIGGER "FLIGHT_DEV"."ORG_UNIT_CHECK_OUT_TRG" 
BEFORE INSERT ON ORG_UNIT_CHECK_OUT 
FOR EACH ROW 
BEGIN
  <<COLUMN_SEQUENCES>>
  BEGIN
    IF INSERTING AND :NEW.PK_ORG_UNIT_CHECK_OUT IS NULL THEN
      SELECT ORG_UNIT_CHECK_OUT_SEQ.NEXTVAL INTO :NEW.PK_ORG_UNIT_CHECK_OUT FROM SYS.DUAL;
    END IF;
  END COLUMN_SEQUENCES;
END;


/
ALTER TRIGGER "FLIGHT_DEV"."ORG_UNIT_CHECK_OUT_TRG" ENABLE;
--------------------------------------------------------
--  DDL for Trigger ORG_UNIT_REL_TYPE_TRG
--------------------------------------------------------

  CREATE OR REPLACE TRIGGER "FLIGHT_DEV"."ORG_UNIT_REL_TYPE_TRG" 
BEFORE INSERT ON ORG_UNIT_REL_TYPE 
FOR EACH ROW 
BEGIN
  <<COLUMN_SEQUENCES>>
  BEGIN
    NULL;
  END COLUMN_SEQUENCES;
END;

/
ALTER TRIGGER "FLIGHT_DEV"."ORG_UNIT_REL_TYPE_TRG" ENABLE;
--------------------------------------------------------
--  DDL for Trigger ORG_UNIT_REL_TYPE_TRG1
--------------------------------------------------------

  CREATE OR REPLACE TRIGGER "FLIGHT_DEV"."ORG_UNIT_REL_TYPE_TRG1" 
BEFORE INSERT ON ORG_UNIT_REL_TYPE 
FOR EACH ROW 
BEGIN
  <<COLUMN_SEQUENCES>>
  BEGIN
    IF INSERTING AND :NEW.PK_ORG_UNIT_REL_TYPE IS NULL THEN
      SELECT ORG_UNIT_REL_TYPE_SEQ1.NEXTVAL INTO :NEW.PK_ORG_UNIT_REL_TYPE FROM SYS.DUAL;
    END IF;
  END COLUMN_SEQUENCES;
END;

/
ALTER TRIGGER "FLIGHT_DEV"."ORG_UNIT_REL_TYPE_TRG1" ENABLE;
--------------------------------------------------------
--  DDL for Trigger ORG_UNIT_TRG
--------------------------------------------------------

  CREATE OR REPLACE TRIGGER "FLIGHT_DEV"."ORG_UNIT_TRG" 
BEFORE INSERT ON ORG_UNIT 
FOR EACH ROW 
BEGIN
  <<COLUMN_SEQUENCES>>
  BEGIN
    NULL;
  END COLUMN_SEQUENCES;
END;

/
ALTER TRIGGER "FLIGHT_DEV"."ORG_UNIT_TRG" ENABLE;
--------------------------------------------------------
--  DDL for Trigger ORG_UNIT_TRG1
--------------------------------------------------------

  CREATE OR REPLACE TRIGGER "FLIGHT_DEV"."ORG_UNIT_TRG1" 
BEFORE INSERT ON ORG_UNIT 
FOR EACH ROW 
BEGIN
  <<COLUMN_SEQUENCES>>
  BEGIN
    NULL;
  END COLUMN_SEQUENCES;
END;

/
ALTER TRIGGER "FLIGHT_DEV"."ORG_UNIT_TRG1" ENABLE;
--------------------------------------------------------
--  DDL for Trigger ORG_UNIT_TRG2
--------------------------------------------------------

  CREATE OR REPLACE TRIGGER "FLIGHT_DEV"."ORG_UNIT_TRG2" 
BEFORE INSERT ON ORG_UNIT 
FOR EACH ROW 
BEGIN
  <<COLUMN_SEQUENCES>>
  BEGIN
    IF INSERTING AND :NEW.PK_ORG_UNIT IS NULL THEN
      SELECT ORG_UNIT_SEQ2.NEXTVAL INTO :NEW.PK_ORG_UNIT FROM SYS.DUAL;
    END IF;
  END COLUMN_SEQUENCES;
END;

/
ALTER TRIGGER "FLIGHT_DEV"."ORG_UNIT_TRG2" ENABLE;
--------------------------------------------------------
--  DDL for Trigger ORG_UNIT_TYPE_TRG
--------------------------------------------------------

  CREATE OR REPLACE TRIGGER "FLIGHT_DEV"."ORG_UNIT_TYPE_TRG" 
BEFORE INSERT ON ORG_UNIT_TYPE 
FOR EACH ROW 
BEGIN
  <<COLUMN_SEQUENCES>>
  BEGIN
    NULL;
  END COLUMN_SEQUENCES;
END;

/
ALTER TRIGGER "FLIGHT_DEV"."ORG_UNIT_TYPE_TRG" ENABLE;
--------------------------------------------------------
--  DDL for Trigger REL_BORD_LOG_ENTRY_PAY_TRG
--------------------------------------------------------

  CREATE OR REPLACE TRIGGER "FLIGHT_DEV"."REL_BORD_LOG_ENTRY_PAY_TRG" 
BEFORE INSERT ON REL_BORD_LOG_ENTRY_PAY 
FOR EACH ROW 
BEGIN
  <<COLUMN_SEQUENCES>>
  BEGIN
    IF INSERTING AND :NEW.PK_BORD_LOG_ENTRY_PAY IS NULL THEN
      SELECT REL_BORD_LOG_ENTRY_PAY_SEQ.NEXTVAL INTO :NEW.PK_BORD_LOG_ENTRY_PAY FROM SYS.DUAL;
    END IF;
  END COLUMN_SEQUENCES;
END;


/
ALTER TRIGGER "FLIGHT_DEV"."REL_BORD_LOG_ENTRY_PAY_TRG" ENABLE;
--------------------------------------------------------
--  DDL for Trigger REL_CONTACT_ADDRESS_TRG
--------------------------------------------------------

  CREATE OR REPLACE TRIGGER "FLIGHT_DEV"."REL_CONTACT_ADDRESS_TRG" 
BEFORE INSERT ON REL_CONTACT_ADDRESS 
FOR EACH ROW 
BEGIN
  <<COLUMN_SEQUENCES>>
  BEGIN
    IF INSERTING AND :NEW.PK_REL_CONTACT_ADDRESS IS NULL THEN
      SELECT REL_CONTACT_ADDRESS_SEQ.NEXTVAL INTO :NEW.PK_REL_CONTACT_ADDRESS FROM SYS.DUAL;
    END IF;
  END COLUMN_SEQUENCES;
END;


/
ALTER TRIGGER "FLIGHT_DEV"."REL_CONTACT_ADDRESS_TRG" ENABLE;
--------------------------------------------------------
--  DDL for Trigger REL_CONTACT_BANKACCOUNT_TRG
--------------------------------------------------------

  CREATE OR REPLACE TRIGGER "FLIGHT_DEV"."REL_CONTACT_BANKACCOUNT_TRG" 
BEFORE INSERT ON REL_CONTACT_BANKACCOUNT 
FOR EACH ROW 
BEGIN
  <<COLUMN_SEQUENCES>>
  BEGIN
    IF INSERTING AND :NEW.PK_CONTACT_BANKACCOUNT IS NULL THEN
      SELECT REL_CONTACT_BANKACCOUNT_SEQ.NEXTVAL INTO :NEW.PK_CONTACT_BANKACCOUNT FROM SYS.DUAL;
    END IF;
  END COLUMN_SEQUENCES;
END;


/
ALTER TRIGGER "FLIGHT_DEV"."REL_CONTACT_BANKACCOUNT_TRG" ENABLE;
--------------------------------------------------------
--  DDL for Trigger REL_DOC_CONTACT_TRG
--------------------------------------------------------

  CREATE OR REPLACE TRIGGER "FLIGHT_DEV"."REL_DOC_CONTACT_TRG" 
BEFORE INSERT ON REL_DOC_CONTACT 
FOR EACH ROW 
BEGIN
  <<COLUMN_SEQUENCES>>
  BEGIN
    IF INSERTING AND :NEW.PK_REL_DOC_CONTACT IS NULL THEN
      SELECT REL_DOC_CONTACT_SEQ.NEXTVAL INTO :NEW.PK_REL_DOC_CONTACT FROM SYS.DUAL;
    END IF;
  END COLUMN_SEQUENCES;
END;


/
ALTER TRIGGER "FLIGHT_DEV"."REL_DOC_CONTACT_TRG" ENABLE;
--------------------------------------------------------
--  DDL for Trigger REL_DOC_TYPE_USAGE_TYPE_TRG
--------------------------------------------------------

  CREATE OR REPLACE TRIGGER "FLIGHT_DEV"."REL_DOC_TYPE_USAGE_TYPE_TRG" 
BEFORE INSERT ON REL_DOC_TYPE_USAGE_TYPE 
FOR EACH ROW 
BEGIN
  <<COLUMN_SEQUENCES>>
  BEGIN
    NULL;
  END COLUMN_SEQUENCES;
END;

/
ALTER TRIGGER "FLIGHT_DEV"."REL_DOC_TYPE_USAGE_TYPE_TRG" ENABLE;
--------------------------------------------------------
--  DDL for Trigger REL_DOC_TYPE_USAGE_TYPE_TRG1
--------------------------------------------------------

  CREATE OR REPLACE TRIGGER "FLIGHT_DEV"."REL_DOC_TYPE_USAGE_TYPE_TRG1" 
BEFORE INSERT ON REL_DOC_TYPE_USAGE_TYPE 
FOR EACH ROW 
BEGIN
  <<COLUMN_SEQUENCES>>
  BEGIN
    IF INSERTING AND :NEW.PK_REL_DOC_TYPE_USAGE_TYPE IS NULL THEN
      SELECT REL_DOC_TYPE_USAGE_TYPE_SEQ.NEXTVAL INTO :NEW.PK_REL_DOC_TYPE_USAGE_TYPE FROM SYS.DUAL;
    END IF;
  END COLUMN_SEQUENCES;
END;

/
ALTER TRIGGER "FLIGHT_DEV"."REL_DOC_TYPE_USAGE_TYPE_TRG1" ENABLE;
--------------------------------------------------------
--  DDL for Trigger REL_ORG_UNIT_CON_ORG_REL_TYPE
--------------------------------------------------------

  CREATE OR REPLACE TRIGGER "FLIGHT_DEV"."REL_ORG_UNIT_CON_ORG_REL_TYPE" 
BEFORE INSERT ON REL_ORG_UNIT_CON_ORG_REL_TYPE 
FOR EACH ROW 
BEGIN
  <<COLUMN_SEQUENCES>>
  BEGIN
    IF INSERTING AND :NEW.PK_ORG_UNIT_CON_ORG_REL_TYPE IS NULL THEN
      SELECT REL_ORG_UNIT_CON_ORG_REL_TYPE1.NEXTVAL INTO :NEW.PK_ORG_UNIT_CON_ORG_REL_TYPE FROM SYS.DUAL;
    END IF;
  END COLUMN_SEQUENCES;
END;

/
ALTER TRIGGER "FLIGHT_DEV"."REL_ORG_UNIT_CON_ORG_REL_TYPE" ENABLE;
--------------------------------------------------------
--  DDL for Trigger REL_ORG_UNIT_CON_ORG_TYPE_TRG
--------------------------------------------------------

  CREATE OR REPLACE TRIGGER "FLIGHT_DEV"."REL_ORG_UNIT_CON_ORG_TYPE_TRG" 
BEFORE INSERT ON REL_ORG_UNIT_CON_ORG_REL_TYPE 
FOR EACH ROW 
BEGIN
  <<COLUMN_SEQUENCES>>
  BEGIN
    NULL;
  END COLUMN_SEQUENCES;
END;

/
ALTER TRIGGER "FLIGHT_DEV"."REL_ORG_UNIT_CON_ORG_TYPE_TRG" ENABLE;
--------------------------------------------------------
--  DDL for Trigger REL_ORG_UNIT_CONTACT_TRG
--------------------------------------------------------

  CREATE OR REPLACE TRIGGER "FLIGHT_DEV"."REL_ORG_UNIT_CONTACT_TRG" 
BEFORE INSERT ON REL_ORG_UNIT_CON 
FOR EACH ROW 
BEGIN
  <<COLUMN_SEQUENCES>>
  BEGIN
    NULL;
  END COLUMN_SEQUENCES;
END;

/
ALTER TRIGGER "FLIGHT_DEV"."REL_ORG_UNIT_CONTACT_TRG" ENABLE;
--------------------------------------------------------
--  DDL for Trigger REL_ORG_UNIT_CON_TRG
--------------------------------------------------------

  CREATE OR REPLACE TRIGGER "FLIGHT_DEV"."REL_ORG_UNIT_CON_TRG" 
BEFORE INSERT ON REL_ORG_UNIT_CON 
FOR EACH ROW 
BEGIN
  <<COLUMN_SEQUENCES>>
  BEGIN
    IF INSERTING AND :NEW.PK_ORG_UNIT_CON IS NULL THEN
      SELECT REL_ORG_UNIT_CON_SEQ.NEXTVAL INTO :NEW.PK_ORG_UNIT_CON FROM SYS.DUAL;
    END IF;
  END COLUMN_SEQUENCES;
END;

/
ALTER TRIGGER "FLIGHT_DEV"."REL_ORG_UNIT_CON_TRG" ENABLE;
--------------------------------------------------------
--  DDL for Trigger REL_PLANE_FLIGHT_CHARTERER_TR
--------------------------------------------------------

  CREATE OR REPLACE TRIGGER "FLIGHT_DEV"."REL_PLANE_FLIGHT_CHARTERER_TR" 
BEFORE INSERT ON REL_PLANE_FLIGHT_CHARTERER 
FOR EACH ROW 
BEGIN
  <<COLUMN_SEQUENCES>>
  BEGIN
    IF INSERTING AND :NEW.PK_REL_PLANE_FLIGHT_CHARTERER IS NULL THEN
      SELECT REL_PLANE_FLIGHT_CHARTERER_SE.NEXTVAL INTO :NEW.PK_REL_PLANE_FLIGHT_CHARTERER FROM SYS.DUAL;
    END IF;
  END COLUMN_SEQUENCES;
END;


/
ALTER TRIGGER "FLIGHT_DEV"."REL_PLANE_FLIGHT_CHARTERER_TR" ENABLE;
--------------------------------------------------------
--  DDL for Trigger REL_PLANE_FLIGHT_TRG
--------------------------------------------------------

  CREATE OR REPLACE TRIGGER "FLIGHT_DEV"."REL_PLANE_FLIGHT_TRG" 
BEFORE INSERT ON REL_PLANE_FLIGHT 
FOR EACH ROW 
BEGIN
  <<COLUMN_SEQUENCES>>
  BEGIN
    IF INSERTING AND :NEW.PK_PLANE_FLIGHT IS NULL THEN
      SELECT REL_PLANE_FLIGHT_SEQ.NEXTVAL INTO :NEW.PK_PLANE_FLIGHT FROM SYS.DUAL;
    END IF;
  END COLUMN_SEQUENCES;
END;


/
ALTER TRIGGER "FLIGHT_DEV"."REL_PLANE_FLIGHT_TRG" ENABLE;
--------------------------------------------------------
--  Constraints for Table BOR_BORD_LOG_ENTRY_HOB_RPM
--------------------------------------------------------

  ALTER TABLE "FLIGHT_DEV"."BOR_BORD_LOG_ENTRY_HOB_RPM" ADD CONSTRAINT "BOR_BORD_LOG_ENTRY_HOB_RPM_PK" PRIMARY KEY ("PK_BORD_LOG_ENTRY_HOB_RPM")
  USING INDEX PCTFREE 10 INITRANS 2 MAXTRANS 255 COMPUTE STATISTICS 
  STORAGE(INITIAL 65536 NEXT 1048576 MINEXTENTS 1 MAXEXTENTS 2147483645
  PCTINCREASE 0 FREELISTS 1 FREELIST GROUPS 1 BUFFER_POOL DEFAULT FLASH_CACHE DEFAULT CELL_FLASH_CACHE DEFAULT)
  TABLESPACE "USERS"  ENABLE;
  ALTER TABLE "FLIGHT_DEV"."BOR_BORD_LOG_ENTRY_HOB_RPM" MODIFY ("PK_BORD_LOG_ENTRY_HOB_RPM" NOT NULL ENABLE);
--------------------------------------------------------
--  Constraints for Table APL_PLANE_MODELL
--------------------------------------------------------

  ALTER TABLE "FLIGHT_DEV"."APL_PLANE_MODELL" ADD CONSTRAINT "APL_PLANE_MODELL_PK" PRIMARY KEY ("PK_APL_PLANE_MODELL")
  USING INDEX PCTFREE 10 INITRANS 2 MAXTRANS 255 COMPUTE STATISTICS 
  STORAGE(INITIAL 65536 NEXT 1048576 MINEXTENTS 1 MAXEXTENTS 2147483645
  PCTINCREASE 0 FREELISTS 1 FREELIST GROUPS 1 BUFFER_POOL DEFAULT FLASH_CACHE DEFAULT CELL_FLASH_CACHE DEFAULT)
  TABLESPACE "USERS"  ENABLE;
  ALTER TABLE "FLIGHT_DEV"."APL_PLANE_MODELL" MODIFY ("PK_APL_PLANE_MODELL" NOT NULL ENABLE);
--------------------------------------------------------
--  Constraints for Table REL_DOC_PLANE
--------------------------------------------------------

  ALTER TABLE "FLIGHT_DEV"."REL_DOC_PLANE" ADD CONSTRAINT "REL_DOC_PLANE_PK" PRIMARY KEY ("PK_REL_DOC_PLANE")
  USING INDEX PCTFREE 10 INITRANS 2 MAXTRANS 255 COMPUTE STATISTICS 
  STORAGE(INITIAL 65536 NEXT 1048576 MINEXTENTS 1 MAXEXTENTS 2147483645
  PCTINCREASE 0 FREELISTS 1 FREELIST GROUPS 1 BUFFER_POOL DEFAULT FLASH_CACHE DEFAULT CELL_FLASH_CACHE DEFAULT)
  TABLESPACE "USERS"  ENABLE;
  ALTER TABLE "FLIGHT_DEV"."REL_DOC_PLANE" MODIFY ("PK_REL_DOC_PLANE" NOT NULL ENABLE);
--------------------------------------------------------
--  Constraints for Table REL_DOC_TYPE_USAGE_TYPE
--------------------------------------------------------

  ALTER TABLE "FLIGHT_DEV"."REL_DOC_TYPE_USAGE_TYPE" MODIFY ("PK_REL_DOC_TYPE_USAGE_TYPE" NOT NULL ENABLE);
  ALTER TABLE "FLIGHT_DEV"."REL_DOC_TYPE_USAGE_TYPE" ADD CONSTRAINT "REL_DOC_TYPE_USAGE_TYPE_PK" PRIMARY KEY ("PK_REL_DOC_TYPE_USAGE_TYPE")
  USING INDEX PCTFREE 10 INITRANS 2 MAXTRANS 255 COMPUTE STATISTICS 
  STORAGE(INITIAL 65536 NEXT 1048576 MINEXTENTS 1 MAXEXTENTS 2147483645
  PCTINCREASE 0 FREELISTS 1 FREELIST GROUPS 1 BUFFER_POOL DEFAULT FLASH_CACHE DEFAULT CELL_FLASH_CACHE DEFAULT)
  TABLESPACE "USERS"  ENABLE;
--------------------------------------------------------
--  Constraints for Table EMP
--------------------------------------------------------

  ALTER TABLE "FLIGHT_DEV"."EMP" MODIFY ("EMPNO" NOT NULL ENABLE);
  ALTER TABLE "FLIGHT_DEV"."EMP" ADD PRIMARY KEY ("EMPNO")
  USING INDEX PCTFREE 10 INITRANS 2 MAXTRANS 255 COMPUTE STATISTICS 
  STORAGE(INITIAL 65536 NEXT 1048576 MINEXTENTS 1 MAXEXTENTS 2147483645
  PCTINCREASE 0 FREELISTS 1 FREELIST GROUPS 1 BUFFER_POOL DEFAULT FLASH_CACHE DEFAULT CELL_FLASH_CACHE DEFAULT)
  TABLESPACE "USERS"  ENABLE;
--------------------------------------------------------
--  Constraints for Table COST_COST_GRP
--------------------------------------------------------

  ALTER TABLE "FLIGHT_DEV"."COST_COST_GRP" ADD CONSTRAINT "COST_COST_GRP_PK" PRIMARY KEY ("PK_COST_COST_GRP")
  USING INDEX PCTFREE 10 INITRANS 2 MAXTRANS 255 COMPUTE STATISTICS 
  STORAGE(INITIAL 65536 NEXT 1048576 MINEXTENTS 1 MAXEXTENTS 2147483645
  PCTINCREASE 0 FREELISTS 1 FREELIST GROUPS 1 BUFFER_POOL DEFAULT FLASH_CACHE DEFAULT CELL_FLASH_CACHE DEFAULT)
  TABLESPACE "USERS"  ENABLE;
  ALTER TABLE "FLIGHT_DEV"."COST_COST_GRP" MODIFY ("PK_COST_COST_GRP" NOT NULL ENABLE);
--------------------------------------------------------
--  Constraints for Table REL_BORD_LOG_ENTRY_PAY
--------------------------------------------------------

  ALTER TABLE "FLIGHT_DEV"."REL_BORD_LOG_ENTRY_PAY" ADD CONSTRAINT "REL_BORD_LOG_ENTRY_PAY_CON" PRIMARY KEY ("PK_BORD_LOG_ENTRY_PAY")
  USING INDEX PCTFREE 10 INITRANS 2 MAXTRANS 255 COMPUTE STATISTICS 
  STORAGE(INITIAL 65536 NEXT 1048576 MINEXTENTS 1 MAXEXTENTS 2147483645
  PCTINCREASE 0 FREELISTS 1 FREELIST GROUPS 1 BUFFER_POOL DEFAULT FLASH_CACHE DEFAULT CELL_FLASH_CACHE DEFAULT)
  TABLESPACE "USERS"  ENABLE;
--------------------------------------------------------
--  Constraints for Table FLI_FLIGHT
--------------------------------------------------------

  ALTER TABLE "FLIGHT_DEV"."FLI_FLIGHT" ADD CONSTRAINT "FLI_FLIGHT_PK" PRIMARY KEY ("PK_FLI_FLIGHT")
  USING INDEX PCTFREE 10 INITRANS 2 MAXTRANS 255 COMPUTE STATISTICS 
  STORAGE(INITIAL 65536 NEXT 1048576 MINEXTENTS 1 MAXEXTENTS 2147483645
  PCTINCREASE 0 FREELISTS 1 FREELIST GROUPS 1 BUFFER_POOL DEFAULT FLASH_CACHE DEFAULT CELL_FLASH_CACHE DEFAULT)
  TABLESPACE "USERS"  ENABLE;
  ALTER TABLE "FLIGHT_DEV"."FLI_FLIGHT" MODIFY ("PK_FLI_FLIGHT" NOT NULL ENABLE);
--------------------------------------------------------
--  Constraints for Table CON_CONTACT
--------------------------------------------------------

  ALTER TABLE "FLIGHT_DEV"."CON_CONTACT" ADD CONSTRAINT "CON_CONTACT_PK" PRIMARY KEY ("PK_CON_CONTACT")
  USING INDEX PCTFREE 10 INITRANS 2 MAXTRANS 255 COMPUTE STATISTICS 
  STORAGE(INITIAL 65536 NEXT 1048576 MINEXTENTS 1 MAXEXTENTS 2147483645
  PCTINCREASE 0 FREELISTS 1 FREELIST GROUPS 1 BUFFER_POOL DEFAULT FLASH_CACHE DEFAULT CELL_FLASH_CACHE DEFAULT)
  TABLESPACE "USERS"  ENABLE;
  ALTER TABLE "FLIGHT_DEV"."CON_CONTACT" MODIFY ("PK_CON_CONTACT" NOT NULL ENABLE);
--------------------------------------------------------
--  Constraints for Table FLI_FLIGHT_DISCOUNT_REASONS
--------------------------------------------------------

  ALTER TABLE "FLIGHT_DEV"."FLI_FLIGHT_DISCOUNT_REASONS" ADD CONSTRAINT "FLI_FLIGHT_DISCOUNT_REA_CON" PRIMARY KEY ("PK_FLI_FLIGHT_DISCOUNT_REASONS")
  USING INDEX PCTFREE 10 INITRANS 2 MAXTRANS 255 COMPUTE STATISTICS 
  STORAGE(INITIAL 65536 NEXT 1048576 MINEXTENTS 1 MAXEXTENTS 2147483645
  PCTINCREASE 0 FREELISTS 1 FREELIST GROUPS 1 BUFFER_POOL DEFAULT FLASH_CACHE DEFAULT CELL_FLASH_CACHE DEFAULT)
  TABLESPACE "USERS"  ENABLE;
--------------------------------------------------------
--  Constraints for Table MDT_MANDANT
--------------------------------------------------------

  ALTER TABLE "FLIGHT_DEV"."MDT_MANDANT" ADD CONSTRAINT "MDT_MANDANT_PK" PRIMARY KEY ("PK_MDT_MANDANT")
  USING INDEX PCTFREE 10 INITRANS 2 MAXTRANS 255 COMPUTE STATISTICS 
  STORAGE(INITIAL 65536 NEXT 1048576 MINEXTENTS 1 MAXEXTENTS 2147483645
  PCTINCREASE 0 FREELISTS 1 FREELIST GROUPS 1 BUFFER_POOL DEFAULT FLASH_CACHE DEFAULT CELL_FLASH_CACHE DEFAULT)
  TABLESPACE "USERS"  ENABLE;
  ALTER TABLE "FLIGHT_DEV"."MDT_MANDANT" MODIFY ("PK_MDT_MANDANT" NOT NULL ENABLE);
--------------------------------------------------------
--  Constraints for Table REL_DOC_CONTACT
--------------------------------------------------------

  ALTER TABLE "FLIGHT_DEV"."REL_DOC_CONTACT" ADD CONSTRAINT "REL_DOC_CONTACT_PK" PRIMARY KEY ("PK_REL_DOC_CONTACT")
  USING INDEX PCTFREE 10 INITRANS 2 MAXTRANS 255 COMPUTE STATISTICS 
  STORAGE(INITIAL 65536 NEXT 1048576 MINEXTENTS 1 MAXEXTENTS 2147483645
  PCTINCREASE 0 FREELISTS 1 FREELIST GROUPS 1 BUFFER_POOL DEFAULT FLASH_CACHE DEFAULT CELL_FLASH_CACHE DEFAULT)
  TABLESPACE "USERS"  ENABLE;
  ALTER TABLE "FLIGHT_DEV"."REL_DOC_CONTACT" MODIFY ("PK_REL_DOC_CONTACT" NOT NULL ENABLE);
--------------------------------------------------------
--  Constraints for Table APL_PLANE_TYPE
--------------------------------------------------------

  ALTER TABLE "FLIGHT_DEV"."APL_PLANE_TYPE" ADD CONSTRAINT "APL_PLANE_TYPE_PK" PRIMARY KEY ("PK_APL_PLANE_TYPE")
  USING INDEX PCTFREE 10 INITRANS 2 MAXTRANS 255 COMPUTE STATISTICS 
  STORAGE(INITIAL 65536 NEXT 1048576 MINEXTENTS 1 MAXEXTENTS 2147483645
  PCTINCREASE 0 FREELISTS 1 FREELIST GROUPS 1 BUFFER_POOL DEFAULT FLASH_CACHE DEFAULT CELL_FLASH_CACHE DEFAULT)
  TABLESPACE "USERS"  ENABLE;
  ALTER TABLE "FLIGHT_DEV"."APL_PLANE_TYPE" MODIFY ("PK_APL_PLANE_TYPE" NOT NULL ENABLE);
--------------------------------------------------------
--  Constraints for Table ADR_ADDRESS
--------------------------------------------------------

  ALTER TABLE "FLIGHT_DEV"."ADR_ADDRESS" ADD CONSTRAINT "ADR_ADDRESS_PK" PRIMARY KEY ("PK_ADR_ADDRESS")
  USING INDEX PCTFREE 10 INITRANS 2 MAXTRANS 255 COMPUTE STATISTICS 
  STORAGE(INITIAL 65536 NEXT 1048576 MINEXTENTS 1 MAXEXTENTS 2147483645
  PCTINCREASE 0 FREELISTS 1 FREELIST GROUPS 1 BUFFER_POOL DEFAULT FLASH_CACHE DEFAULT CELL_FLASH_CACHE DEFAULT)
  TABLESPACE "USERS"  ENABLE;
  ALTER TABLE "FLIGHT_DEV"."ADR_ADDRESS" MODIFY ("PK_ADR_ADDRESS" NOT NULL ENABLE);
--------------------------------------------------------
--  Constraints for Table PLA_ENGINE_TYPE
--------------------------------------------------------

  ALTER TABLE "FLIGHT_DEV"."PLA_ENGINE_TYPE" ADD CONSTRAINT "APL_ENGINE_TYPE_PK" PRIMARY KEY ("PK_PLA_ENGINE_TYPE")
  USING INDEX PCTFREE 10 INITRANS 2 MAXTRANS 255 COMPUTE STATISTICS 
  STORAGE(INITIAL 65536 NEXT 1048576 MINEXTENTS 1 MAXEXTENTS 2147483645
  PCTINCREASE 0 FREELISTS 1 FREELIST GROUPS 1 BUFFER_POOL DEFAULT FLASH_CACHE DEFAULT CELL_FLASH_CACHE DEFAULT)
  TABLESPACE "USERS"  ENABLE;
  ALTER TABLE "FLIGHT_DEV"."PLA_ENGINE_TYPE" MODIFY ("PK_PLA_ENGINE_TYPE" NOT NULL ENABLE);
--------------------------------------------------------
--  Constraints for Table APL_MAINT
--------------------------------------------------------

  ALTER TABLE "FLIGHT_DEV"."APL_MAINT" ADD CONSTRAINT "APL_MAINT_PK" PRIMARY KEY ("PK_APL_MAINT")
  USING INDEX PCTFREE 10 INITRANS 2 MAXTRANS 255 COMPUTE STATISTICS 
  STORAGE(INITIAL 65536 NEXT 1048576 MINEXTENTS 1 MAXEXTENTS 2147483645
  PCTINCREASE 0 FREELISTS 1 FREELIST GROUPS 1 BUFFER_POOL DEFAULT FLASH_CACHE DEFAULT CELL_FLASH_CACHE DEFAULT)
  TABLESPACE "USERS"  ENABLE;
  ALTER TABLE "FLIGHT_DEV"."APL_MAINT" MODIFY ("PK_APL_MAINT" NOT NULL ENABLE);
--------------------------------------------------------
--  Constraints for Table CON_CONTACT_TYPE
--------------------------------------------------------

  ALTER TABLE "FLIGHT_DEV"."CON_CONTACT_TYPE" ADD CONSTRAINT "CON_CONTACT_TYPE_PK" PRIMARY KEY ("PK_CON_CONTACT_TYPE")
  USING INDEX PCTFREE 10 INITRANS 2 MAXTRANS 255 COMPUTE STATISTICS 
  STORAGE(INITIAL 65536 NEXT 1048576 MINEXTENTS 1 MAXEXTENTS 2147483645
  PCTINCREASE 0 FREELISTS 1 FREELIST GROUPS 1 BUFFER_POOL DEFAULT FLASH_CACHE DEFAULT CELL_FLASH_CACHE DEFAULT)
  TABLESPACE "USERS"  ENABLE;
  ALTER TABLE "FLIGHT_DEV"."CON_CONTACT_TYPE" MODIFY ("PK_CON_CONTACT_TYPE" NOT NULL ENABLE);
--------------------------------------------------------
--  Constraints for Table ADR_CITY
--------------------------------------------------------

  ALTER TABLE "FLIGHT_DEV"."ADR_CITY" ADD CONSTRAINT "ADR_CITY_PK" PRIMARY KEY ("PK_ADR_CITY")
  USING INDEX PCTFREE 10 INITRANS 2 MAXTRANS 255 COMPUTE STATISTICS 
  STORAGE(INITIAL 65536 NEXT 1048576 MINEXTENTS 1 MAXEXTENTS 2147483645
  PCTINCREASE 0 FREELISTS 1 FREELIST GROUPS 1 BUFFER_POOL DEFAULT FLASH_CACHE DEFAULT CELL_FLASH_CACHE DEFAULT)
  TABLESPACE "USERS"  ENABLE;
  ALTER TABLE "FLIGHT_DEV"."ADR_CITY" MODIFY ("PK_ADR_CITY" NOT NULL ENABLE);
--------------------------------------------------------
--  Constraints for Table BOR_BORD_LOG_ENTRY
--------------------------------------------------------

  ALTER TABLE "FLIGHT_DEV"."BOR_BORD_LOG_ENTRY" ADD CONSTRAINT "BOR_BORD_LOG_ENTRY_PK" PRIMARY KEY ("PK_BOR_BORD_LOG_ENTRY")
  USING INDEX PCTFREE 10 INITRANS 2 MAXTRANS 255 COMPUTE STATISTICS 
  STORAGE(INITIAL 65536 NEXT 1048576 MINEXTENTS 1 MAXEXTENTS 2147483645
  PCTINCREASE 0 FREELISTS 1 FREELIST GROUPS 1 BUFFER_POOL DEFAULT FLASH_CACHE DEFAULT CELL_FLASH_CACHE DEFAULT)
  TABLESPACE "USERS"  ENABLE;
  ALTER TABLE "FLIGHT_DEV"."BOR_BORD_LOG_ENTRY" MODIFY ("PK_BOR_BORD_LOG_ENTRY" NOT NULL ENABLE);
--------------------------------------------------------
--  Constraints for Table REL_ORG_UNIT_CON
--------------------------------------------------------

  ALTER TABLE "FLIGHT_DEV"."REL_ORG_UNIT_CON" ADD CONSTRAINT "REL_ORG_UNIT_CONTACT_PK" PRIMARY KEY ("PK_ORG_UNIT_CON")
  USING INDEX PCTFREE 10 INITRANS 2 MAXTRANS 255 COMPUTE STATISTICS 
  STORAGE(INITIAL 65536 NEXT 1048576 MINEXTENTS 1 MAXEXTENTS 2147483645
  PCTINCREASE 0 FREELISTS 1 FREELIST GROUPS 1 BUFFER_POOL DEFAULT FLASH_CACHE DEFAULT CELL_FLASH_CACHE DEFAULT)
  TABLESPACE "USERS"  ENABLE;
  ALTER TABLE "FLIGHT_DEV"."REL_ORG_UNIT_CON" MODIFY ("PK_ORG_UNIT_CON" NOT NULL ENABLE);
--------------------------------------------------------
--  Constraints for Table REL_DOC_HANGAR
--------------------------------------------------------

  ALTER TABLE "FLIGHT_DEV"."REL_DOC_HANGAR" ADD CONSTRAINT "REL_DOC_HANGAR_PK" PRIMARY KEY ("PK_REL_DOC_HANGAR")
  USING INDEX PCTFREE 10 INITRANS 2 MAXTRANS 255 COMPUTE STATISTICS 
  STORAGE(INITIAL 65536 NEXT 1048576 MINEXTENTS 1 MAXEXTENTS 2147483645
  PCTINCREASE 0 FREELISTS 1 FREELIST GROUPS 1 BUFFER_POOL DEFAULT FLASH_CACHE DEFAULT CELL_FLASH_CACHE DEFAULT)
  TABLESPACE "USERS"  ENABLE;
  ALTER TABLE "FLIGHT_DEV"."REL_DOC_HANGAR" MODIFY ("PK_REL_DOC_HANGAR" NOT NULL ENABLE);
--------------------------------------------------------
--  Constraints for Table ORG_UNIT_REL_TYPE
--------------------------------------------------------

  ALTER TABLE "FLIGHT_DEV"."ORG_UNIT_REL_TYPE" ADD CONSTRAINT "ORG_UNIT_REL_TYPE_PK" PRIMARY KEY ("PK_ORG_UNIT_REL_TYPE")
  USING INDEX PCTFREE 10 INITRANS 2 MAXTRANS 255 COMPUTE STATISTICS 
  STORAGE(INITIAL 65536 NEXT 1048576 MINEXTENTS 1 MAXEXTENTS 2147483645
  PCTINCREASE 0 FREELISTS 1 FREELIST GROUPS 1 BUFFER_POOL DEFAULT FLASH_CACHE DEFAULT CELL_FLASH_CACHE DEFAULT)
  TABLESPACE "USERS"  ENABLE;
  ALTER TABLE "FLIGHT_DEV"."ORG_UNIT_REL_TYPE" MODIFY ("PK_ORG_UNIT_REL_TYPE" NOT NULL ENABLE);
--------------------------------------------------------
--  Constraints for Table REL_INV_PL_FLI_CH
--------------------------------------------------------

  ALTER TABLE "FLIGHT_DEV"."REL_INV_PL_FLI_CH" ADD CONSTRAINT "REL_INV_PL_FLI_CH_PK" PRIMARY KEY ("PK_INV_PL_FLI_CH")
  USING INDEX PCTFREE 10 INITRANS 2 MAXTRANS 255 COMPUTE STATISTICS 
  STORAGE(INITIAL 65536 NEXT 1048576 MINEXTENTS 1 MAXEXTENTS 2147483645
  PCTINCREASE 0 FREELISTS 1 FREELIST GROUPS 1 BUFFER_POOL DEFAULT FLASH_CACHE DEFAULT CELL_FLASH_CACHE DEFAULT)
  TABLESPACE "USERS"  ENABLE;
  ALTER TABLE "FLIGHT_DEV"."REL_INV_PL_FLI_CH" MODIFY ("PK_INV_PL_FLI_CH" NOT NULL ENABLE);
--------------------------------------------------------
--  Constraints for Table REL_CONTACT_ADDRESS
--------------------------------------------------------

  ALTER TABLE "FLIGHT_DEV"."REL_CONTACT_ADDRESS" ADD CONSTRAINT "REL_CONTACT_ADDRESS_PK" PRIMARY KEY ("PK_REL_CONTACT_ADDRESS")
  USING INDEX PCTFREE 10 INITRANS 2 MAXTRANS 255 COMPUTE STATISTICS 
  STORAGE(INITIAL 65536 NEXT 1048576 MINEXTENTS 1 MAXEXTENTS 2147483645
  PCTINCREASE 0 FREELISTS 1 FREELIST GROUPS 1 BUFFER_POOL DEFAULT FLASH_CACHE DEFAULT CELL_FLASH_CACHE DEFAULT)
  TABLESPACE "USERS"  ENABLE;
  ALTER TABLE "FLIGHT_DEV"."REL_CONTACT_ADDRESS" MODIFY ("PK_REL_CONTACT_ADDRESS" NOT NULL ENABLE);
--------------------------------------------------------
--  Constraints for Table REL_PLANE_FLIGHT
--------------------------------------------------------

  ALTER TABLE "FLIGHT_DEV"."REL_PLANE_FLIGHT" ADD CONSTRAINT "REL_PLANE_FLIGHT_PK" PRIMARY KEY ("PK_PLANE_FLIGHT")
  USING INDEX PCTFREE 10 INITRANS 2 MAXTRANS 255 COMPUTE STATISTICS 
  STORAGE(INITIAL 65536 NEXT 1048576 MINEXTENTS 1 MAXEXTENTS 2147483645
  PCTINCREASE 0 FREELISTS 1 FREELIST GROUPS 1 BUFFER_POOL DEFAULT FLASH_CACHE DEFAULT CELL_FLASH_CACHE DEFAULT)
  TABLESPACE "USERS"  ENABLE;
  ALTER TABLE "FLIGHT_DEV"."REL_PLANE_FLIGHT" MODIFY ("PK_PLANE_FLIGHT" NOT NULL ENABLE);
--------------------------------------------------------
--  Constraints for Table DOC_DOCUMENT_TYPE
--------------------------------------------------------

  ALTER TABLE "FLIGHT_DEV"."DOC_DOCUMENT_TYPE" ADD CONSTRAINT "DOC_DOCUMENT_TYPE_PK" PRIMARY KEY ("PK_DOC_DOCUMENT_TYPE")
  USING INDEX PCTFREE 10 INITRANS 2 MAXTRANS 255 COMPUTE STATISTICS 
  STORAGE(INITIAL 65536 NEXT 1048576 MINEXTENTS 1 MAXEXTENTS 2147483645
  PCTINCREASE 0 FREELISTS 1 FREELIST GROUPS 1 BUFFER_POOL DEFAULT FLASH_CACHE DEFAULT CELL_FLASH_CACHE DEFAULT)
  TABLESPACE "USERS"  ENABLE;
  ALTER TABLE "FLIGHT_DEV"."DOC_DOCUMENT_TYPE" MODIFY ("FK_MDT_MANDANT" NOT NULL ENABLE);
  ALTER TABLE "FLIGHT_DEV"."DOC_DOCUMENT_TYPE" MODIFY ("PK_DOC_DOCUMENT_TYPE" NOT NULL ENABLE);
--------------------------------------------------------
--  Constraints for Table REL_AIRPORT_LOCATION
--------------------------------------------------------

  ALTER TABLE "FLIGHT_DEV"."REL_AIRPORT_LOCATION" ADD CONSTRAINT "REL_AIRPORT_LOCATION_CON" PRIMARY KEY ("PK_REL_AIRPORT_LOCATION")
  USING INDEX PCTFREE 10 INITRANS 2 MAXTRANS 255 COMPUTE STATISTICS 
  STORAGE(INITIAL 65536 NEXT 1048576 MINEXTENTS 1 MAXEXTENTS 2147483645
  PCTINCREASE 0 FREELISTS 1 FREELIST GROUPS 1 BUFFER_POOL DEFAULT FLASH_CACHE DEFAULT CELL_FLASH_CACHE DEFAULT)
  TABLESPACE "USERS"  ENABLE;
--------------------------------------------------------
--  Constraints for Table RES_RESERVATION
--------------------------------------------------------

  ALTER TABLE "FLIGHT_DEV"."RES_RESERVATION" ADD CONSTRAINT "RES_RESERVATION_PK" PRIMARY KEY ("PK_RES_RESERVATION")
  USING INDEX PCTFREE 10 INITRANS 2 MAXTRANS 255 COMPUTE STATISTICS 
  STORAGE(INITIAL 65536 NEXT 1048576 MINEXTENTS 1 MAXEXTENTS 2147483645
  PCTINCREASE 0 FREELISTS 1 FREELIST GROUPS 1 BUFFER_POOL DEFAULT FLASH_CACHE DEFAULT CELL_FLASH_CACHE DEFAULT)
  TABLESPACE "USERS"  ENABLE;
  ALTER TABLE "FLIGHT_DEV"."RES_RESERVATION" MODIFY ("PK_RES_RESERVATION" NOT NULL ENABLE);
--------------------------------------------------------
--  Constraints for Table DOC_USAGE_TYPE
--------------------------------------------------------

  ALTER TABLE "FLIGHT_DEV"."DOC_USAGE_TYPE" ADD CONSTRAINT "DOC_USAGE_TYPE_PK" PRIMARY KEY ("PK_DOC_USAGE_TYPE")
  USING INDEX PCTFREE 10 INITRANS 2 MAXTRANS 255 COMPUTE STATISTICS 
  STORAGE(INITIAL 65536 NEXT 1048576 MINEXTENTS 1 MAXEXTENTS 2147483645
  PCTINCREASE 0 FREELISTS 1 FREELIST GROUPS 1 BUFFER_POOL DEFAULT FLASH_CACHE DEFAULT CELL_FLASH_CACHE DEFAULT)
  TABLESPACE "USERS"  ENABLE;
  ALTER TABLE "FLIGHT_DEV"."DOC_USAGE_TYPE" MODIFY ("PK_DOC_USAGE_TYPE" NOT NULL ENABLE);
--------------------------------------------------------
--  Constraints for Table APL_MAINT_PROGR
--------------------------------------------------------

  ALTER TABLE "FLIGHT_DEV"."APL_MAINT_PROGR" ADD CONSTRAINT "APL_MAINT_PROGR_PK" PRIMARY KEY ("PK_APL_MAINT_PROGR")
  USING INDEX PCTFREE 10 INITRANS 2 MAXTRANS 255 COMPUTE STATISTICS 
  STORAGE(INITIAL 65536 NEXT 1048576 MINEXTENTS 1 MAXEXTENTS 2147483645
  PCTINCREASE 0 FREELISTS 1 FREELIST GROUPS 1 BUFFER_POOL DEFAULT FLASH_CACHE DEFAULT CELL_FLASH_CACHE DEFAULT)
  TABLESPACE "USERS"  ENABLE;
  ALTER TABLE "FLIGHT_DEV"."APL_MAINT_PROGR" MODIFY ("PK_APL_MAINT_PROGR" NOT NULL ENABLE);
--------------------------------------------------------
--  Constraints for Table HAN_HANGAR
--------------------------------------------------------

  ALTER TABLE "FLIGHT_DEV"."HAN_HANGAR" ADD CONSTRAINT "HAN_HANGAR_CON" PRIMARY KEY ("PK_HAN_HANGAR")
  USING INDEX PCTFREE 10 INITRANS 2 MAXTRANS 255 COMPUTE STATISTICS 
  STORAGE(INITIAL 65536 NEXT 1048576 MINEXTENTS 1 MAXEXTENTS 2147483645
  PCTINCREASE 0 FREELISTS 1 FREELIST GROUPS 1 BUFFER_POOL DEFAULT FLASH_CACHE DEFAULT CELL_FLASH_CACHE DEFAULT)
  TABLESPACE "USERS"  ENABLE;
--------------------------------------------------------
--  Constraints for Table INV_INVOICE_TYPE
--------------------------------------------------------

  ALTER TABLE "FLIGHT_DEV"."INV_INVOICE_TYPE" ADD CONSTRAINT "INV_INVOICE_TYPE_CON" PRIMARY KEY ("PK_INV_INVOICE_TYPE")
  USING INDEX PCTFREE 10 INITRANS 2 MAXTRANS 255 COMPUTE STATISTICS 
  STORAGE(INITIAL 65536 NEXT 1048576 MINEXTENTS 1 MAXEXTENTS 2147483645
  PCTINCREASE 0 FREELISTS 1 FREELIST GROUPS 1 BUFFER_POOL DEFAULT FLASH_CACHE DEFAULT CELL_FLASH_CACHE DEFAULT)
  TABLESPACE "USERS"  ENABLE;
--------------------------------------------------------
--  Constraints for Table LAN_LANDING
--------------------------------------------------------

  ALTER TABLE "FLIGHT_DEV"."LAN_LANDING" ADD CONSTRAINT "LAN_LANDING_CON" PRIMARY KEY ("PK_LAN_LANDING")
  USING INDEX PCTFREE 10 INITRANS 2 MAXTRANS 255 COMPUTE STATISTICS 
  STORAGE(INITIAL 65536 NEXT 1048576 MINEXTENTS 1 MAXEXTENTS 2147483645
  PCTINCREASE 0 FREELISTS 1 FREELIST GROUPS 1 BUFFER_POOL DEFAULT FLASH_CACHE DEFAULT CELL_FLASH_CACHE DEFAULT)
  TABLESPACE "USERS"  ENABLE;
--------------------------------------------------------
--  Constraints for Table PAY_PAYMENT_TYPE
--------------------------------------------------------

  ALTER TABLE "FLIGHT_DEV"."PAY_PAYMENT_TYPE" ADD CONSTRAINT "PAY_PAYMENT_TYPE_CON" PRIMARY KEY ("PK_PAY_PAYMENT_TYPE")
  USING INDEX PCTFREE 10 INITRANS 2 MAXTRANS 255 COMPUTE STATISTICS 
  STORAGE(INITIAL 65536 NEXT 1048576 MINEXTENTS 1 MAXEXTENTS 2147483645
  PCTINCREASE 0 FREELISTS 1 FREELIST GROUPS 1 BUFFER_POOL DEFAULT FLASH_CACHE DEFAULT CELL_FLASH_CACHE DEFAULT)
  TABLESPACE "USERS"  ENABLE;
--------------------------------------------------------
--  Constraints for Table PAY_PAYMENT
--------------------------------------------------------

  ALTER TABLE "FLIGHT_DEV"."PAY_PAYMENT" ADD CONSTRAINT "PAY_PAYMENT_CON" PRIMARY KEY ("PK_PAY_PAYMENT")
  USING INDEX PCTFREE 10 INITRANS 2 MAXTRANS 255 COMPUTE STATISTICS 
  STORAGE(INITIAL 65536 NEXT 1048576 MINEXTENTS 1 MAXEXTENTS 2147483645
  PCTINCREASE 0 FREELISTS 1 FREELIST GROUPS 1 BUFFER_POOL DEFAULT FLASH_CACHE DEFAULT CELL_FLASH_CACHE DEFAULT)
  TABLESPACE "USERS"  ENABLE;
--------------------------------------------------------
--  Constraints for Table REL_PAY_PLANE_FLI_CH
--------------------------------------------------------

  ALTER TABLE "FLIGHT_DEV"."REL_PAY_PLANE_FLI_CH" ADD CONSTRAINT "REL_PAY_PLANE_FLI_CH_PK" PRIMARY KEY ("PK_PAY_PLANE_FLI_CH")
  USING INDEX PCTFREE 10 INITRANS 2 MAXTRANS 255 COMPUTE STATISTICS 
  STORAGE(INITIAL 65536 NEXT 1048576 MINEXTENTS 1 MAXEXTENTS 2147483645
  PCTINCREASE 0 FREELISTS 1 FREELIST GROUPS 1 BUFFER_POOL DEFAULT FLASH_CACHE DEFAULT CELL_FLASH_CACHE DEFAULT)
  TABLESPACE "USERS"  ENABLE;
  ALTER TABLE "FLIGHT_DEV"."REL_PAY_PLANE_FLI_CH" MODIFY ("PK_PAY_PLANE_FLI_CH" NOT NULL ENABLE);
--------------------------------------------------------
--  Constraints for Table REL_DOC_FLIGHT
--------------------------------------------------------

  ALTER TABLE "FLIGHT_DEV"."REL_DOC_FLIGHT" ADD CONSTRAINT "REL_DOC_FLIGHT_PK" PRIMARY KEY ("PK_REL_DOC_FLIGHT")
  USING INDEX PCTFREE 10 INITRANS 2 MAXTRANS 255 COMPUTE STATISTICS 
  STORAGE(INITIAL 65536 NEXT 1048576 MINEXTENTS 1 MAXEXTENTS 2147483645
  PCTINCREASE 0 FREELISTS 1 FREELIST GROUPS 1 BUFFER_POOL DEFAULT FLASH_CACHE DEFAULT CELL_FLASH_CACHE DEFAULT)
  TABLESPACE "USERS"  ENABLE;
  ALTER TABLE "FLIGHT_DEV"."REL_DOC_FLIGHT" MODIFY ("PK_REL_DOC_FLIGHT" NOT NULL ENABLE);
--------------------------------------------------------
--  Constraints for Table BOR_BORD_LOG
--------------------------------------------------------

  ALTER TABLE "FLIGHT_DEV"."BOR_BORD_LOG" ADD CONSTRAINT "BOR_BORD_LOG_PK" PRIMARY KEY ("PK_BOR_BORD_LOG")
  USING INDEX PCTFREE 10 INITRANS 2 MAXTRANS 255 COMPUTE STATISTICS 
  STORAGE(INITIAL 65536 NEXT 1048576 MINEXTENTS 1 MAXEXTENTS 2147483645
  PCTINCREASE 0 FREELISTS 1 FREELIST GROUPS 1 BUFFER_POOL DEFAULT FLASH_CACHE DEFAULT CELL_FLASH_CACHE DEFAULT)
  TABLESPACE "USERS"  ENABLE;
  ALTER TABLE "FLIGHT_DEV"."BOR_BORD_LOG" MODIFY ("PK_BOR_BORD_LOG" NOT NULL ENABLE);
--------------------------------------------------------
--  Constraints for Table DEPT
--------------------------------------------------------

  ALTER TABLE "FLIGHT_DEV"."DEPT" ADD PRIMARY KEY ("DEPTNO")
  USING INDEX PCTFREE 10 INITRANS 2 MAXTRANS 255 COMPUTE STATISTICS 
  STORAGE(INITIAL 65536 NEXT 1048576 MINEXTENTS 1 MAXEXTENTS 2147483645
  PCTINCREASE 0 FREELISTS 1 FREELIST GROUPS 1 BUFFER_POOL DEFAULT FLASH_CACHE DEFAULT CELL_FLASH_CACHE DEFAULT)
  TABLESPACE "USERS"  ENABLE;
--------------------------------------------------------
--  Constraints for Table FLI_FLIGHT_COMMENTS
--------------------------------------------------------

  ALTER TABLE "FLIGHT_DEV"."FLI_FLIGHT_COMMENTS" ADD CONSTRAINT "FLI_FLIGHT_COMMENTS_CON" PRIMARY KEY ("PK_FLI_FLIGHT_COMMENTS")
  USING INDEX PCTFREE 10 INITRANS 2 MAXTRANS 255 COMPUTE STATISTICS 
  STORAGE(INITIAL 65536 NEXT 1048576 MINEXTENTS 1 MAXEXTENTS 2147483645
  PCTINCREASE 0 FREELISTS 1 FREELIST GROUPS 1 BUFFER_POOL DEFAULT FLASH_CACHE DEFAULT CELL_FLASH_CACHE DEFAULT)
  TABLESPACE "USERS"  ENABLE;
--------------------------------------------------------
--  Constraints for Table ADR_COUNTRY
--------------------------------------------------------

  ALTER TABLE "FLIGHT_DEV"."ADR_COUNTRY" ADD CONSTRAINT "ADR_COUNTRY_PK" PRIMARY KEY ("PK_ADR_COUNTRY")
  USING INDEX PCTFREE 10 INITRANS 2 MAXTRANS 255 COMPUTE STATISTICS 
  STORAGE(INITIAL 65536 NEXT 1048576 MINEXTENTS 1 MAXEXTENTS 2147483645
  PCTINCREASE 0 FREELISTS 1 FREELIST GROUPS 1 BUFFER_POOL DEFAULT FLASH_CACHE DEFAULT CELL_FLASH_CACHE DEFAULT)
  TABLESPACE "USERS"  ENABLE;
  ALTER TABLE "FLIGHT_DEV"."ADR_COUNTRY" MODIFY ("PK_ADR_COUNTRY" NOT NULL ENABLE);
--------------------------------------------------------
--  Constraints for Table ORG_UNIT
--------------------------------------------------------

  ALTER TABLE "FLIGHT_DEV"."ORG_UNIT" ADD CONSTRAINT "ORG_UNIT_PK" PRIMARY KEY ("PK_ORG_UNIT")
  USING INDEX PCTFREE 10 INITRANS 2 MAXTRANS 255 COMPUTE STATISTICS 
  STORAGE(INITIAL 65536 NEXT 1048576 MINEXTENTS 1 MAXEXTENTS 2147483645
  PCTINCREASE 0 FREELISTS 1 FREELIST GROUPS 1 BUFFER_POOL DEFAULT FLASH_CACHE DEFAULT CELL_FLASH_CACHE DEFAULT)
  TABLESPACE "USERS"  ENABLE;
  ALTER TABLE "FLIGHT_DEV"."ORG_UNIT" MODIFY ("PK_ORG_UNIT" NOT NULL ENABLE);
--------------------------------------------------------
--  Constraints for Table BOR_BORD_LOG_ENTRY_GRP
--------------------------------------------------------

  ALTER TABLE "FLIGHT_DEV"."BOR_BORD_LOG_ENTRY_GRP" ADD CONSTRAINT "BOR_BORD_LOG_ENTRY_GRP_PK" PRIMARY KEY ("PK_BOR_BORD_LOG_ENTRY_GRP")
  USING INDEX PCTFREE 10 INITRANS 2 MAXTRANS 255 COMPUTE STATISTICS 
  STORAGE(INITIAL 65536 NEXT 1048576 MINEXTENTS 1 MAXEXTENTS 2147483645
  PCTINCREASE 0 FREELISTS 1 FREELIST GROUPS 1 BUFFER_POOL DEFAULT FLASH_CACHE DEFAULT CELL_FLASH_CACHE DEFAULT)
  TABLESPACE "USERS"  ENABLE;
  ALTER TABLE "FLIGHT_DEV"."BOR_BORD_LOG_ENTRY_GRP" MODIFY ("PK_BOR_BORD_LOG_ENTRY_GRP" NOT NULL ENABLE);
--------------------------------------------------------
--  Constraints for Table ORG_UNIT_TYPE
--------------------------------------------------------

  ALTER TABLE "FLIGHT_DEV"."ORG_UNIT_TYPE" ADD CONSTRAINT "ORG_UNIT_TYPE_PK" PRIMARY KEY ("PK_ORG_UNIT_TYPE")
  USING INDEX PCTFREE 10 INITRANS 2 MAXTRANS 255 COMPUTE STATISTICS 
  STORAGE(INITIAL 65536 NEXT 1048576 MINEXTENTS 1 MAXEXTENTS 2147483645
  PCTINCREASE 0 FREELISTS 1 FREELIST GROUPS 1 BUFFER_POOL DEFAULT FLASH_CACHE DEFAULT CELL_FLASH_CACHE DEFAULT)
  TABLESPACE "USERS"  ENABLE;
  ALTER TABLE "FLIGHT_DEV"."ORG_UNIT_TYPE" MODIFY ("PK_ORG_UNIT_TYPE" NOT NULL ENABLE);
--------------------------------------------------------
--  Constraints for Table REL_PLANE_FLIGHT_CHARTERER
--------------------------------------------------------

  ALTER TABLE "FLIGHT_DEV"."REL_PLANE_FLIGHT_CHARTERER" ADD CONSTRAINT "REL_PLANE_FLIGHT_CHARTERER_PK" PRIMARY KEY ("PK_REL_PLANE_FLIGHT_CHARTERER")
  USING INDEX PCTFREE 10 INITRANS 2 MAXTRANS 255 COMPUTE STATISTICS 
  STORAGE(INITIAL 65536 NEXT 1048576 MINEXTENTS 1 MAXEXTENTS 2147483645
  PCTINCREASE 0 FREELISTS 1 FREELIST GROUPS 1 BUFFER_POOL DEFAULT FLASH_CACHE DEFAULT CELL_FLASH_CACHE DEFAULT)
  TABLESPACE "USERS"  ENABLE;
  ALTER TABLE "FLIGHT_DEV"."REL_PLANE_FLIGHT_CHARTERER" MODIFY ("PK_REL_PLANE_FLIGHT_CHARTERER" NOT NULL ENABLE);
--------------------------------------------------------
--  Constraints for Table REL_ORG_UNIT_CON_ORG_REL_TYPE
--------------------------------------------------------

  ALTER TABLE "FLIGHT_DEV"."REL_ORG_UNIT_CON_ORG_REL_TYPE" MODIFY ("PK_ORG_UNIT_CON_ORG_REL_TYPE" NOT NULL ENABLE);
  ALTER TABLE "FLIGHT_DEV"."REL_ORG_UNIT_CON_ORG_REL_TYPE" ADD CONSTRAINT "REL_ORG_UNIT_CON_CON_TYPE_PK" PRIMARY KEY ("PK_ORG_UNIT_CON_ORG_REL_TYPE")
  USING INDEX PCTFREE 10 INITRANS 2 MAXTRANS 255 COMPUTE STATISTICS 
  STORAGE(INITIAL 65536 NEXT 1048576 MINEXTENTS 1 MAXEXTENTS 2147483645
  PCTINCREASE 0 FREELISTS 1 FREELIST GROUPS 1 BUFFER_POOL DEFAULT FLASH_CACHE DEFAULT CELL_FLASH_CACHE DEFAULT)
  TABLESPACE "USERS"  ENABLE;
--------------------------------------------------------
--  Constraints for Table REL_CONTACT_BANKACCOUNT
--------------------------------------------------------

  ALTER TABLE "FLIGHT_DEV"."REL_CONTACT_BANKACCOUNT" ADD CONSTRAINT "REL_CONTACT_BANKACCOUNT_PK" PRIMARY KEY ("PK_CONTACT_BANKACCOUNT")
  USING INDEX PCTFREE 10 INITRANS 2 MAXTRANS 255 COMPUTE STATISTICS 
  STORAGE(INITIAL 65536 NEXT 1048576 MINEXTENTS 1 MAXEXTENTS 2147483645
  PCTINCREASE 0 FREELISTS 1 FREELIST GROUPS 1 BUFFER_POOL DEFAULT FLASH_CACHE DEFAULT CELL_FLASH_CACHE DEFAULT)
  TABLESPACE "USERS"  ENABLE;
  ALTER TABLE "FLIGHT_DEV"."REL_CONTACT_BANKACCOUNT" MODIFY ("PK_CONTACT_BANKACCOUNT" NOT NULL ENABLE);
--------------------------------------------------------
--  Constraints for Table DOC_DOCUMENT
--------------------------------------------------------

  ALTER TABLE "FLIGHT_DEV"."DOC_DOCUMENT" ADD CONSTRAINT "DOC_DOCUMENT_PK" PRIMARY KEY ("PK_DOC_DOCUMENT")
  USING INDEX PCTFREE 10 INITRANS 2 MAXTRANS 255 COMPUTE STATISTICS 
  STORAGE(INITIAL 65536 NEXT 1048576 MINEXTENTS 1 MAXEXTENTS 2147483645
  PCTINCREASE 0 FREELISTS 1 FREELIST GROUPS 1 BUFFER_POOL DEFAULT FLASH_CACHE DEFAULT CELL_FLASH_CACHE DEFAULT)
  TABLESPACE "USERS"  ENABLE;
  ALTER TABLE "FLIGHT_DEV"."DOC_DOCUMENT" MODIFY ("PK_DOC_DOCUMENT" NOT NULL ENABLE);
--------------------------------------------------------
--  Constraints for Table INV_INVOICE
--------------------------------------------------------

  ALTER TABLE "FLIGHT_DEV"."INV_INVOICE" ADD CONSTRAINT "INV_INVOICE_CON" PRIMARY KEY ("PK_INV_INVOICE")
  USING INDEX PCTFREE 10 INITRANS 2 MAXTRANS 255 COMPUTE STATISTICS 
  STORAGE(INITIAL 65536 NEXT 1048576 MINEXTENTS 1 MAXEXTENTS 2147483645
  PCTINCREASE 0 FREELISTS 1 FREELIST GROUPS 1 BUFFER_POOL DEFAULT FLASH_CACHE DEFAULT CELL_FLASH_CACHE DEFAULT)
  TABLESPACE "USERS"  ENABLE;
--------------------------------------------------------
--  Ref Constraints for Table ADR_ADDRESS
--------------------------------------------------------

  ALTER TABLE "FLIGHT_DEV"."ADR_ADDRESS" ADD CONSTRAINT "ADR_ADDRESS_FK1" FOREIGN KEY ("FK_MDT_MANDANT")
	  REFERENCES "FLIGHT_DEV"."MDT_MANDANT" ("PK_MDT_MANDANT") ENABLE;
  ALTER TABLE "FLIGHT_DEV"."ADR_ADDRESS" ADD CONSTRAINT "ADR_ADDRESS_FK2" FOREIGN KEY ("FK_ADR_CITY")
	  REFERENCES "FLIGHT_DEV"."ADR_CITY" ("PK_ADR_CITY") ENABLE;
--------------------------------------------------------
--  Ref Constraints for Table ADR_CITY
--------------------------------------------------------

  ALTER TABLE "FLIGHT_DEV"."ADR_CITY" ADD CONSTRAINT "ADR_CITY_FK1" FOREIGN KEY ("FK_ADR_COUNTRY")
	  REFERENCES "FLIGHT_DEV"."ADR_COUNTRY" ("PK_ADR_COUNTRY") ENABLE;
--------------------------------------------------------
--  Ref Constraints for Table APL_MAINT
--------------------------------------------------------

  ALTER TABLE "FLIGHT_DEV"."APL_MAINT" ADD CONSTRAINT "APL_MAINT_FK1" FOREIGN KEY ("FK_MDT_MANDANT")
	  REFERENCES "FLIGHT_DEV"."MDT_MANDANT" ("PK_MDT_MANDANT") ENABLE;
  ALTER TABLE "FLIGHT_DEV"."APL_MAINT" ADD CONSTRAINT "APL_MAINT_FK2" FOREIGN KEY ("FK_APL_MAINT_PROGR")
	  REFERENCES "FLIGHT_DEV"."APL_MAINT_PROGR" ("PK_APL_MAINT_PROGR") ENABLE;
--------------------------------------------------------
--  Ref Constraints for Table APL_MAINT_PROGR
--------------------------------------------------------

  ALTER TABLE "FLIGHT_DEV"."APL_MAINT_PROGR" ADD CONSTRAINT "APL_MAINT_PROGR_FK1" FOREIGN KEY ("FK_MDT_MANDANT")
	  REFERENCES "FLIGHT_DEV"."MDT_MANDANT" ("PK_MDT_MANDANT") ENABLE;
--------------------------------------------------------
--  Ref Constraints for Table BOR_BORD_LOG_ENTRY_GRP
--------------------------------------------------------

  ALTER TABLE "FLIGHT_DEV"."BOR_BORD_LOG_ENTRY_GRP" ADD CONSTRAINT "BOR_BORD_LOG_ENTRY_GRP_FK1" FOREIGN KEY ("FK_MDT_MANDANT")
	  REFERENCES "FLIGHT_DEV"."MDT_MANDANT" ("PK_MDT_MANDANT") ENABLE;
--------------------------------------------------------
--  Ref Constraints for Table BOR_BORD_LOG_ENTRY_HOB_RPM
--------------------------------------------------------

  ALTER TABLE "FLIGHT_DEV"."BOR_BORD_LOG_ENTRY_HOB_RPM" ADD CONSTRAINT "BOR_BORD_LOG_ENTRY_HOB_RP_FK1" FOREIGN KEY ("FK_MDT_MANDANT")
	  REFERENCES "FLIGHT_DEV"."MDT_MANDANT" ("PK_MDT_MANDANT") ENABLE;
--------------------------------------------------------
--  Ref Constraints for Table CON_CONTACT
--------------------------------------------------------

  ALTER TABLE "FLIGHT_DEV"."CON_CONTACT" ADD CONSTRAINT "CON_CONTACT_FK1" FOREIGN KEY ("FK_MDT_MANDANT")
	  REFERENCES "FLIGHT_DEV"."MDT_MANDANT" ("PK_MDT_MANDANT") ENABLE;
  ALTER TABLE "FLIGHT_DEV"."CON_CONTACT" ADD CONSTRAINT "CON_CONTACT_FK2" FOREIGN KEY ("FK_CON_CONTACT_TYPE")
	  REFERENCES "FLIGHT_DEV"."CON_CONTACT_TYPE" ("PK_CON_CONTACT_TYPE") ENABLE;
  ALTER TABLE "FLIGHT_DEV"."CON_CONTACT" ADD CONSTRAINT "CON_CONTACT_FK3" FOREIGN KEY ("FK_ADR_ADDRESS")
	  REFERENCES "FLIGHT_DEV"."ADR_ADDRESS" ("PK_ADR_ADDRESS") ENABLE;
--------------------------------------------------------
--  Ref Constraints for Table COST_COST_GRP
--------------------------------------------------------

  ALTER TABLE "FLIGHT_DEV"."COST_COST_GRP" ADD CONSTRAINT "COST_COST_GRP_FK1" FOREIGN KEY ("FK_MDT_MANDANT")
	  REFERENCES "FLIGHT_DEV"."MDT_MANDANT" ("PK_MDT_MANDANT") ENABLE;
--------------------------------------------------------
--  Ref Constraints for Table DOC_DOCUMENT
--------------------------------------------------------

  ALTER TABLE "FLIGHT_DEV"."DOC_DOCUMENT" ADD CONSTRAINT "DOC_DOCUMENT_FK1" FOREIGN KEY ("FK_MDT_MANDANT")
	  REFERENCES "FLIGHT_DEV"."MDT_MANDANT" ("PK_MDT_MANDANT") ENABLE;
  ALTER TABLE "FLIGHT_DEV"."DOC_DOCUMENT" ADD CONSTRAINT "DOC_DOCUMENT_FK2" FOREIGN KEY ("FK_DOC_DOCUMENT_TYPE")
	  REFERENCES "FLIGHT_DEV"."DOC_DOCUMENT_TYPE" ("PK_DOC_DOCUMENT_TYPE") ENABLE;
  ALTER TABLE "FLIGHT_DEV"."DOC_DOCUMENT" ADD CONSTRAINT "DOC_DOCUMENT_FK3" FOREIGN KEY ("FK_DOC_USAGE_TYPE")
	  REFERENCES "FLIGHT_DEV"."DOC_USAGE_TYPE" ("PK_DOC_USAGE_TYPE") ENABLE;
--------------------------------------------------------
--  Ref Constraints for Table DOC_DOCUMENT_TYPE
--------------------------------------------------------

  ALTER TABLE "FLIGHT_DEV"."DOC_DOCUMENT_TYPE" ADD CONSTRAINT "DOC_DOCUMENT_TYPE_FK1" FOREIGN KEY ("FK_MDT_MANDANT")
	  REFERENCES "FLIGHT_DEV"."MDT_MANDANT" ("PK_MDT_MANDANT") ENABLE;
--------------------------------------------------------
--  Ref Constraints for Table DOC_USAGE_TYPE
--------------------------------------------------------

  ALTER TABLE "FLIGHT_DEV"."DOC_USAGE_TYPE" ADD CONSTRAINT "DOC_USAGE_TYPE_FK1" FOREIGN KEY ("FK_MDT_MANDANT")
	  REFERENCES "FLIGHT_DEV"."MDT_MANDANT" ("PK_MDT_MANDANT") ENABLE;
--------------------------------------------------------
--  Ref Constraints for Table EMP
--------------------------------------------------------

  ALTER TABLE "FLIGHT_DEV"."EMP" ADD FOREIGN KEY ("MGR")
	  REFERENCES "FLIGHT_DEV"."EMP" ("EMPNO") ENABLE;
  ALTER TABLE "FLIGHT_DEV"."EMP" ADD FOREIGN KEY ("DEPTNO")
	  REFERENCES "FLIGHT_DEV"."DEPT" ("DEPTNO") ENABLE;
--------------------------------------------------------
--  Ref Constraints for Table FLI_FLIGHT
--------------------------------------------------------

  ALTER TABLE "FLIGHT_DEV"."FLI_FLIGHT" ADD CONSTRAINT "FLI_FLIGHT_FK1" FOREIGN KEY ("FK_MDT_MANDANT")
	  REFERENCES "FLIGHT_DEV"."MDT_MANDANT" ("PK_MDT_MANDANT") ENABLE;
--------------------------------------------------------
--  Ref Constraints for Table FLI_FLIGHT_COMMENTS
--------------------------------------------------------

  ALTER TABLE "FLIGHT_DEV"."FLI_FLIGHT_COMMENTS" ADD CONSTRAINT "FLI_FLIGHT_COMMENTS_CON1" FOREIGN KEY ("FK_MDT_MANDANT")
	  REFERENCES "FLIGHT_DEV"."MDT_MANDANT" ("PK_MDT_MANDANT") ENABLE;
  ALTER TABLE "FLIGHT_DEV"."FLI_FLIGHT_COMMENTS" ADD CONSTRAINT "FLI_FLIGHT_COMMENTS_CON2" FOREIGN KEY ("FK_FLI_FLIGHT")
	  REFERENCES "FLIGHT_DEV"."FLI_FLIGHT" ("PK_FLI_FLIGHT") ENABLE;
--------------------------------------------------------
--  Ref Constraints for Table FLI_FLIGHT_DISCOUNT_REASONS
--------------------------------------------------------

  ALTER TABLE "FLIGHT_DEV"."FLI_FLIGHT_DISCOUNT_REASONS" ADD CONSTRAINT "FLI_FLIGHT_DISCOUNT_REA_CON1" FOREIGN KEY ("FK_MDT_MANDANT")
	  REFERENCES "FLIGHT_DEV"."MDT_MANDANT" ("PK_MDT_MANDANT") ENABLE;
--------------------------------------------------------
--  Ref Constraints for Table FLI_FLIGHT_DISCOUNTS
--------------------------------------------------------

  ALTER TABLE "FLIGHT_DEV"."FLI_FLIGHT_DISCOUNTS" ADD CONSTRAINT "FLI_FLIGHT_DISCOUNTS_CON1" FOREIGN KEY ("FK_MDT_MANDANT")
	  REFERENCES "FLIGHT_DEV"."MDT_MANDANT" ("PK_MDT_MANDANT") ENABLE;
  ALTER TABLE "FLIGHT_DEV"."FLI_FLIGHT_DISCOUNTS" ADD CONSTRAINT "FLI_FLIGHT_DISCOUNTS_CON2" FOREIGN KEY ("FK_FLI_FLIGHT")
	  REFERENCES "FLIGHT_DEV"."FLI_FLIGHT" ("PK_FLI_FLIGHT") ENABLE;
  ALTER TABLE "FLIGHT_DEV"."FLI_FLIGHT_DISCOUNTS" ADD CONSTRAINT "FLI_FLIGHT_DISCOUNTS_CON4" FOREIGN KEY ("FK_CST_CUSTOMER")
	  REFERENCES "FLIGHT_DEV"."CON_CONTACT" ("PK_CON_CONTACT") ENABLE;
  ALTER TABLE "FLIGHT_DEV"."FLI_FLIGHT_DISCOUNTS" ADD CONSTRAINT "FLI_FLIGHT_DISCOUNTS_CON5" FOREIGN KEY ("FK_DISCOUNT_REASON")
	  REFERENCES "FLIGHT_DEV"."FLI_FLIGHT_DISCOUNT_REASONS" ("PK_FLI_FLIGHT_DISCOUNT_REASONS") ENABLE;
--------------------------------------------------------
--  Ref Constraints for Table GAL_GAIN_AND_LOSS
--------------------------------------------------------

  ALTER TABLE "FLIGHT_DEV"."GAL_GAIN_AND_LOSS" ADD CONSTRAINT "GAL_GAIN_AND_LOSS_CON" FOREIGN KEY ("FK_MDT_MANDANT")
	  REFERENCES "FLIGHT_DEV"."MDT_MANDANT" ("PK_MDT_MANDANT") ENABLE;
--------------------------------------------------------
--  Ref Constraints for Table HAN_HANGAR
--------------------------------------------------------

  ALTER TABLE "FLIGHT_DEV"."HAN_HANGAR" ADD CONSTRAINT "HAN_HANGAR_CON1" FOREIGN KEY ("FK_ADR_ADRESS")
	  REFERENCES "FLIGHT_DEV"."ADR_ADDRESS" ("PK_ADR_ADDRESS") ENABLE;
  ALTER TABLE "FLIGHT_DEV"."HAN_HANGAR" ADD CONSTRAINT "HAN_HANGAR_CON2" FOREIGN KEY ("FK_CON_CONTACT")
	  REFERENCES "FLIGHT_DEV"."CON_CONTACT" ("PK_CON_CONTACT") ENABLE;
--------------------------------------------------------
--  Ref Constraints for Table INV_INVOICE
--------------------------------------------------------

  ALTER TABLE "FLIGHT_DEV"."INV_INVOICE" ADD CONSTRAINT "INV_INVOICE_CON1" FOREIGN KEY ("FK_MDT_MANDANT")
	  REFERENCES "FLIGHT_DEV"."MDT_MANDANT" ("PK_MDT_MANDANT") ENABLE;
  ALTER TABLE "FLIGHT_DEV"."INV_INVOICE" ADD CONSTRAINT "INV_INVOICE_CON2" FOREIGN KEY ("FK_CST_CUSTOMER")
	  REFERENCES "FLIGHT_DEV"."CON_CONTACT" ("PK_CON_CONTACT") ENABLE;
  ALTER TABLE "FLIGHT_DEV"."INV_INVOICE" ADD CONSTRAINT "INV_INVOICE_CON3" FOREIGN KEY ("FK_INVOICE_TYPE")
	  REFERENCES "FLIGHT_DEV"."INV_INVOICE_TYPE" ("PK_INV_INVOICE_TYPE") ENABLE;
--------------------------------------------------------
--  Ref Constraints for Table INV_INVOICE_TYPE
--------------------------------------------------------

  ALTER TABLE "FLIGHT_DEV"."INV_INVOICE_TYPE" ADD CONSTRAINT "INV_INVOICE_TYPE_CON1" FOREIGN KEY ("FK_MDT_MANDANT")
	  REFERENCES "FLIGHT_DEV"."MDT_MANDANT" ("PK_MDT_MANDANT") ENABLE;
--------------------------------------------------------
--  Ref Constraints for Table LAN_LANDING
--------------------------------------------------------

  ALTER TABLE "FLIGHT_DEV"."LAN_LANDING" ADD CONSTRAINT "LAN_LANDING_CON1" FOREIGN KEY ("MDT_MANDANT")
	  REFERENCES "FLIGHT_DEV"."MDT_MANDANT" ("PK_MDT_MANDANT") ENABLE;
  ALTER TABLE "FLIGHT_DEV"."LAN_LANDING" ADD CONSTRAINT "LAN_LANDING_CON3" FOREIGN KEY ("FK_FLI_FLIGHT")
	  REFERENCES "FLIGHT_DEV"."FLI_FLIGHT" ("PK_FLI_FLIGHT") ENABLE;
--------------------------------------------------------
--  Ref Constraints for Table ORG_UNIT
--------------------------------------------------------

  ALTER TABLE "FLIGHT_DEV"."ORG_UNIT" ADD CONSTRAINT "ORG_UNIT_FK1" FOREIGN KEY ("FK_MDT_MANDANT")
	  REFERENCES "FLIGHT_DEV"."MDT_MANDANT" ("PK_MDT_MANDANT") ENABLE;
  ALTER TABLE "FLIGHT_DEV"."ORG_UNIT" ADD CONSTRAINT "ORG_UNIT_FK3" FOREIGN KEY ("FK_ORG_UNIT_TYPE")
	  REFERENCES "FLIGHT_DEV"."ORG_UNIT_TYPE" ("PK_ORG_UNIT_TYPE") ENABLE;
--------------------------------------------------------
--  Ref Constraints for Table ORG_UNIT_CHECK_OUT
--------------------------------------------------------

  ALTER TABLE "FLIGHT_DEV"."ORG_UNIT_CHECK_OUT" ADD CONSTRAINT "ORG_UNIT_CHECK_OUT_FK1" FOREIGN KEY ("FK_MDT_MANDANT")
	  REFERENCES "FLIGHT_DEV"."MDT_MANDANT" ("PK_MDT_MANDANT") ENABLE;
  ALTER TABLE "FLIGHT_DEV"."ORG_UNIT_CHECK_OUT" ADD CONSTRAINT "ORG_UNIT_CHECK_OUT_FK2" FOREIGN KEY ("FK_ORG_UNIT")
	  REFERENCES "FLIGHT_DEV"."ORG_UNIT" ("PK_ORG_UNIT") ENABLE;
--------------------------------------------------------
--  Ref Constraints for Table PAY_PAYMENT
--------------------------------------------------------

  ALTER TABLE "FLIGHT_DEV"."PAY_PAYMENT" ADD CONSTRAINT "PAY_PAYMENT_CON1" FOREIGN KEY ("FK_MDT_MANDANT")
	  REFERENCES "FLIGHT_DEV"."MDT_MANDANT" ("PK_MDT_MANDANT") ENABLE;
  ALTER TABLE "FLIGHT_DEV"."PAY_PAYMENT" ADD CONSTRAINT "PAY_PAYMENT_CON2" FOREIGN KEY ("FK_PAY_PAYMENT_TYPE")
	  REFERENCES "FLIGHT_DEV"."PAY_PAYMENT_TYPE" ("PK_PAY_PAYMENT_TYPE") ENABLE;
--------------------------------------------------------
--  Ref Constraints for Table PAY_PAYMENT_TYPE
--------------------------------------------------------

  ALTER TABLE "FLIGHT_DEV"."PAY_PAYMENT_TYPE" ADD CONSTRAINT "PAY_PAYMENT_TYPE_CON1" FOREIGN KEY ("FK_MDT_MANDANT")
	  REFERENCES "FLIGHT_DEV"."MDT_MANDANT" ("PK_MDT_MANDANT") ENABLE;
--------------------------------------------------------
--  Ref Constraints for Table PLA_ENGINE_TYPE
--------------------------------------------------------

  ALTER TABLE "FLIGHT_DEV"."PLA_ENGINE_TYPE" ADD CONSTRAINT "APL_ENGINE_TYPE_FK1" FOREIGN KEY ("FK_MDT_MANDANT")
	  REFERENCES "FLIGHT_DEV"."MDT_MANDANT" ("PK_MDT_MANDANT") ENABLE;
--------------------------------------------------------
--  Ref Constraints for Table REL_AIRPORT_LOCATION
--------------------------------------------------------

  ALTER TABLE "FLIGHT_DEV"."REL_AIRPORT_LOCATION" ADD CONSTRAINT "REL_AIRPORT_LOCATION_CON2" FOREIGN KEY ("FK_LOC_LOCATION")
	  REFERENCES "FLIGHT_DEV"."ADR_ADDRESS" ("PK_ADR_ADDRESS") ENABLE;
--------------------------------------------------------
--  Ref Constraints for Table REL_BORD_LOG_ENTRY_PAY
--------------------------------------------------------

  ALTER TABLE "FLIGHT_DEV"."REL_BORD_LOG_ENTRY_PAY" ADD CONSTRAINT "REL_BORD_LOG_ENTRY_PAY_FK1" FOREIGN KEY ("FK_MDT_MANDANT")
	  REFERENCES "FLIGHT_DEV"."MDT_MANDANT" ("PK_MDT_MANDANT") ENABLE;
  ALTER TABLE "FLIGHT_DEV"."REL_BORD_LOG_ENTRY_PAY" ADD CONSTRAINT "REL_BORD_LOG_ENTRY_PAY_FK3" FOREIGN KEY ("FK_PAY_PAYMENT")
	  REFERENCES "FLIGHT_DEV"."PAY_PAYMENT" ("PK_PAY_PAYMENT") ENABLE;
--------------------------------------------------------
--  Ref Constraints for Table REL_CONTACT_ADDRESS
--------------------------------------------------------

  ALTER TABLE "FLIGHT_DEV"."REL_CONTACT_ADDRESS" ADD CONSTRAINT "REL_CONTACT_ADDRESS_FK1" FOREIGN KEY ("FK_CON_CONTACT")
	  REFERENCES "FLIGHT_DEV"."CON_CONTACT" ("PK_CON_CONTACT") ENABLE;
  ALTER TABLE "FLIGHT_DEV"."REL_CONTACT_ADDRESS" ADD CONSTRAINT "REL_CONTACT_ADDRESS_FK2" FOREIGN KEY ("FK_ADR_ADDRESS")
	  REFERENCES "FLIGHT_DEV"."ADR_ADDRESS" ("PK_ADR_ADDRESS") ENABLE;
  ALTER TABLE "FLIGHT_DEV"."REL_CONTACT_ADDRESS" ADD CONSTRAINT "REL_CONTACT_ADDRESS_FK3" FOREIGN KEY ("FK_ADR_COUNTRY")
	  REFERENCES "FLIGHT_DEV"."ADR_COUNTRY" ("PK_ADR_COUNTRY") ENABLE;
  ALTER TABLE "FLIGHT_DEV"."REL_CONTACT_ADDRESS" ADD CONSTRAINT "REL_CONTACT_ADDRESS_FK4" FOREIGN KEY ("FK_MDT_MANDANT")
	  REFERENCES "FLIGHT_DEV"."MDT_MANDANT" ("PK_MDT_MANDANT") ENABLE;
--------------------------------------------------------
--  Ref Constraints for Table REL_CONTACT_BANKACCOUNT
--------------------------------------------------------

  ALTER TABLE "FLIGHT_DEV"."REL_CONTACT_BANKACCOUNT" ADD CONSTRAINT "REL_CONTACT_BANKACCOUNT_FK1" FOREIGN KEY ("FK_MDT_MANDANT")
	  REFERENCES "FLIGHT_DEV"."MDT_MANDANT" ("PK_MDT_MANDANT") ENABLE;
  ALTER TABLE "FLIGHT_DEV"."REL_CONTACT_BANKACCOUNT" ADD CONSTRAINT "REL_CONTACT_BANKACCOUNT_FK3" FOREIGN KEY ("FK_CON_CONTACT")
	  REFERENCES "FLIGHT_DEV"."CON_CONTACT" ("PK_CON_CONTACT") ENABLE;
--------------------------------------------------------
--  Ref Constraints for Table REL_DOC_CONTACT
--------------------------------------------------------

  ALTER TABLE "FLIGHT_DEV"."REL_DOC_CONTACT" ADD CONSTRAINT "REL_DOC_CONTACT_FK1" FOREIGN KEY ("FK_MDT_MANDANT")
	  REFERENCES "FLIGHT_DEV"."MDT_MANDANT" ("PK_MDT_MANDANT") ENABLE;
  ALTER TABLE "FLIGHT_DEV"."REL_DOC_CONTACT" ADD CONSTRAINT "REL_DOC_CONTACT_FK2" FOREIGN KEY ("FK_DOC_DOCUMENT")
	  REFERENCES "FLIGHT_DEV"."DOC_DOCUMENT" ("PK_DOC_DOCUMENT") ENABLE;
  ALTER TABLE "FLIGHT_DEV"."REL_DOC_CONTACT" ADD CONSTRAINT "REL_DOC_CONTACT_FK3" FOREIGN KEY ("FK_CON_CONTACT")
	  REFERENCES "FLIGHT_DEV"."CON_CONTACT" ("PK_CON_CONTACT") ENABLE;
--------------------------------------------------------
--  Ref Constraints for Table REL_DOC_FLIGHT
--------------------------------------------------------

  ALTER TABLE "FLIGHT_DEV"."REL_DOC_FLIGHT" ADD CONSTRAINT "REL_DOC_FLIGHT_FK1" FOREIGN KEY ("FK_MDT_MANDANT")
	  REFERENCES "FLIGHT_DEV"."MDT_MANDANT" ("PK_MDT_MANDANT") ENABLE;
  ALTER TABLE "FLIGHT_DEV"."REL_DOC_FLIGHT" ADD CONSTRAINT "REL_DOC_FLIGHT_FK2" FOREIGN KEY ("FK_DOC_DOCUMENT")
	  REFERENCES "FLIGHT_DEV"."DOC_DOCUMENT" ("PK_DOC_DOCUMENT") ENABLE;
  ALTER TABLE "FLIGHT_DEV"."REL_DOC_FLIGHT" ADD CONSTRAINT "REL_DOC_FLIGHT_FK3" FOREIGN KEY ("FK_FLI_FLIGHT")
	  REFERENCES "FLIGHT_DEV"."FLI_FLIGHT" ("PK_FLI_FLIGHT") ENABLE;
--------------------------------------------------------
--  Ref Constraints for Table REL_DOC_HANGAR
--------------------------------------------------------

  ALTER TABLE "FLIGHT_DEV"."REL_DOC_HANGAR" ADD CONSTRAINT "REL_DOC_HANGAR_FK1" FOREIGN KEY ("FK_MDT_MANDANT")
	  REFERENCES "FLIGHT_DEV"."MDT_MANDANT" ("PK_MDT_MANDANT") ENABLE;
  ALTER TABLE "FLIGHT_DEV"."REL_DOC_HANGAR" ADD CONSTRAINT "REL_DOC_HANGAR_FK2" FOREIGN KEY ("FK_DOC_DOCUMENT")
	  REFERENCES "FLIGHT_DEV"."DOC_DOCUMENT" ("PK_DOC_DOCUMENT") ENABLE;
  ALTER TABLE "FLIGHT_DEV"."REL_DOC_HANGAR" ADD CONSTRAINT "REL_DOC_HANGAR_FK3" FOREIGN KEY ("FK_HAN_HANGAR")
	  REFERENCES "FLIGHT_DEV"."HAN_HANGAR" ("PK_HAN_HANGAR") ENABLE;
--------------------------------------------------------
--  Ref Constraints for Table REL_DOC_PLANE
--------------------------------------------------------

  ALTER TABLE "FLIGHT_DEV"."REL_DOC_PLANE" ADD CONSTRAINT "REL_DOC_PLANE_FK1" FOREIGN KEY ("FK_MDT_MANDANT")
	  REFERENCES "FLIGHT_DEV"."MDT_MANDANT" ("PK_MDT_MANDANT") ENABLE;
  ALTER TABLE "FLIGHT_DEV"."REL_DOC_PLANE" ADD CONSTRAINT "REL_DOC_PLANE_FK2" FOREIGN KEY ("FK_DOC_DOCUMENT")
	  REFERENCES "FLIGHT_DEV"."DOC_DOCUMENT" ("PK_DOC_DOCUMENT") ENABLE;
--------------------------------------------------------
--  Ref Constraints for Table REL_DOC_TYPE_USAGE_TYPE
--------------------------------------------------------

  ALTER TABLE "FLIGHT_DEV"."REL_DOC_TYPE_USAGE_TYPE" ADD CONSTRAINT "REL_DOC_TYPE_USAGE_TYPE_FK1" FOREIGN KEY ("FK_DOC_DOCUMENT_TYPE")
	  REFERENCES "FLIGHT_DEV"."DOC_DOCUMENT_TYPE" ("PK_DOC_DOCUMENT_TYPE") ENABLE;
  ALTER TABLE "FLIGHT_DEV"."REL_DOC_TYPE_USAGE_TYPE" ADD CONSTRAINT "REL_DOC_TYPE_USAGE_TYPE_FK2" FOREIGN KEY ("FK_DOC_USAGE_TYPE")
	  REFERENCES "FLIGHT_DEV"."DOC_USAGE_TYPE" ("PK_DOC_USAGE_TYPE") ENABLE;
--------------------------------------------------------
--  Ref Constraints for Table REL_INV_PL_FLI_CH
--------------------------------------------------------

  ALTER TABLE "FLIGHT_DEV"."REL_INV_PL_FLI_CH" ADD CONSTRAINT "REL_INV_PL_FLI_CH_FK1" FOREIGN KEY ("FK_MDT_MANDANT")
	  REFERENCES "FLIGHT_DEV"."MDT_MANDANT" ("PK_MDT_MANDANT") ENABLE;
  ALTER TABLE "FLIGHT_DEV"."REL_INV_PL_FLI_CH" ADD CONSTRAINT "REL_INV_PL_FLI_CH_FK2" FOREIGN KEY ("FK_INV_INVOICE")
	  REFERENCES "FLIGHT_DEV"."INV_INVOICE" ("PK_INV_INVOICE") ENABLE;
  ALTER TABLE "FLIGHT_DEV"."REL_INV_PL_FLI_CH" ADD CONSTRAINT "REL_INV_PL_FLI_CH_FK4" FOREIGN KEY ("FK_FLI_FLIGHT")
	  REFERENCES "FLIGHT_DEV"."FLI_FLIGHT" ("PK_FLI_FLIGHT") ENABLE;
  ALTER TABLE "FLIGHT_DEV"."REL_INV_PL_FLI_CH" ADD CONSTRAINT "REL_INV_PL_FLI_CH_FK5" FOREIGN KEY ("FK_CST_CUSTOMER")
	  REFERENCES "FLIGHT_DEV"."CON_CONTACT" ("PK_CON_CONTACT") ENABLE;
  ALTER TABLE "FLIGHT_DEV"."REL_INV_PL_FLI_CH" ADD CONSTRAINT "REL_INV_PL_FLI_CH_FK6" FOREIGN KEY ("FK_REL_PLANE_FLIGHT")
	  REFERENCES "FLIGHT_DEV"."REL_PLANE_FLIGHT" ("PK_PLANE_FLIGHT") ENABLE;
  ALTER TABLE "FLIGHT_DEV"."REL_INV_PL_FLI_CH" ADD CONSTRAINT "REL_INV_PL_FLI_CH_FK7" FOREIGN KEY ("FK_REL_PLANE_FLIGHT_CHARTERER")
	  REFERENCES "FLIGHT_DEV"."REL_PLANE_FLIGHT_CHARTERER" ("PK_REL_PLANE_FLIGHT_CHARTERER") ENABLE;
--------------------------------------------------------
--  Ref Constraints for Table REL_ORG_UNIT_CON
--------------------------------------------------------

  ALTER TABLE "FLIGHT_DEV"."REL_ORG_UNIT_CON" ADD CONSTRAINT "REL_ORG_UNIT_CONTACT_FK1" FOREIGN KEY ("FK_MDT_MANDANT")
	  REFERENCES "FLIGHT_DEV"."MDT_MANDANT" ("PK_MDT_MANDANT") ENABLE;
  ALTER TABLE "FLIGHT_DEV"."REL_ORG_UNIT_CON" ADD CONSTRAINT "REL_ORG_UNIT_CONTACT_FK2" FOREIGN KEY ("FK_ORG_UNIT")
	  REFERENCES "FLIGHT_DEV"."ORG_UNIT" ("PK_ORG_UNIT") ENABLE;
  ALTER TABLE "FLIGHT_DEV"."REL_ORG_UNIT_CON" ADD CONSTRAINT "REL_ORG_UNIT_CONTACT_FK3" FOREIGN KEY ("FK_CON_CONTACT")
	  REFERENCES "FLIGHT_DEV"."CON_CONTACT" ("PK_CON_CONTACT") ENABLE;
--------------------------------------------------------
--  Ref Constraints for Table REL_PAY_PLANE_FLI_CH
--------------------------------------------------------

  ALTER TABLE "FLIGHT_DEV"."REL_PAY_PLANE_FLI_CH" ADD CONSTRAINT "REL_PAY_PLANE_FLI_CH_FK1" FOREIGN KEY ("FK_MDT_MANDANT")
	  REFERENCES "FLIGHT_DEV"."MDT_MANDANT" ("PK_MDT_MANDANT") ENABLE;
  ALTER TABLE "FLIGHT_DEV"."REL_PAY_PLANE_FLI_CH" ADD CONSTRAINT "REL_PAY_PLANE_FLI_CH_FK2" FOREIGN KEY ("FK_PAY_PAYMENT")
	  REFERENCES "FLIGHT_DEV"."PAY_PAYMENT" ("PK_PAY_PAYMENT") ENABLE;
  ALTER TABLE "FLIGHT_DEV"."REL_PAY_PLANE_FLI_CH" ADD CONSTRAINT "REL_PAY_PLANE_FLI_CH_FK4" FOREIGN KEY ("FK_FLI_FLIGHT")
	  REFERENCES "FLIGHT_DEV"."FLI_FLIGHT" ("PK_FLI_FLIGHT") ENABLE;
  ALTER TABLE "FLIGHT_DEV"."REL_PAY_PLANE_FLI_CH" ADD CONSTRAINT "REL_PAY_PLANE_FLI_CH_FK5" FOREIGN KEY ("FK_CST_CUSTOMER")
	  REFERENCES "FLIGHT_DEV"."CON_CONTACT" ("PK_CON_CONTACT") ENABLE;
  ALTER TABLE "FLIGHT_DEV"."REL_PAY_PLANE_FLI_CH" ADD CONSTRAINT "REL_PAY_PLANE_FLI_CH_FK6" FOREIGN KEY ("FK_REL_PLANE_FLIGHT_CHARTERER")
	  REFERENCES "FLIGHT_DEV"."REL_PLANE_FLIGHT_CHARTERER" ("PK_REL_PLANE_FLIGHT_CHARTERER") ENABLE;
  ALTER TABLE "FLIGHT_DEV"."REL_PAY_PLANE_FLI_CH" ADD CONSTRAINT "REL_PAY_PLANE_FLI_CH_FK7" FOREIGN KEY ("FK_REL_PLANE_FLIGHT")
	  REFERENCES "FLIGHT_DEV"."REL_PLANE_FLIGHT" ("PK_PLANE_FLIGHT") ENABLE;
--------------------------------------------------------
--  Ref Constraints for Table REL_PLANE_FLIGHT
--------------------------------------------------------

  ALTER TABLE "FLIGHT_DEV"."REL_PLANE_FLIGHT" ADD CONSTRAINT "REL_PLANE_FLIGHT_FK1" FOREIGN KEY ("FK_MDT_MANDANT")
	  REFERENCES "FLIGHT_DEV"."MDT_MANDANT" ("PK_MDT_MANDANT") ENABLE;
  ALTER TABLE "FLIGHT_DEV"."REL_PLANE_FLIGHT" ADD CONSTRAINT "REL_PLANE_FLIGHT_FK3" FOREIGN KEY ("FK_FLI_FLIGHT")
	  REFERENCES "FLIGHT_DEV"."FLI_FLIGHT" ("PK_FLI_FLIGHT") ENABLE;
--------------------------------------------------------
--  Ref Constraints for Table REL_PLANE_FLIGHT_CHARTERER
--------------------------------------------------------

  ALTER TABLE "FLIGHT_DEV"."REL_PLANE_FLIGHT_CHARTERER" ADD CONSTRAINT "REL_PLANE_FLIGHT_CHARTERE_FK1" FOREIGN KEY ("FK_MDT_MANDANT")
	  REFERENCES "FLIGHT_DEV"."MDT_MANDANT" ("PK_MDT_MANDANT") ENABLE;
  ALTER TABLE "FLIGHT_DEV"."REL_PLANE_FLIGHT_CHARTERER" ADD CONSTRAINT "REL_PLANE_FLIGHT_CHARTERE_FK2" FOREIGN KEY ("FK_REL_PLANE_FLIGHT")
	  REFERENCES "FLIGHT_DEV"."REL_PLANE_FLIGHT" ("PK_PLANE_FLIGHT") ENABLE;
  ALTER TABLE "FLIGHT_DEV"."REL_PLANE_FLIGHT_CHARTERER" ADD CONSTRAINT "REL_PLANE_FLIGHT_CHARTERE_FK3" FOREIGN KEY ("FK_CST_CUSTOMER")
	  REFERENCES "FLIGHT_DEV"."CON_CONTACT" ("PK_CON_CONTACT") ENABLE;
--------------------------------------------------------
--  Ref Constraints for Table RES_RESERVATION
--------------------------------------------------------

  ALTER TABLE "FLIGHT_DEV"."RES_RESERVATION" ADD CONSTRAINT "RES_RESERVATION_FK1" FOREIGN KEY ("FK_MDT_MANDANT")
	  REFERENCES "FLIGHT_DEV"."MDT_MANDANT" ("PK_MDT_MANDANT") ENABLE;
  ALTER TABLE "FLIGHT_DEV"."RES_RESERVATION" ADD CONSTRAINT "RES_RESERVATION_FK3" FOREIGN KEY ("FK_CST_CUSTOMER")
	  REFERENCES "FLIGHT_DEV"."CON_CONTACT" ("PK_CON_CONTACT") ENABLE;
